$MeshFormat
4.1 0 8
$EndMeshFormat
$Entities
5 5 1 0
1 0 0 0 0 
2 1 0 0 0 
3 0 1 0 0 
4 1 1 0 0 
5 0.7 0.5 0 0 
1 -9.999999994736442e-08 -1e-07 -1e-07 1.0000001 1e-07 1e-07 0 2 1 -2 
2 -1e-07 -9.999999994736442e-08 -1e-07 1e-07 1.0000001 1e-07 0 2 3 -1 
3 0.9999999000000001 -9.999999994736442e-08 -1e-07 1.0000001 1.0000001 1e-07 0 2 2 -4 
4 -9.999999994736442e-08 0.9999999000000001 -1e-07 1.0000001 1.0000001 1e-07 0 2 4 -3 
5 0.2999999 0.2999999 -1e-07 0.7000000999999999 0.7000000999999999 1e-07 0 2 5 -5 
1 -9.999999994736442e-08 -9.999999994736442e-08 -1e-07 1.0000001 1.0000001 1e-07 0 5 1 3 4 2 -5 
$EndEntities
$Nodes
11 1787 1 1787
0 1 0 1
1
0 0 0
0 2 0 1
2
1 0 0
0 3 0 1
3
0 1 0
0 4 0 1
4
1 1 0
0 5 0 1
5
0.7 0.5 0
1 1 0 39
6
7
8
9
10
11
12
13
14
15
16
17
18
19
20
21
22
23
24
25
26
27
28
29
30
31
32
33
34
35
36
37
38
39
40
41
42
43
44
0.025 0 0
0.05 0 0
0.075 0 0
0.1 0 0
0.125 0 0
0.15 0 0
0.175 0 0
0.2 0 0
0.225 0 0
0.25 0 0
0.275 0 0
0.3 0 0
0.325 0 0
0.35 0 0
0.375 0 0
0.4 0 0
0.425 0 0
0.45 0 0
0.475 0 0
0.5 0 0
0.525 0 0
0.55 0 0
0.575 0 0
0.6 0 0
0.625 0 0
0.65 0 0
0.675 0 0
0.7 0 0
0.725 0 0
0.75 0 0
0.775 0 0
0.8 0 0
0.825 0 0
0.85 0 0
0.875 0 0
0.9 0 0
0.925 0 0
0.95 0 0
0.975 0 0
1 2 0 39
45
46
47
48
49
50
51
52
53
54
55
56
57
58
59
60
61
62
63
64
65
66
67
68
69
70
71
72
73
74
75
76
77
78
79
80
81
82
83
0 0.975 0
0 0.95 0
0 0.925 0
0 0.9 0
0 0.875 0
0 0.85 0
0 0.825 0
0 0.8 0
0 0.775 0
0 0.75 0
0 0.725 0
0 0.7 0
0 0.675 0
0 0.65 0
0 0.625 0
0 0.6 0
0 0.575 0
0 0.55 0
0 0.525 0
0 0.5 0
0 0.475 0
0 0.45 0
0 0.425 0
0 0.4 0
0 0.375 0
0 0.35 0
0 0.325 0
0 0.3 0
0 0.275 0
0 0.25 0
0 0.225 0
0 0.2 0
0 0.175 0
0 0.15 0
0 0.125 0
0 0.09999999999999998 0
0 0.07499999999999996 0
0 0.05000000000000004 0
0 0.02500000000000002 0
1 3 0 39
84
85
86
87
88
89
90
91
92
93
94
95
96
97
98
99
100
101
102
103
104
105
106
107
108
109
110
111
112
113
114
115
116
117
118
119
120
121
122
1 0.025 0
1 0.05 0
1 0.075 0
1 0.1 0
1 0.125 0
1 0.15 0
1 0.175 0
1 0.2 0
1 0.225 0
1 0.25 0
1 0.275 0
1 0.3 0
1 0.325 0
1 0.35 0
1 0.375 0
1 0.4 0
1 0.425 0
1 0.45 0
1 0.475 0
1 0.5 0
1 0.525 0
1 0.55 0
1 0.575 0
1 0.6 0
1 0.625 0
1 0.65 0
1 0.675 0
1 0.7 0
1 0.725 0
1 0.75 0
1 0.775 0
1 0.8 0
1 0.825 0
1 0.85 0
1 0.875 0
1 0.9 0
1 0.925 0
1 0.95 0
1 0.975 0
1 4 0 39
123
124
125
126
127
128
129
130
131
132
133
134
135
136
137
138
139
140
141
142
143
144
145
146
147
148
149
150
151
152
153
154
155
156
157
158
159
160
161
0.975 1 0
0.95 1 0
0.925 1 0
0.9 1 0
0.875 1 0
0.85 1 0
0.825 1 0
0.8 1 0
0.775 1 0
0.75 1 0
0.725 1 0
0.7 1 0
0.675 1 0
0.65 1 0
0.625 1 0
0.6 1 0
0.575 1 0
0.55 1 0
0.525 1 0
0.5 1 0
0.475 1 0
0.45 1 0
0.425 1 0
0.4 1 0
0.375 1 0
0.35 1 0
0.325 1 0
0.3 1 0
0.275 1 0
0.25 1 0
0.225 1 0
0.2 1 0
0.175 1 0
0.15 1 0
0.125 1 0
0.09999999999999998 1 0
0.07499999999999996 1 0
0.05000000000000004 1 0
0.02500000000000002 1 0
1 5 0 50
162
163
164
165
166
167
168
169
170
171
172
173
174
175
176
177
178
179
180
181
182
183
184
185
186
187
188
189
190
191
192
193
194
195
196
197
198
199
200
201
202
203
204
205
206
207
208
209
210
211
0.6984841019343871 0.5245776581329429 0
0.6939593872070019 0.5487827440216755 0
0.6864944458808712 0.5722483332374306 0
0.6762024388571569 0.594618711367202 0
0.6632393824712444 0.6155547662816503 0
0.6478017834441319 0.6347391287293115 0
0.6301236600408484 0.6518809833309415 0
0.6104729945921012 0.6667204770442239 0
0.5891476711553076 0.6790326582710124 0
0.5664709598959319 0.6886308868942554 0
0.5427866166412996 0.6953696635519202 0
0.5184536718926605 0.6991468352590069 0
0.4938409882887659 0.6999051439426732 0
0.4693216690242629 0.6976330944162519 0
0.4452674019855835 0.6923651286345638 0
0.4220428253414641 0.6841811035889908 0
0.4 0.6732050807568878 0
0.3794730727241488 0.659603445456048 0
0.3607732108074146 0.6435823846128884 0
0.3441838850948659 0.6253847611788212 0
0.3299565728540772 0.6052864325754712 0
0.3183069456360953 0.5835920689773567 0
0.3094115999145687 0.5606305348226087 0
0.3034053800632196 0.5367499035633141 0
0.3003793342525912 0.5123121812267886 0
0.3003793342525912 0.4876878187732115 0
0.3034053800632196 0.463250096436686 0
0.3094115999145687 0.4393694651773913 0
0.3183069456360952 0.4164079310226433 0
0.3299565728540771 0.3947135674245289 0
0.3441838850948659 0.3746152388211788 0
0.3607732108074146 0.3564176153871116 0
0.3794730727241487 0.3403965545439521 0
0.3999999999999999 0.3267949192431123 0
0.4220428253414641 0.3158188964110092 0
0.4452674019855833 0.3076348713654362 0
0.4693216690242628 0.3023669055837481 0
0.4938409882887659 0.3000948560573268 0
0.5184536718926603 0.3008531647409931 0
0.5427866166412996 0.3046303364480799 0
0.5664709598959319 0.3113691131057444 0
0.5891476711553075 0.3209673417289874 0
0.6104729945921011 0.3332795229557761 0
0.6301236600408484 0.3481190166690585 0
0.6478017834441319 0.3652608712706886 0
0.6632393824712444 0.3844452337183497 0
0.6762024388571568 0.4053812886327979 0
0.6864944458808712 0.4277516667625694 0
0.6939593872070019 0.4512172559783245 0
0.6984841019343871 0.4754223418670572 0
2 1 0 1576
212
213
214
215
216
217
218
219
220
221
222
223
224
225
226
227
228
229
230
231
232
233
234
235
236
237
238
239
240
241
242
243
244
245
246
247
248
249
250
251
252
253
254
255
256
257
258
259
260
261
262
263
264
265
266
267
268
269
270
271
272
273
274
275
276
277
278
279
280
281
282
283
284
285
286
287
288
289
290
291
292
293
294
295
296
297
298
299
300
301
302
303
304
305
306
307
308
309
310
311
312
313
314
315
316
317
318
319
320
321
322
323
324
325
326
327
328
329
330
331
332
333
334
335
336
337
338
339
340
341
342
343
344
345
346
347
348
349
350
351
352
353
354
355
356
357
358
359
360
361
362
363
364
365
366
367
368
369
370
371
372
373
374
375
376
377
378
379
380
381
382
383
384
385
386
387
388
389
390
391
392
393
394
395
396
397
398
399
400
401
402
403
404
405
406
407
408
409
410
411
412
413
414
415
416
417
418
419
420
421
422
423
424
425
426
427
428
429
430
431
432
433
434
435
436
437
438
439
440
441
442
443
444
445
446
447
448
449
450
451
452
453
454
455
456
457
458
459
460
461
462
463
464
465
466
467
468
469
470
471
472
473
474
475
476
477
478
479
480
481
482
483
484
485
486
487
488
489
490
491
492
493
494
495
496
497
498
499
500
501
502
503
504
505
506
507
508
509
510
511
512
513
514
515
516
517
518
519
520
521
522
523
524
525
526
527
528
529
530
531
532
533
534
535
536
537
538
539
540
541
542
543
544
545
546
547
548
549
550
551
552
553
554
555
556
557
558
559
560
561
562
563
564
565
566
567
568
569
570
571
572
573
574
575
576
577
578
579
580
581
582
583
584
585
586
587
588
589
590
591
592
593
594
595
596
597
598
599
600
601
602
603
604
605
606
607
608
609
610
611
612
613
614
615
616
617
618
619
620
621
622
623
624
625
626
627
628
629
630
631
632
633
634
635
636
637
638
639
640
641
642
643
644
645
646
647
648
649
650
651
652
653
654
655
656
657
658
659
660
661
662
663
664
665
666
667
668
669
670
671
672
673
674
675
676
677
678
679
680
681
682
683
684
685
686
687
688
689
690
691
692
693
694
695
696
697
698
699
700
701
702
703
704
705
706
707
708
709
710
711
712
713
714
715
716
717
718
719
720
721
722
723
724
725
726
727
728
729
730
731
732
733
734
735
736
737
738
739
740
741
742
743
744
745
746
747
748
749
750
751
752
753
754
755
756
757
758
759
760
761
762
763
764
765
766
767
768
769
770
771
772
773
774
775
776
777
778
779
780
781
782
783
784
785
786
787
788
789
790
791
792
793
794
795
796
797
798
799
800
801
802
803
804
805
806
807
808
809
810
811
812
813
814
815
816
817
818
819
820
821
822
823
824
825
826
827
828
829
830
831
832
833
834
835
836
837
838
839
840
841
842
843
844
845
846
847
848
849
850
851
852
853
854
855
856
857
858
859
860
861
862
863
864
865
866
867
868
869
870
871
872
873
874
875
876
877
878
879
880
881
882
883
884
885
886
887
888
889
890
891
892
893
894
895
896
897
898
899
900
901
902
903
904
905
906
907
908
909
910
911
912
913
914
915
916
917
918
919
920
921
922
923
924
925
926
927
928
929
930
931
932
933
934
935
936
937
938
939
940
941
942
943
944
945
946
947
948
949
950
951
952
953
954
955
956
957
958
959
960
961
962
963
964
965
966
967
968
969
970
971
972
973
974
975
976
977
978
979
980
981
982
983
984
985
986
987
988
989
990
991
992
993
994
995
996
997
998
999
1000
1001
1002
1003
1004
1005
1006
1007
1008
1009
1010
1011
1012
1013
1014
1015
1016
1017
1018
1019
1020
1021
1022
1023
1024
1025
1026
1027
1028
1029
1030
1031
1032
1033
1034
1035
1036
1037
1038
1039
1040
1041
1042
1043
1044
1045
1046
1047
1048
1049
1050
1051
1052
1053
1054
1055
1056
1057
1058
1059
1060
1061
1062
1063
1064
1065
1066
1067
1068
1069
1070
1071
1072
1073
1074
1075
1076
1077
1078
1079
1080
1081
1082
1083
1084
1085
1086
1087
1088
1089
1090
1091
1092
1093
1094
1095
1096
1097
1098
1099
1100
1101
1102
1103
1104
1105
1106
1107
1108
1109
1110
1111
1112
1113
1114
1115
1116
1117
1118
1119
1120
1121
1122
1123
1124
1125
1126
1127
1128
1129
1130
1131
1132
1133
1134
1135
1136
1137
1138
1139
1140
1141
1142
1143
1144
1145
1146
1147
1148
1149
1150
1151
1152
1153
1154
1155
1156
1157
1158
1159
1160
1161
1162
1163
1164
1165
1166
1167
1168
1169
1170
1171
1172
1173
1174
1175
1176
1177
1178
1179
1180
1181
1182
1183
1184
1185
1186
1187
1188
1189
1190
1191
1192
1193
1194
1195
1196
1197
1198
1199
1200
1201
1202
1203
1204
1205
1206
1207
1208
1209
1210
1211
1212
1213
1214
1215
1216
1217
1218
1219
1220
1221
1222
1223
1224
1225
1226
1227
1228
1229
1230
1231
1232
1233
1234
1235
1236
1237
1238
1239
1240
1241
1242
1243
1244
1245
1246
1247
1248
1249
1250
1251
1252
1253
1254
1255
1256
1257
1258
1259
1260
1261
1262
1263
1264
1265
1266
1267
1268
1269
1270
1271
1272
1273
1274
1275
1276
1277
1278
1279
1280
1281
1282
1283
1284
1285
1286
1287
1288
1289
1290
1291
1292
1293
1294
1295
1296
1297
1298
1299
1300
1301
1302
1303
1304
1305
1306
1307
1308
1309
1310
1311
1312
1313
1314
1315
1316
1317
1318
1319
1320
1321
1322
1323
1324
1325
1326
1327
1328
1329
1330
1331
1332
1333
1334
1335
1336
1337
1338
1339
1340
1341
1342
1343
1344
1345
1346
1347
1348
1349
1350
1351
1352
1353
1354
1355
1356
1357
1358
1359
1360
1361
1362
1363
1364
1365
1366
1367
1368
1369
1370
1371
1372
1373
1374
1375
1376
1377
1378
1379
1380
1381
1382
1383
1384
1385
1386
1387
1388
1389
1390
1391
1392
1393
1394
1395
1396
1397
1398
1399
1400
1401
1402
1403
1404
1405
1406
1407
1408
1409
1410
1411
1412
1413
1414
1415
1416
1417
1418
1419
1420
1421
1422
1423
1424
1425
1426
1427
1428
1429
1430
1431
1432
1433
1434
1435
1436
1437
1438
1439
1440
1441
1442
1443
1444
1445
1446
1447
1448
1449
1450
1451
1452
1453
1454
1455
1456
1457
1458
1459
1460
1461
1462
1463
1464
1465
1466
1467
1468
1469
1470
1471
1472
1473
1474
1475
1476
1477
1478
1479
1480
1481
1482
1483
1484
1485
1486
1487
1488
1489
1490
1491
1492
1493
1494
1495
1496
1497
1498
1499
1500
1501
1502
1503
1504
1505
1506
1507
1508
1509
1510
1511
1512
1513
1514
1515
1516
1517
1518
1519
1520
1521
1522
1523
1524
1525
1526
1527
1528
1529
1530
1531
1532
1533
1534
1535
1536
1537
1538
1539
1540
1541
1542
1543
1544
1545
1546
1547
1548
1549
1550
1551
1552
1553
1554
1555
1556
1557
1558
1559
1560
1561
1562
1563
1564
1565
1566
1567
1568
1569
1570
1571
1572
1573
1574
1575
1576
1577
1578
1579
1580
1581
1582
1583
1584
1585
1586
1587
1588
1589
1590
1591
1592
1593
1594
1595
1596
1597
1598
1599
1600
1601
1602
1603
1604
1605
1606
1607
1608
1609
1610
1611
1612
1613
1614
1615
1616
1617
1618
1619
1620
1621
1622
1623
1624
1625
1626
1627
1628
1629
1630
1631
1632
1633
1634
1635
1636
1637
1638
1639
1640
1641
1642
1643
1644
1645
1646
1647
1648
1649
1650
1651
1652
1653
1654
1655
1656
1657
1658
1659
1660
1661
1662
1663
1664
1665
1666
1667
1668
1669
1670
1671
1672
1673
1674
1675
1676
1677
1678
1679
1680
1681
1682
1683
1684
1685
1686
1687
1688
1689
1690
1691
1692
1693
1694
1695
1696
1697
1698
1699
1700
1701
1702
1703
1704
1705
1706
1707
1708
1709
1710
1711
1712
1713
1714
1715
1716
1717
1718
1719
1720
1721
1722
1723
1724
1725
1726
1727
1728
1729
1730
1731
1732
1733
1734
1735
1736
1737
1738
1739
1740
1741
1742
1743
1744
1745
1746
1747
1748
1749
1750
1751
1752
1753
1754
1755
1756
1757
1758
1759
1760
1761
1762
1763
1764
1765
1766
1767
1768
1769
1770
1771
1772
1773
1774
1775
1776
1777
1778
1779
1780
1781
1782
1783
1784
1785
1786
1787
0.7866317219620445 0.02116289737279742 0
0.7871443398055753 0.9781689842912638 0
0.02255939492597986 0.2102340962524032 0
0.02160783297442392 0.7875855782343197 0
0.2353725013117255 0.02220079267070152 0
0.2353180428300117 0.9762716506504182 0
0.9794675249777844 0.2370666915354393 0
0.978349364905389 0.7625 0
0.654526512320086 0.3362199858782308 0
0.6538080032954808 0.658619759988606 0
0.3374008017249782 0.6494467363902016 0
0.3367189437687352 0.3511496496054236 0
0.6883538141037981 0.02115857946019051 0
0.6874181234163559 0.9783211294644704 0
0.4035747547382975 0.3028428885952908 0
0.4023114190048355 0.6965370800206226 0
0.02024407786580773 0.6863084175923957 0
0.02121367073743924 0.3117418867297689 0
0.9783513322437065 0.3375159249035146 0
0.978414917582715 0.6611546442194969 0
0.5864407371263062 0.2976218924635526 0
0.5862833008484232 0.7035962744941694 0
0.2939952406674999 0.4204304388885023 0
0.2952166262370292 0.5798159714617257 0
0.3375000332066098 0.02103068115700096 0
0.3385836626895929 0.9777811086178604 0
0.6999331456991575 0.4065191753554627 0
0.6974379863609637 0.590532951445099 0
0.4375 0.9783493649053892 0
0.4362168587933491 0.02047580327676352 0
0.7186625967716604 0.5108836901181536 0
0.5381923415897447 0.02026472009243324 0
0.5374829332565 0.978351434643161 0
0.2771460436437386 0.4964943581318181 0
0.9808780703465181 0.4370152300194052 0
0.02029719613631353 0.4132502017336651 0
0.02101692165274693 0.5886996161716349 0
0.9817401053302373 0.5622584762412559 0
0.4808241708073462 0.2805468449888086 0
0.4806337342761352 0.7172867020437237 0
0.137502429024404 0.02164971450756548 0
0.1375333743445201 0.9785348183253417 0
0.9744407769915752 0.1366440399176618 0
0.9783503360605339 0.8624977310360731 0
0.6123732456249293 0.9782882540213139 0
0.6122977273128838 0.02158403950441368 0
0.02256084807550252 0.51002827417342 0
0.02309952630687995 0.1388421647958703 0
0.0223238593453251 0.8638274576074347 0
0.8640746084869009 0.02264083377986503 0
0.862203872550977 0.9782247445238104 0
0.5338912709197728 0.281668802293332 0
0.533891270919773 0.718331197706668 0
0.7178624774797917 0.4565964244643359 0
0.9791913001244399 0.5146116399033581 0
0.4886697232287419 0.9790318504661748 0
0.4909867530769444 0.02074280503775838 0
0.02022963052118931 0.4624998498664937 0
0.3875000295665427 0.9789870952333901 0
0.3871996092682991 0.02147093233792119 0
0.978318948074791 0.6123527213900892 0
0.9786913530718822 0.3876843035412728 0
0.979561460940523 0.8125011936623833 0
0.9741000186245494 0.711327388993827 0
0.97859059691918 0.2866097980734991 0
0.2871245783832585 0.9785666337951817 0
0.1924377602501391 0.9804772899008416 0
0.1895908459551864 0.0232783095503411 0
0.2880266201530384 0.02134059307535296 0
0.02054802069065675 0.7402273346650651 0
0.02165063509461096 0.3625 0
0.02155172550983375 0.6373388420195378 0
0.02046967449478099 0.2624374374936219 0
0.7374218211763717 0.9782939338213038 0
0.7374935268364597 0.02164165139481938 0
0.02184998488648854 0.08689302628136647 0
0.02243655399929068 0.9121404038244532 0
0.9115820808507707 0.9791557287664215 0
0.9085886884978522 0.0203004407073385 0
0.08755368449894679 0.9796534552915434 0
0.08773860058794297 0.02151446230037002 0
0.9790577585663005 0.08660492121414987 0
0.9789242978236664 0.9114957921241384 0
0.9778946354798784 0.1880100036696544 0
0.9804615592136601 0.9623931517162552 0
0.03579685948066852 0.9794382809250842 0
0.9601989551294657 0.02404923663941771 0
0.01900685010384051 0.03779070972856224 0
0.3209217659161757 0.6291029892230795 0
0.3128811278406751 0.6539641844572154 0
0.3297454051112877 0.6732163977763441 0
0.3051671329396345 0.6776413374901038 0
0.2885655466414286 0.6593655097375769 0
0.2810490568665074 0.6829324282622977 0
0.2975568390621438 0.7011486836373784 0
0.2735228151202674 0.7064830101370658 0
0.2902017305256973 0.7247644444731431 0
0.2660328367763178 0.7300682396027081 0
0.2644033231032666 0.6646738154459861 0
0.2827397291497803 0.7483713651473823 0
0.2585430880743484 0.7536761542061772 0
0.2418344916280127 0.7353642503414067 0
0.2343260451885243 0.7589967046725823 0
0.2752449429861522 0.7719873391066427 0
0.2176079609751359 0.7406632690490405 0
0.2100910104122236 0.7643187517150748 0
0.1933593053992531 0.7459665983683679 0
0.1858330630411966 0.7696341086728125 0
0.2025760558113883 0.7879927544655634 0
0.1783034301677174 0.7933118107935757 0
0.2994575182588511 0.766673273816485 0
0.2919713595700663 0.7902868451141215 0
0.3161783616377741 0.7849745671626918 0
0.3086917992506971 0.8086007780666753 0
0.3329139422943344 0.8032869775035207 0
0.195062506618032 0.8116875201265311 0
0.1707574949528355 0.8170107494790708 0
0.325405263633377 0.826936749957258 0
0.3496502964319723 0.8216105233109428 0
0.3011936796713575 0.8322409236473555 0
0.1690943940350284 0.7512782211746907 0
0.1766347120458395 0.7276286513416147 0
0.187536653443462 0.8354005133176041 0
0.1632184473006533 0.8407315013748208 0
0.1523569061495652 0.7329077889059187 0
0.1599016539513618 0.7092541968045324 0
0.3421362587912382 0.8452740329171704 0
0.3663836885820554 0.8399393658325011 0
0.3738927921147127 0.8162811201576179 0
0.3906260741789837 0.8346020399894043 0
0.146437615890444 0.8223312275014177 0
0.1388909106678458 0.8460678119112138 0
0.3981209489761999 0.810949830658537 0
0.4148580614839346 0.8292669969858221 0
0.4073629225834418 0.8529281286881468 0
0.4316025763830176 0.8475811745050206 0
0.4390914317298106 0.8239228147235371 0
0.4558343667923369 0.8422320283635577 0
0.1799984742523404 0.8591223464734508 0
0.1356093415257552 0.7145348125674732 0
0.1431551300357387 0.6908482567583498 0
0.1280610583617649 0.738235148829685 0
0.4633177531300307 0.8185810622181301 0
0.4800607651567252 0.8368862865286781 0
0.4725834831933575 0.8605415890990131 0
0.4968163069150641 0.8551897038401746 0
0.504290066543702 0.8315232874621242 0
0.5210256028815859 0.8497434362429361 0
0.5286406795441461 0.8267328239939666 0
0.5452679701776488 0.8444671234075556 0
0.5528056790795673 0.8211229701854623 0
0.568946210395133 0.8389880419807461 0
0.5769885100154366 0.8160116973000062 0
0.5933061310330278 0.8334275567070577 0
0.6011018938804956 0.8101475322006715 0
0.6180743148696735 0.828126868592147 0
0.6254277904170431 0.8048933893575568 0
0.6423676527412887 0.8239851111481931 0
0.6496740615748102 0.7997549209992226 0
0.6665987125245185 0.8188685740589136 0
0.6738573140078727 0.7942948963467177 0
0.690477009194945 0.8120218073970786 0
0.6980097735605501 0.7886773838992569 0
0.7146313326895206 0.8063747333285547 0
0.722214191050879 0.7832102659302675 0
0.7385161831760867 0.8013570782855339 0
0.7463884346282881 0.7778762374666551 0
0.7649623490970823 0.7998768303671582 0
0.7709897130366836 0.7731602814843446 0
0.7874867676253119 0.7908967360331612 0
0.7949605910709719 0.7672833012976114 0
0.7782370166310427 0.748988733246952 0
0.802393670057219 0.7435075740490789 0
0.8116287168244261 0.7855975547274872 0
0.8051046162695332 0.8084751657416187 0
0.7856622080304829 0.7251889656728731 0
0.8098572100622563 0.7198058506424537 0
0.7931582441734819 0.7014833662995832 0
0.817342044071278 0.6961239194049239 0
0.7307427030992844 0.8261035633913945 0
0.8006284928749918 0.6778120644767691 0
0.8248235043105392 0.6724572519125511 0
0.8081009324666295 0.654143732985864 0
0.832286921741857 0.64878467929983 0
0.8155622537783673 0.6304821145266133 0
0.8397633195986181 0.6251213270504223 0
0.8230301335439978 0.6068167927069481 0
0.8286051149652462 0.8038270590109042 0
0.8216324352663542 0.8270869734500141 0
0.8339928758788764 0.714675978484317 0
0.8472334736179881 0.6014553417452523 0
0.8304927089112699 0.5831527809046146 0
0.8547119603577046 0.5777897337128808 0
0.8379605950839526 0.5594818356373139 0
0.6344998651399467 0.8479337671236282 0
0.8454769242428684 0.8221401090093372 0
0.8379851656905157 0.8458809533385606 0
0.8621856122517606 0.5541171070579375 0
0.8454254297439578 0.5358082954006986 0
0.8526260627972087 0.7986823713974125 0
0.8123577729674355 0.8487101813547797 0
0.7764007905383857 0.683118851496139 0
0.5607287661701271 0.8600011034329156 0
0.8564681165053134 0.6436122846345858 0
0.8696670392530588 0.5304415711251907 0
0.852895819836881 0.5121261853917299 0
0.8771381250130588 0.5067601047957103 0
0.860363045415668 0.4884473900259402 0
0.8361284124751178 0.4938151119121119 0
0.8435895229323808 0.4701389373601672 0
0.8678297803924538 0.4647645758802658 0
0.8510473038962778 0.4464577774926428 0
0.7054776330118856 0.7650218911776927 0
0.8752936338833588 0.4410736469461308 0
0.8585037475984296 0.4227735703202149 0
0.8342779716583478 0.4281503224139077 0
0.8417214762652002 0.4044780733897576 0
0.8659507081204028 0.3990885684696441 0
0.8491636463889775 0.3808004834310531 0
0.8249212273528755 0.3861636790283849 0
0.8323675577757008 0.362502857156291 0
0.8565999142726584 0.3571168531354081 0
0.839804412445662 0.3388338546536804 0
0.8155784229196127 0.3442278288371969 0
0.8230088527080824 0.3205593208922669 0
0.7987942760138527 0.3259716415129499 0
0.8062154494996292 0.3022930802935155 0
0.8304428254407152 0.2968760446359788 0
0.8136324000338304 0.2786035977311548 0
0.7894182432386219 0.2840294706155945 0
0.7968232476551347 0.2603295973440392 0
0.7726102981437224 0.2657539140707864 0
0.7800156241816629 0.2420593354566506 0
0.7558110043879029 0.2474784069260472 0
0.7632007293020893 0.2237940210905222 0
0.7873448385023776 0.2182546664034003 0
0.7390274245233457 0.229231606641832 0
0.7463967811616267 0.2055138840430304 0
0.722204425545197 0.2109545316468835 0
0.7295818465341191 0.1872471536163298 0
0.7053953080795244 0.1926638765797307 0
0.8378430651330068 0.273124070127291 0
0.7127856997463194 0.1689465060303893 0
0.688624190738365 0.1744230723265207 0
0.7370301684133018 0.1635168941877824 0
0.6981158441943112 0.2165230785044131 0
0.6959774712916604 0.1506578465342855 0
0.6717679853244779 0.1561310636387849 0
0.7484514553525302 0.2712371563048676 0
0.8622360434572856 0.8405740258337544 0
0.8547180657284469 0.8643496026412762 0
0.6792577670873583 0.1328507262850289 0
0.6549815864301698 0.1382436154005597 0
0.6476158908618921 0.1617190068688545 0
0.6306594563785172 0.1434316105864894 0
0.6231823289812857 0.1669347235966619 0
0.606448574924791 0.1490352588893412 0
0.5989612087749914 0.1724147286324558 0
0.582215523120012 0.1544578766961845 0
0.5747366944756293 0.1778418862783415 0
0.5579971622437648 0.1598862171529698 0
0.6159952048554015 0.1908083063425648 0
0.5910649254735223 0.1312392182712901 0
0.5505228054246905 0.1832588884034132 0
0.5337805057418588 0.1652649746518755 0
0.8062656772614003 0.5885323479169968 0
0.6573920155218173 0.7754911732328316 0
0.7913671257761554 0.3496396747052605 0
0.167469596898375 0.6856293991616322 0
0.1507103062665442 0.6671700618876725 0
0.1264130744311595 0.6724570218080932 0
0.1339697203043418 0.6487715809307909 0
0.1582553292195213 0.6434721745532546 0
0.1415276924850574 0.6250909748306961 0
0.1657952645128897 0.619793417050681 0
0.1491891994314494 0.6014599289200409 0
0.1733531063448966 0.5961376287765316 0
0.1567610316914116 0.5778170479745792 0
0.1809012019960453 0.5725032690117819 0
0.164208000458301 0.5541479528063883 0
0.1401408129376415 0.5597774373846296 0
0.1476177620842585 0.5358656236129795 0
0.1717378160752512 0.530495108680309 0
0.1551424070082096 0.5121774288560215 0
0.1792857327576077 0.5068622115770732 0
0.1626924496676357 0.4885443011098288 0
0.1868303895194277 0.4832408732630938 0
0.1701656071446017 0.4648984984676587 0
0.146034390798003 0.4704442511564549 0
0.1535613845500918 0.4466029916717746 0
0.1777170271320641 0.441271830686855 0
0.161102747619159 0.4229391641324972 0
0.1848309876760609 0.4175120503437362 0
0.1686055912057293 0.3992962925624189 0
0.1923058853321604 0.393870317122669 0
0.176120877425226 0.3756716839347852 0
0.2001413738678158 0.3703491692283673 0
0.1837031948108231 0.3520708444905868 0
0.2077509704739673 0.3467577811731107 0
0.1912891322937416 0.3284722994786562 0
0.2154945618812549 0.3232074978605209 0
0.1988639759639307 0.3048657392916958 0
0.2230923993907327 0.2996059265443575 0
0.2064166402533382 0.2812657157282585 0
0.2306675385184999 0.275989976823462 0
0.2139424200161647 0.2576729876260936 0
0.238236212150263 0.252367571038184 0
0.2214935121204756 0.2340189279716148 0
0.2457948433948098 0.2287227360194379 0
0.2290958862637157 0.2103332567998546 0
0.2533777872212998 0.2050675172314496 0
0.2047792131861098 0.2156325642366153 0
0.2123893318245932 0.1919304170106843 0
0.1880898890690555 0.1972048434174792 0
0.1821256677949238 0.2866373136961478 0
0.2700696923664451 0.2234528633305537 0
0.2776522031046422 0.1998059948594159 0
0.1956771463611623 0.1735081463790922 0
0.1713595788790515 0.1787862150520829 0
0.159443055184304 0.3575993812543566 0
0.2943412151247845 0.2181898469524703 0
0.3019295020363359 0.1945476244951059 0
0.285234258469019 0.1761519290743354 0
0.309514145172809 0.1708975476299324 0
0.3262042144542808 0.1892941301973886 0
0.333792531547313 0.165652360794734 0
0.3504732118277071 0.1840464019341205 0
0.3580627841530833 0.1604059913857607 0
0.3747453752816561 0.1787926025101643 0
0.3823298516106712 0.1551600662552875 0
0.3990114986935807 0.173545002289446 0
0.4065953951428231 0.1499120942307037 0
0.1789480990775512 0.1550752055117876 0
0.1546113554305668 0.1603578116923142 0
0.1470036530720519 0.1841465516050367 0
0.2928202040175346 0.1524856683684314 0
0.3656485633457971 0.136766237913467 0
0.1368199645496969 0.4285623354661713 0
0.162205618088805 0.1366306417854617 0
0.1865666079492754 0.1315124246146747 0
0.1378501257096936 0.1419166239321393 0
0.4232680842806688 0.168302193724107 0
0.4308676217269507 0.1446635354304254 0
0.4156824918627889 0.1919281594424092 0
0.2867597273766511 0.2418203723012282 0
0.3428830407238082 0.2076847247278001 0
0.3588709078515057 0.8636165914722065 0
0.2474036665413919 0.2943661472165954 0
0.8640468142888427 0.333429626120733 0
0.1308427953082132 0.5179773557815277 0
0.5425304264924987 0.1419169704822322 0
0.7033010482219706 0.1280141112408411 0
0.6846199348301121 0.8355324420104483 0
0.3346068800657451 0.8689511882501467 0
0.8714479164231469 0.5962315299706626 0
0.2043228447999081 0.8537881661379957 0
0.4241131181410814 0.871259249321674 0
0.1221026799083293 0.8276546324137644 0
0.4141747116722569 0.1262604727888026 0
0.4384808923085963 0.1210078001119256 0
0.5263183177903072 0.1886659419388442 0
0.5147652015155643 0.8734449979042022 0
0.232171325700384 0.3415644170797144 0
0.1145489961952079 0.8514073168632804 0
0.1313472981236396 0.8698243357757993 0
0.1248406740366959 0.6071848863101481 0
0.8211979682596338 0.5411224259763621 0
0.8193704491598574 0.4755210419408661 0
0.1967864157271575 0.8775201465942861 0
0.2211110096668125 0.8721779756814585 0
0.3404414823973795 0.7796556559807746 0
0.8808589465308622 0.3517228723462167 0
0.197572472185617 0.5908332250140405 0
0.6641455620381427 0.115374909377137 0
0.8883119902951058 0.3280093062944341 0
0.7913319790492066 0.6358653149261541 0
0.8790474942447155 0.8589825716467928 0
0.8865417339246908 0.8352112350074802 0
0.2009958227686265 0.4363004401480889 0
0.205103101347882 0.5672193590303592 0
0.872118170531652 0.8822314101955898 0
0.8506004479434264 0.8880199611598197 0
0.446566383134528 0.8002898002382314 0
0.8920894139667563 0.4593909253203852 0
0.567293720339236 0.2014386136162918 0
0.1454485914162089 0.1181719991585105 0
0.1210777168619483 0.1234633940222064 0
0.1134728338674473 0.147241581002208 0
0.1069910880682021 0.875170725374134 0
0.3513596363025079 0.887318426053067 0
0.3270614292977261 0.8926546945829014 0
0.1113006876528091 0.7198506426360154 0
0.1037523638947478 0.7435521017216475 0
0.5116081027112018 0.809078753352919 0
0.8864367482654074 0.5488169376797101 0
0.8995597131140438 0.4356773778546722 0
0.5833122943980013 0.7934236877320078 0
0.1096641475831621 0.6540678961081341 0
0.0977528721411034 0.8329856252337435 0
0.8959860634174045 0.8772980056004334 0
0.4396861039520923 0.1867220645526536 0
0.43229896746871 0.2102905857900907 0
0.1825307907594487 0.6382024342802732 0
0.4217620820716835 0.1025848225554033 0
0.4460965141808506 0.09732830576275098 0
0.2135787996938071 0.8959258000369467 0
0.1892505647215215 0.9012719957118323 0
0.2378867005867287 0.8905579329499922 0
0.1238032956687001 0.8936025877190553 0
0.09942708122930938 0.8989495776034818 0
0.2156686457831663 0.38978234766904 0
0.4548624970656499 0.1392227276967521 0
0.4081176522815137 0.2155214401616102 0
0.8890719281839812 0.9005436016432198 0
0.7614202716151471 0.7305617336484956 0
0.7745994767886799 0.3313902736215885 0
0.7671759831542203 0.3550191595245495 0
0.7504259964958204 0.3367939654423511 0
0.1289561549014939 0.1009709103626552 0
0.104340558246589 0.1052079886898584 0
0.1535264666127562 0.09511208120887926 0
0.3143752445393183 0.719602657620437 0
0.2251540927903151 0.7170618687149112 0
0.2685303318896617 0.1577510826815516 0
0.276106252629524 0.1340640732302225 0
0.3004252872874359 0.1288010595029571 0
0.2837075651561956 0.1103636832154575 0
0.3080425114736582 0.1051013624379765 0
0.2677990976343621 0.795634186869649 0
0.1804405263225064 0.2210250888334861 0
0.2593695263743043 0.1156323133731259 0
0.203491972483888 0.5016235761601145 0
0.4557805672102848 0.2048693627353728 0
0.9051251350383103 0.3463159834688064 0
0.4247536164575839 0.2338600811473659 0
0.4005071249349907 0.2391158641720436 0
0.2669765853783929 0.09191400102545122 0
0.2427026656960269 0.09721178605120395 0
0.2217994690246868 0.5856590660412222 0
0.2292939037064068 0.5619748898999333 0
0.9122884851110742 0.3224842676128243 0
0.8957128941339018 0.304247034180592 0
0.2718969796809221 0.6411262852699053 0
0.08697515621624002 0.7251596947408573 0
0.07941332330001327 0.7488534144720378 0
0.9163708258387885 0.4540112676931475 0
0.3438424695935424 0.9110401349442889 0
0.3681291028671501 0.9056817881424259 0
0.319526270599403 0.916383130819482 0
0.9127413506700386 0.8957972677149488 0
0.2477473471025377 0.6464085312048233 0
0.2286427991701145 0.8484464304354226 0
0.1205084972379813 0.7619105494438512 0
0.3027404538209407 0.8979849945620844 0
0.9238493524775975 0.4302744526563559 0
0.2060437591639754 0.9196846949273316 0
0.1816860051761865 0.9250305741758764 0
0.115361118635569 0.08113252243118013 0
0.08818726246049124 0.08699592977430126 0
0.07989721496798424 0.1103045130638753 0
0.1162513078563191 0.9173916123166346 0
0.743024811999148 0.3604081939203457 0
0.7597547004444063 0.3786248212189487 0
0.7262854361070572 0.342193874589714 0
0.2951383304564996 0.9208959020709027 0
0.9196913406376969 0.2987103793179836 0
0.9031403660190709 0.2804654772894692 0
0.509582279350157 0.1706772043087931 0
0.08265830755602566 0.8805257777432545 0
0.9189860486970008 0.8717113183189605 0
0.9274475093699734 0.2750305256544336 0
0.9106318293767754 0.256702779294491 0
0.09186159758323642 0.9227413568444111 0
0.4293703619603757 0.07888775752507987 0
0.4050288985008761 0.08415298824186496 0
0.4537084649968635 0.07362768175261397 0
0.4704356616320588 0.09207813215927801 0
0.9051127180752409 0.9184762938683757 0
0.8808373531438369 0.9249939483761935 0
0.360632272045937 0.9294283483625687 0
0.3849271950704746 0.9240612376819424 0
0.2496956196049729 0.07235308230451509 0
0.2248882663773209 0.07773267982493109 0
0.2552546692044806 0.6228577190856043 0
0.8119124986868651 0.4991695794624588 0
0.7951734673898995 0.4808956882307795 0
0.7877266794391776 0.5045083045676507 0
0.7710098969791587 0.4862600638079206 0
0.778446335195915 0.4625827515678294 0
0.733673919829703 0.3185890387949744 0
0.7105813786771298 0.3230311642026097 0
0.6996077812313617 0.3447730579844165 0
0.381404508466957 0.7926450459602719 0
0.2143386832422439 0.6095070465810942 0
0.4056044747247192 0.7873237276429048 0
0.3889063703966745 0.7690371734474243 0
0.4131051091980599 0.7637241267563033 0
0.4707773520631477 0.7949581556426641 0
0.4540553092486315 0.7766823528169249 0
0.4780356288136411 0.7716131603731051 0
0.2110311046257362 0.477991075260139 0
0.3110060206439361 0.2365641758796458 0
0.3034421942946844 0.2601636926879271 0
0.3276443789673457 0.2549212625264997 0
0.3200967162940271 0.2784898588959339 0
0.3442774507025226 0.2732540355769736 0
0.3367245997619439 0.296799377909655 0
0.3125667796178788 0.3020425381988261 0
0.227685537966988 0.4963029611146944 0
0.2347740582820409 0.4738223877023921 0
0.3518330900001554 0.2496869902685311 0
0.7171050620284508 0.3002302241437158 0
0.6940425205415932 0.3046442203072918 0
0.700427320884062 0.2819718773879851 0
0.6763059028969762 0.2873581830501249 0
0.683531227439266 0.2639079273874855 0
0.6593736366723127 0.2693390470714873 0
0.6528871948266838 0.2921067605234111 0
0.6353616406370407 0.2746369766120679 0
0.6426146274007326 0.2511630130215422 0
0.6184811019574955 0.2565738802685544 0
0.8863359843864894 0.2621417600156253 0
0.8937813373036608 0.2383646216163297 0
0.9181038419144256 0.2329310019922835 0
0.9012266250208514 0.2145941481243482 0
0.8769140189678346 0.2200270261924708 0
0.8843535946786854 0.1962559955532152 0
0.8600393827363673 0.2016922030287989 0
0.8674778748649639 0.1779091542121607 0
0.8918122298278683 0.1724969566227833 0
0.87492621658167 0.1541270429294659 0
0.8505956451916915 0.1595683681613191 0
0.8580437766821937 0.1357758488038043 0
0.8337158774486656 0.1412280091067564 0
0.8823918871282384 0.1303415041558506 0
0.8411594269489341 0.1174310592098784 0
0.817473719926874 0.1230847639740696 0
0.824377151966083 0.09911479483641722 0
0.7999396204559206 0.104539987210999 0
0.848627497543879 0.09363260909656768 0
0.8103377395556699 0.1469719517112928 0
0.8317315812107544 0.07527525449867206 0
0.9255588109024178 0.2091699731682684 0
0.8560819798206443 0.06986649594423655 0
0.8526051018962784 0.2254606540989201 0
0.9070220575562025 0.4119535406081622 0
0.8729699399969167 0.08818109105116934 0
0.8804404449004612 0.06441490189419241 0
0.8973371273606785 0.08273308086793024 0
0.1021005162035455 0.6777716922676644 0
0.08533785131741423 0.6593699685494927 0
0.09290786878259777 0.635645091804955 0
0.9088894179773264 0.4777248898290375 0
0.9331868027127468 0.4723596995769018 0
0.9256986156936959 0.4961103039485859 0
0.835746705610056 0.2071335135861382 0
0.2193416169880515 0.8063548039282481 0
0.21996991092419 0.1682608491386519 0
0.2402370155561322 0.6699610011097356 0
0.07776888120680275 0.6830892198024504 0
0.1053175323442218 0.809248499729931 0
0.08095750389089607 0.8145572006372375 0
0.07338729173107839 0.8383195928205595 0
0.2351521040177297 0.1209324615482185 0
0.9313312307376218 0.4065384243625128 0
0.4780890699769481 0.06853386004410589 0
0.4947867562061206 0.08685559387710018 0
0.5024454984732438 0.06330902160188695 0
0.5191418988453101 0.08161322641118612 0
0.4871081565705877 0.1102875087947015 0
0.2739177568768653 0.06797542560063152 0
0.4173182556504071 0.2572892504711274 0
0.932785175542783 0.3411577681817212 0
0.3683511648649241 0.2679374433364931 0
0.9341069087999381 0.9134031748247884 0
0.2459451150238793 0.5802451079397913 0
0.2520412705903792 0.5564140042388387 0
0.3964033456125296 0.7454984134263209 0
0.4200259639161121 0.7391218868146734 0
0.372237592560441 0.7507685428746869 0
0.5023123607124589 0.1939020904404807 0
0.518926126698537 0.2122333131650829 0
0.4855244899665132 0.1757849149983894 0
0.05676341630162013 0.8199425498111825 0
0.06445637916422137 0.7962172843550306 0
0.4411432695156882 0.252269327841002 0
0.061113868312486 0.6648581896289358 0
0.4951740938011823 0.2175242500253776 0
0.5116950125870766 0.2359236486246198 0
0.5361368917730956 0.2307112728399798 0
0.4131744746296464 0.06120072598709675 0
0.3893370736199814 0.0652196834617762 0
0.3808709281084243 0.08933893144886035 0
0.3647196098191084 0.07022587608843101 0
0.3565891009245107 0.09456438674471235 0
0.3398326062847568 0.07611546089505739 0
0.3107439562739963 0.9378836553997042 0
0.7640667432949033 0.5100045564234672 0
0.7803502043924941 0.5281205502893651 0
0.7572842520700902 0.5337915614787154 0
0.7730143169417151 0.5517261796168416 0
0.7499368820047277 0.5573920793813323 0
0.7656018313493833 0.575302542484571 0
0.1084862062657425 0.9402460104027873 0
0.1330885138129069 0.9358321018465887 0
0.7419663833791883 0.5801895940811527 0
0.7579057693071886 0.5987876126852856 0
0.6258386385290042 0.2329891785636846 0
0.6017040884156248 0.2384107966882999 0
0.6499603847298646 0.2275901239832676 0
0.2235690649352915 0.6516825375083202 0
0.2160583552942745 0.6752758250804813 0
0.2365711149326832 0.5383007125900047 0
0.3837728955835124 0.2208017355324522 0
0.2791897655549244 0.2654579032838658 0
0.7076017870984683 0.2585356952013725 0
0.8283290916404213 0.2309254256830706 0
0.3998659696733116 0.8766043751894521 0
0.4166183680489567 0.8949522775165721 0
0.4408800120166018 0.8895959764071499 0
0.4333996915854783 0.9133143212269021 0
0.4576816344611788 0.9079555850646538 0
0.4501554479161322 0.9315695590855231 0
0.474291097592345 0.9253879048123547 0
0.4263109107565842 0.9364829501689697 0
0.854673832308213 0.2914135397670192 0
0.1481518680805556 0.8882376415046327 0
0.3247135572974987 0.123586142518848 0
0.4819142110912993 0.9024435093174596 0
0.4987781562772582 0.9196068421311626 0
0.8976572773715277 0.3700060795021594 0
0.06342906413669092 0.7307375793325892 0
0.05707586695886602 0.7535265094949939 0
0.7356158506948434 0.3840088131587366 0
0.7518491661135063 0.4026053252844718 0
0.7763996735078406 0.3969074255441182 0
0.7689928009746141 0.4205655690504317 0
0.744921366896402 0.425802460891257 0
0.7932585087058043 0.415213612307413 0
0.9200685496483181 0.9392634999188094 0
0.2784105982016851 0.9033162601647029 0
0.2707722918924945 0.9255141630821356 0
0.2859615949583821 0.8795783259380623 0
0.4938346326894621 0.152328668281052 0
0.2793992100168854 0.6175817458339301 0
0.4879837317197489 0.2407001947903739 0
0.0636808099722585 0.09205015794224458 0
0.07071230754894747 0.06803032189426822 0
0.8395189762641081 0.05291848755373074 0
0.814314329995302 0.05815472993871434 0
0.9426747641240474 0.9356368744223974 0
0.7340394030676964 0.6041106679359356 0
0.7504989449099797 0.6223466719759522 0
0.7264882369887489 0.6281648341248575 0
0.743042531662456 0.6459931421760478 0
0.7194279721277248 0.6508705831319981 0
0.7356489259215866 0.6694306724304939 0
0.7114274429266221 0.6748182681838414 0
0.7281186299423048 0.6930604832178031 0
0.7040776438348122 0.6988936838862635 0
0.7206601203742247 0.7167252875248931 0
0.6965587775681763 0.7222109098139929 0
0.6798136886266568 0.7037319345812542 0
0.6723983522084318 0.7274799532467047 0
0.6555985073565389 0.7084869154129944 0
0.6483510993900148 0.7324423716789898 0
0.6304286924121998 0.7137730193457714 0
0.6240780032479629 0.7386003940961638 0
0.7022054205504303 0.6330139305940116 0
0.4601643599600842 0.7546198017910898 0
0.3790961575954744 0.727827842209247 0
0.355506600652109 0.7327673575233199 0
0.3613323183952748 0.7104716279038338 0
0.05668680987665836 0.1160007334763591 0
0.07248841813440277 0.1341569426434405 0
0.63022349707918 0.30105869002248 0
0.9050316490688269 0.05994542992391122 0
0.9205301730276879 0.07706672336603182 0
0.9140496423570622 0.1010708126524706 0
0.9291717284731887 0.05343037912830273 0
0.9395065436230432 0.09297487168148677 0
0.9312733745744763 0.1190412135934598 0
0.5295978737889766 0.05768648101899421 0
0.5442608603647261 0.07770600522642462 0
0.5359247328321605 0.09998068948389677 0
0.5602008247028761 0.09478947595042181 0
0.5682664728528266 0.07271064577023345 0
0.5845539241537869 0.08948700160840611 0
0.5923398917535745 0.06645893622773763 0
0.6089378864114964 0.08440217529879884 0
0.5734045119767532 0.04779765857727725 0
0.6166313704348715 0.06095849575255091 0
0.6332095833172791 0.07874236774743915 0
0.641037411157268 0.05587538397092806 0
0.6577422828820908 0.07352266791557716 0
0.624279808002136 0.1025100192055386 0
0.9389512311601025 0.956473598601226 0
0.2582299528126978 0.5330658843233363 0
0.7454124321020905 0.4911233013644041 0
0.4613248216836212 0.04990599516614258 0
0.1982256017248624 0.9422087403331461 0
0.2214165976027611 0.9374524323655036 0
0.1731860602213777 0.9486837590277243 0
0.6375249659134353 0.6940650946377954 0
0.9414396473805399 0.228242794577458 0
0.5940494621865746 0.2607570102701436 0
0.5774936310828871 0.2435817895343744 0
0.5700618886652535 0.2649423514146299 0
0.6628129368439707 0.04812788595888845 0
0.6842094058551237 0.06413523553772649 0
0.9488967357137355 0.4903679968847294 0
0.9412078510264572 0.5140739318372061 0
0.9179947729224932 0.5197500169827486 0
0.9347781539317757 0.5381607526241161 0
0.9563636560236246 0.467715532277327 0
0.5032351763714745 0.2599978600704351 0
0.46692612181464 0.9483131048080423 0
0.2578501269448848 0.04970711128862304 0
0.9394129502646078 0.2919882077600068 0
0.9542022868816957 0.2735421182451119 0
0.4342877490639213 0.2741611321122283 0
0.08413712262348333 0.9458165495195021 0
0.06743451488962221 0.9279657013654323 0
0.06190782963707359 0.9505060979108471 0
0.7290205469894397 0.5608181489398274 0
0.8246828626563191 0.03800795770365095 0
0.9554820879517691 0.1148411496911472 0
0.94807061043042 0.13788031354316 0
0.9236967507202094 0.1432851566903121 0
0.9394456346275643 0.1613446874231691 0
0.04478755635972881 0.8456299772314138 0
0.05496362688118339 0.6889277153754259 0
0.9535388668536722 0.2040116880186518 0
0.9463399316283846 0.4264401910900528 0
0.8881654290903392 0.04012889744712639 0
0.3462289231153232 0.05329286433083957 0
0.3210056295866323 0.05960307861970121 0
0.03219005873257225 0.8252153495674222 0
0.3792145223406087 0.9462003845476139 0
0.3306299354280747 0.3242553121324423 0
0.3050463139222881 0.3255832238673116 0
0.2883782227945703 0.3073465902605428 0
0.2808984950007818 0.330857731757949 0
0.2990026668087621 0.3536095319346602 0
0.273319024207048 0.355416886436878 0
0.2876033242957589 0.3775075633712538 0
0.2658764180172574 0.3779087627222068 0
0.3546465065237452 0.3148633699519668 0
0.6485597919860515 0.03159327274357066 0
0.6758893738554732 0.3584099095657101 0
0.688170480246536 0.3847365120771957 0
0.6757529809839187 0.6391692507039406 0
0.6755903154622513 0.6632959783066034 0
0.2863777655806068 0.4454420468215419 0
0.2697883636930373 0.4260211306228252 0
0.263603122554569 0.4497880349767158 0
0.2465977693457005 0.4302657962839967 0
0.2543804479447148 0.4067189742255364 0
0.2883543206552309 0.5547983195489381 0
0.5621044531540713 0.7124074459961444 0
0.552912925598903 0.7364822618692934 0
0.5274043941103633 0.7418901235796803 0
0.5460610622122527 0.7600329594046407 0
0.5822992739720702 0.728140749278966 0
0.5216164949569295 0.7661601210026525 0
0.5402178384470639 0.783361815059325 0
0.5053352396055494 0.7470523010368266 0
0.5719861230416973 0.7533793810329367 0
0.4273436894120458 0.7126640366539962 0
0.7086966773290617 0.4309113633503006 0
0.4552108355537577 0.7150880738963397 0
0.2817443495163698 0.46898510082416 0
0.6129642850147499 0.6926548852221357 0
0.3222366094147982 0.3660883674131236 0
0.6775087909035298 0.3346245006411521 0
0.04318666599058718 0.9330448598056904 0
0.05009371787625239 0.9088136909978071 0
0.03531315079672304 0.8877565875070343 0
0.3543823550399076 0.95555351002732 0
0.3038781807174196 0.6062515652106182 0
0.9593603436289125 0.532876189507016 0
0.3807791362374381 0.6830903621694119 0
0.5100232852336212 0.03938434636372046 0
0.04409595066931304 0.0724327419612808 0
0.05463695481046471 0.0459226277863431 0
0.251292987327062 0.4943139229552723 0
0.5988029725051145 0.7460275172259454 0
0.3564145884363802 0.6703558458536846 0
0.5069801018808068 0.7212616453079941 0
0.9501383378540413 0.5563088964417822 0
0.9271939256499444 0.561946425179484 0
0.9427657209388818 0.5805406611355203 0
0.9196985868561195 0.5857833465623989 0
0.9361872681217392 0.6043993723319824 0
0.9123460822447373 0.6095719770044034 0
0.9277675747000752 0.6275349523685254 0
0.9047184085222019 0.6332221761737271 0
0.9200831433656793 0.6511651491907229 0
0.897159864895039 0.656937035153468 0
0.9139372203480349 0.6753304768097863 0
0.8898457862451189 0.6807715241665331 0
0.906686205981768 0.6991601448375163 0
0.8824385544044224 0.7045515669250715 0
0.8992305724010831 0.7229311654917387 0
0.9235622404386273 0.7175606442372888 0
0.9160575313418031 0.7413234126250889 0
0.8917177985053401 0.7466894164337224 0
0.9085328780689513 0.7650834468416223 0
0.939358735107789 0.7356244838429227 0
0.8656493186441034 0.6860982251135689 0
0.884172583017988 0.7702294483615644 0
0.8673631443003458 0.7519026570333576 0
0.9010062367904764 0.7885932019768923 0
0.925358970715618 0.7834430355614932 0
0.9178341298471455 0.8069823856862867 0
0.9387063338358301 0.6670051084959259 0
0.9413733678673234 0.8032030706172091 0
0.9346567429660368 0.8256857141427267 0
0.9535335398415588 0.7786224827284713 0
0.9479210574581161 0.7121785380435059 0
0.3024026940984832 0.3983260634483557 0
0.2115835826505257 0.9618694125977347 0
0.9749845767037802 0.4881648825278204 0
0.6361272834808051 0.3242292599702705 0
0.7208545266543851 0.48643504474453 0
0.2308340067198337 0.4103904939557826 0
0.953199340396122 0.6248542665173312 0
0.0478817958131898 0.1394053978391978 0
0.06471235317123741 0.1578977595581408 0
0.0404445331205332 0.1621865758860604 0
0.05710972517731916 0.1815048652898787 0
0.08148006050497514 0.1763415868721225 0
0.07387778010779228 0.2001074975631779 0
0.09825391166595743 0.1948416504748013 0
0.09064933065568759 0.218599799504488 0
0.06627767478747959 0.2238981915113227 0
0.08306029149664318 0.2423529986095759 0
0.107417715602068 0.2370584330366757 0
0.09983462405080035 0.2607932373495755 0
0.1241768464205926 0.2555037359195442 0
0.1165954377557611 0.2792308182837039 0
0.0922586043265794 0.2845242202383944 0
0.1090175379671297 0.3029537279351807 0
0.08495802985479106 0.3083379417923008 0
0.1014884078829877 0.326695712415253 0
0.07743535602289675 0.332080574083608 0
0.0939308621713546 0.3504230019691164 0
0.06687502171899984 0.2913336265995991 0
0.1333413996652978 0.2976591464841533 0
0.131759874670319 0.2317743042732208 0
0.1485024102791154 0.2501851360964976 0
0.0697141637487656 0.3557616463336045 0
0.08633553920444248 0.3741461638572227 0
0.1106336120004171 0.3688306438182094 0
0.06210728161691009 0.3794845097951332 0
0.07875191614340926 0.3978795076931659 0
0.05868821241081418 0.2476657769876587 0
0.05416243112016783 0.3377646924724773 0
0.05548649423788071 0.4021993237566146 0
0.07133772676396249 0.4214419486768775 0
0.09550631841797069 0.416195829904889 0
0.08794976075471261 0.4399801303958265 0
0.0639126210768039 0.4451937922891424 0
0.08041490052846456 0.4637180938590951 0
0.1047956238451959 0.4582217497345135 0
0.09705870114270904 0.4820852944157265 0
0.07279651750368932 0.4874594404360916 0
0.08946863946849548 0.5058385381750824 0
0.06567595671620796 0.5113422213583595 0
0.08207811001167409 0.529634655046672 0
0.05934672047597517 0.5354770545567749 0
0.07475987942982409 0.5534507352944338 0
0.09896947717040228 0.547799970974421 0
0.09121214233378472 0.5717032298007271 0
0.06720584974382654 0.5768913815364585 0
0.08370642992980615 0.5951109510668019 0
0.05938374450366657 0.6008488294387591 0
0.04643684885392291 0.493633542844702 0
0.03362588498263208 0.1848950509491274 0
0.0391323549498156 0.3831959686348093 0
0.3794624516232394 0.3131926288551915 0
0.2785126914427151 0.4009915582162148 0
0.9570206440278402 0.4022692802967682 0
0.9377070528532719 0.3832926432685665 0
0.6650361732793703 0.7512672578499427 0
0.0424847508119941 0.229062659108954 0
0.5538816551751381 0.2480852609567205 0
0.713140585802569 0.7407972192516483 0
0.6060718262882435 0.7200556171348166 0
0.6168488949932119 0.7629887312841828 0
0.5847739257287411 0.2200878235736671 0
0.565370801124321 0.7766435899015925 0
0.6600612464984627 0.6833827841028172 0
0.6331381526332183 0.2093120720498355 0
0.6572679348130175 0.2038476922961207 0
0.7260851419998663 0.410199281266334 0
0.2396371195268126 0.3851738701555935 0
0.2620644683706467 0.5997607526792647 0
0.5514525318850841 0.11792943511662 0
0.3446353998271124 0.6920531829280127 0
0.7448016965301403 0.7114598450540491 0
0.7597161642996016 0.6642085898760777 0
0.1216104556999753 0.4761630635620357 0
0.1157410983239243 0.5656177312554613 0
0.3928553215768558 0.2625448482123919 0
0.1993709517836743 0.6569649737088222 0
0.7746068172611957 0.6170838079924769 0
0.2563154076650821 0.3366470963775995 0
0.7618231101497994 0.4441012690881909 0
0.640294914747622 0.1854487730679008 0
0.2479499375338865 0.3608049849893114 0
0.7894974521542348 0.5698964642392298 0
0.8881609120637504 0.6149324403400415 0
0.2430359910923118 0.515915551319351 0
0.6908384387829598 0.2403601084027656 0
0.3760647801091557 0.2444179112012795 0
0.2198963367411973 0.5201765364277789 0
0.1560934591067177 0.2264924925441463 0
0.1728411901347726 0.2448086536428175 0
0.1393803871700125 0.207959703831209 0
0.8451578708250786 0.2492130124705577 0
0.4368651362883428 0.7586769099148403 0
0.9031750965072657 0.5674075797884077 0
0.7411013268795539 0.2949208019190412 0
0.2068461252388765 0.6332167891828533 0
0.1058645412415672 0.171032454865821 0
0.7179616809291949 0.5381615093461281 0
0.4943390897542311 0.7909504701079184 0
0.2174695461913135 0.4555175973348392 0
0.8006696098515026 0.3915191297713352 0
0.1750153209285027 0.6619295998199142 0
0.2398298902489804 0.3179841153723316 0
0.4297559655938003 0.7820542513132935 0
0.1918442675077144 0.6805837102586421 0
0.5916761149094714 0.1961374147879889 0
0.5604483058375981 0.2251249475072138 0
0.5294576482969149 0.2555928475850273 0
0.3571789202663228 0.7979548878747524 0
0.3480012737125808 0.7561098798413952 0
0.3312755154277837 0.7380220263496335 0
0.719715403438099 0.3641745674740111 0
0.7539921793408908 0.7541766452352854 0
0.4484184582905762 0.2287621735963691 0
0.3612538607293321 0.2920096087253407 0
0.1030560906972924 0.3924732311470597 0
0.1274312400508657 0.3870967056859837 0
0.1349355513880511 0.3635482811949565 0
0.1182076303195178 0.3450670691934334 0
0.125770084466545 0.3213239120655397 0
0.1501112870342737 0.315994889451279 0
0.157645620664553 0.2923760460942378 0
0.1409139106774752 0.273902827337408 0
0.3185961068186933 0.2129371870613252 0
0.8286662483782917 0.5174778275332298 0
0.5114474307979473 0.1049519207705005 0
0.5027844549094405 0.1284260110411366 0
0.1884295251547047 0.5488836556591254 0
0.3671215069485491 0.2024330085778415 0
0.9159787947413572 0.1670194696229806 0
0.1226280256092104 0.1895227869011146 0
0.7548452850083929 0.4672841191382762 0
0.7859064361157594 0.4389328174607767 0
0.7297364631014418 0.7593218394205459 0
0.5432274040579811 0.206888190038598 0
0.6082530817856551 0.7871691187064054 0
0.6709814436153476 0.3128863033010258 0
0.8268317511008234 0.4518406038156809 0
0.6815003755180733 0.7701841573224146 0
0.5126904247986732 0.9784722234295605 0
0.5254350634301629 0.956990068576281 0
0.5500197215692476 0.9567572181353841 0
0.5379672487502214 0.9354119820944404 0
0.5624886166408666 0.9351576752133706 0
0.5500238390656333 0.9135893158891257 0
0.574875766858352 0.9135256446169955 0
0.5873343011126597 0.9350884210740753 0
0.5997654479917565 0.9134862672356859 0
0.6122337890845333 0.9350509659270452 0
0.6246687539333913 0.9134602611005338 0
0.6371425668437183 0.9350207911771147 0
0.6495827550825339 0.9134315103499624 0
0.6620612240821828 0.93499544654402 0
0.6744927246696745 0.9134018518918698 0
0.6620083373836977 0.8914150895571711 0
0.6869130506228305 0.8913090185210162 0
0.6994017323512076 0.9132844325539392 0
0.7118261669923502 0.8916786985756445 0
0.7243135124770145 0.9133185432614805 0
0.7367392089597391 0.891717859962624 0
0.7492294515819753 0.9132809441326395 0
0.7616516810571564 0.8916905797348488 0
0.7741492322953198 0.9132570292658897 0
0.6122038929342456 0.8919027604499952 0
0.7119931287509074 0.9349385111028614 0
0.7617772797198834 0.9348247987673034 0
0.78666795535434 0.9348158412520212 0
0.799092293891593 0.9132088689272984 0
0.8116076408583917 0.9347800592667775 0
0.7491601512159716 0.8702340189352126 0
0.7739715751823866 0.8701723363567705 0
0.6496489574521063 0.9565874291819068 0
0.7615150894182745 0.8502215945032077 0
0.6995870552309491 0.8706593005288819 0
0.8229430832077167 0.9137980057505291 0
0.8361195510656396 0.9350057857964958 0
0.8241178366213011 0.9563887196134162 0
0.8115249558654607 0.8915795170473972 0
0.5632045690458015 0.8939265240474097 0
0.5361402336838391 0.8912642148107746 0
0.7865879271769469 0.8495215721773407 0
0.7720410770764683 0.8277082857935656 0
0.849006797421875 0.9566462656711956 0
0.7744631551479868 0.9564758637773696 0
0.6746141162224668 0.956595360266976 0
0.5998048134113945 0.9566559630081036 0
0.8445045251793184 0.9118539858317647 0
0.5624636692908734 0.9783257786372455 0
0.501183682354078 0.9576279797431261 0
0.6371030682097614 0.8918089599947654 0
0.6490079165038902 0.869644897887801 0
0.6246191549307528 0.8703396657074138 0
0.5993676335167433 0.8727177929351023 0
0.6628381888825479 0.8454413167399442 0
0.6747864486973509 0.8704878532398781 0
0.5877757850189762 0.8934432308459083 0
0.2384173218846363 0.6043600796983116 0
0.4632297810941052 0.9744438963305939 0
0.4636476775741499 0.02504598436845357 0
0.02149016020166356 0.4871091657974683 0
0.9804064383411617 0.4128268502626958 0
0.9804198097392243 0.5874366799729723 0
0.4112994553830421 0.02086920830546901 0
0.4118353218404007 0.979695138134002 0
0.02139024811815088 0.437944745015639 0
0.5240298982181181 0.9156220760846696 0
0.9789256712398545 0.3625351160136805 0
0.9567235104177878 0.3500097722738518 0
0.9568843880550542 0.325369066651412 0
0.9794749392375899 0.3124154978443495 0
0.9777157512263893 0.637128507337728 0
0.9566979579825197 0.6498440090915044 0
0.362509758807477 0.978354999155513 0
0.3624512437916882 0.02007763479761188 0
0.371163132747757 0.04389065195232866 0
0.6080560981167579 0.2821641072443483 0
0.02077107649565491 0.6128509103834199 0
0.04688334127102084 0.6229141606376942 0
0.7242894823600349 0.8703509523609463 0
0.71011895563034 0.8476561523784505 0
0.9778449141076087 0.6850030689044342 0
0.3125864723441493 0.0205474193794194 0
0.3040467174087166 0.04105713735539135 0
0.3128154236077701 0.9785179599454827 0
0.2624803924043873 0.24710036380942 0
0.2549968221895423 0.2707438514724694 0
0.1064132278345113 0.5238098702823768 0
0.7820035234652319 0.3077275026688517 0
0.9780312695172181 0.7386318831695564 0
0.978312149329997 0.2615999838993547 0
0.02014165443818416 0.3359190487642081 0
0.02090436571340548 0.6615049583663853 0
0.2620722794027476 0.9780465149817652 0
0.2511427532141296 0.9567763709195645 0
0.2748955837339424 0.957365048431572 0
0.2612792306360755 0.02466746364149003 0
0.2307806818259466 0.04901574304128842 0
0.2070108560151496 0.06046915262449215 0
0.2010761718042847 0.08484695546295962 0
0.1859407349134332 0.06509323058206856 0
0.2114681870258359 0.03625896979298615 0
0.8731441579451499 0.6624485150679993 0
0.02137282628568726 0.2873583038185505 0
0.04630817684560962 0.272070438089453 0
0.04327443275645693 0.2999705010980754 0
0.02322457383199139 0.7135149814430507 0
0.0212086930113935 0.7641140255815401 0
0.7123844371726094 0.978307556129595 0
0.724612460785426 0.9565287147651842 0
0.7126459495959987 0.02155915567198341 0
0.7250218547877304 0.04325878272568912 0
0.7499738396085902 0.04327380982323659 0
0.7374851774545854 0.06488949821317891 0
0.7624389725415979 0.06490030083060516 0
0.7499525704461281 0.08649916458796869 0
0.7249408825960805 0.08615250840771094 0
0.7373507968743502 0.1068016282084578 0
0.7614381608537744 0.1084248178357136 0
0.7498857995391142 0.1275990520206531 0
0.77299187422391 0.1301147555372926 0
0.7594986392369618 0.1537731178964579 0
0.7744246877029839 0.04298389914567213 0
0.788512296413908 0.06254759377911528 0
0.7006720756414857 0.04244896462632697 0
0.7123785087995277 0.06481718105372786 0
0.6995165034292591 0.08730519077585114 0
0.6747818566049436 0.09214987156365667 0
0.3237190810559535 0.7614177291047299 0
0.5999270608160143 0.1076537641316392 0
0.8264289845316054 0.1650603239036691 0
0.802340720657315 0.1705733614806418 0
0.8189581854383093 0.1888256772041564 0
0.7947391055548563 0.1943916509184924 0
0.7778448447492112 0.1755520188923041 0
0.9783543643656819 0.2125086593192375 0
0.9783521231432193 0.787504777408061 0
0.8431509257991195 0.1833545751389793 0
0.86948298968689 0.2438094132093223 0
0.212540925967391 0.5436401455357787 0
0.1900559062044474 0.6145505848320133 0
0.4469437055098009 0.1631123374670166 0
0.4223328776071654 0.8056345702603877 0
0.874947688563684 0.7282420307603441 0
0.8505918288257057 0.7336625696239449 0
0.8430890111958587 0.7569973211924028 0
0.7787575344200477 0.08843138156342567 0
0.5623494755944164 0.02275117217338635 0
0.5476049426148106 0.04139898930072489 0
0.5873030393945737 0.02343194402075754 0
0.08908139953429184 0.1525804428990647 0
0.1122380492093151 0.4347144975622171 0
0.02132171650569287 0.5345553258530568 0
0.02522886337554098 0.5615034525688444 0
0.2454068899999062 0.8668106650009058 0
0.2528874339889912 0.8430369347766169 0
0.2361389340323 0.8247187409741965 0
0.2603345723410307 0.8192965247436945 0
0.3102881967255514 0.8742640582592499 0
0.8174888672477536 0.4098359242539266 0
0.2716980703684506 0.2890571568166003 0
0.9067531278076161 0.1248257798216886 0
0.9779947607748475 0.1639896112136653 0
0.9788168478760755 0.8374999645722219 0
0.9533051745833147 0.8484798009507379 0
0.9568944236092312 0.8755480842867321 0
0.804464236617348 0.5227884680269694 0
0.1628487282791067 0.02191950414811672 0
0.1497127463700171 0.04313854820382418 0
0.1254653748547657 0.04265715398171854 0
0.134076990828623 0.06257997202398258 0
0.1736769082459732 0.04400650507082315 0
0.1126177343492588 0.02152059393330469 0
0.1022539362503324 0.04248540464434986 0
0.1667800449203436 0.9748292098924282 0
0.1494209874417431 0.9553673530040203 0
0.4873988548931731 0.8136630025520724 0
0.9783455473850874 0.8874933874242474 0
0.9573177811732161 0.8994704219750596 0
0.194034916230295 0.4598700525267791 0
0.3352166231769473 0.2313362198100514 0
0.7864644354003737 0.8917161716476045 0
0.02069917571437696 0.1119686610392975 0
0.1125843505243546 0.9795263544058695 0
0.8872975078750398 0.9784635658891694 0
0.9008311288672786 0.9575955248735091 0
0.8766393507574363 0.9526859557244269 0
0.4626989292801151 0.1154474454415501 0
0.7623188629186313 0.02154733476967136 0
0.02005262725925838 0.0620194112356442 0
0.06118170516931221 0.9761683562900115 0
0.9331462701750302 0.02088682648679357 0
0.979938831341534 0.936322173767926 0
0.0637542799855535 0.02180989683529749 0
0.9783495751331525 0.06250036412516774 0
0.9586982219335491 0.07603968972581615 0
0.9561168632905626 0.05072757686158369 0
0.2118408925086447 0.8300660291533331 0
0.1296677126569967 0.803930063027522 0
0.0442786809382662 0.4246577062260719 0
0.3914085701086002 0.1971703247523207 0
0.3974860387298115 0.1078269316135023 0
0.3069614698262307 0.7431419160853018 0
0.1958970515300067 0.5252802056733633 0
0.05013356457868079 0.5586976908037852 0
0.5874193294023924 0.9783237913035371 0
0.1406065174547895 0.9120158748135193 0
0.1150148742288759 0.2132927796702516 0
0.8137540506686023 0.5648256083062791 0
0.08858935588992978 0.7908587027529015 0
0.2009074189234084 0.7223491975810101 0
0.1540033215670099 0.7986319756752622 0
0.2268336921490564 0.7826682187612748 0
0.0967263569354439 0.1288258103867756 0
0.249358764800206 0.7117756996788303 0
0.2517994053742322 0.1393380473953443 0
0.317108709797188 0.1472394236097253 0
0.2959982316846614 0.6358376428820053 0
0.8073702543011829 0.08072750690771729 0
0.8279225102732826 0.8720409618788043 0
0.1637279156032326 0.2026024825472401 0
0.1701167908302194 0.1135381561328683 0
0.4895729081679154 0.8788513945279539 0
0.1302384224884229 0.1657029683331057 0
0.8696209101418293 0.8169139797810416 0
0.07499126186383903 0.9041522276454235 0
0.8026354747691743 0.457210605271449 0
0.9030033851961768 0.8537140065584965 0
0.2958952914874226 0.2837596233572827 0
0.2300004168392574 0.9141564495078073 0
0.7652339448723215 0.2894835801010321 0
0.8655034215472281 0.1119809932511344 0
0.9331480819502013 0.759680388762739 0
0.8827473505497547 0.4173820308608465 0
0.04932253513219953 0.2049503934458107 0
0.2032485776809156 0.1498582793240734 0
0.1972099320428101 0.2393620889724899 0
0.1172674092602447 0.6305548075393717 0
0.09019319240812995 0.8567480277104553 0
0.6870049336956598 0.9349542258005823 0
0.9349062670207886 0.2523050858843092 0
0.783893568496668 0.3732539901420311 0
0.1556783602765983 0.8644566143886713 0
0.2609655414400721 0.1814150047277033 0
0.06756088953325684 0.6416879711625347 0
0.3831194130686751 0.8582750754849651 0
0.2310288686013445 0.6280054505435011 0
0.3647066341698699 0.7743572976634668 0
0.07450415514157449 0.2664567163123761 0
0.9308652611314107 0.6932282763817718 0
0.1448124219197342 0.7565899519340221 0
0.689121846705417 0.746254326129927 0
0.2366794022409957 0.1866756108692295 0
0.2912707477165964 0.08710856278794415 0
0.359481989423688 0.2260600983529927 0
0.1188579749386574 0.6961553978519385 0
0.8472445726658957 0.3151431837382915 0
0.4483535751672226 0.8658864894819936 0
0.2510473010278885 0.7773236745840212 0
0.3413857712466563 0.1420180205445045 0
0.05694147236852043 0.4691673281046655 0
0.8733988810039661 0.3754042366661603 0
0.8846146460760584 0.4830817590817406 0
0.8100797480396144 0.4335011198493374 0
0.7194551824374747 0.1460148396167569 0
0.8898431851610735 0.1065233665399763 0
0.6090149492781172 0.2147600364898606 0
0.3362577034661434 0.9345129294852856 0
0.7578396980552184 0.3131508604246398 0
0.389899251949571 0.1315038085947902 0
0.6247516599284143 0.956622607264079 0
0.6667083156551645 0.2457906334415929 0
0.5748866111175128 0.9566845673029511 0
0.2568828144089492 0.6882201495694065 0
0.4371618592214292 0.05591903868031933 0
0.7820570371855164 0.5934994527856344 0
0.6623312973741222 0.9782726931970571 0
0.9394683509684062 0.4496516691390306 0
0.8081343972291672 0.3678685681260686 0
0.8789095667322553 0.2859439887458011 0
0.8938943138031983 0.5251259011758519 0
0.3178592105294268 0.8505962354919266 0
0.1615547167832627 0.7749510013539077 0
0.2935589005698889 0.8559127830858047 0
0.1724684305026209 0.8828660590190622 0
0.8620672181786555 0.2676076307226028 0
0.06554866252480307 0.8625802246863657 0
0.7988534180089328 0.6121377571763985 0
0.8992598344678265 0.1486826516405135 0
0.09453768430872944 0.7014695586697184 0
0.7970463715056713 0.5464132827425079 0
0.7243926371297232 0.2766365329650652 0
0.3756101994966138 0.8819599873887294 0
0.8714853985182709 0.3097117616798857 0
0.6995710250310493 0.956559665952901 0
0.4651643040162626 0.8842124239830373 0
0.9106632115852729 0.5435588498763917 0
0.2442449308794721 0.1630060929712357 0
0.9013780936910881 0.5014026686391044 0
0.8370657461327619 0.9781769945814809 0
0.2435825356954482 0.8009993583101807 0
0.8901865425616776 0.393700048041434 0
0.8210138016114896 0.2548689401107448 0
0.3732470607328621 0.1130763772266373 0
0.0706496967175323 0.7069260778275246 0
0.7316986496122515 0.252981000715483 0
0.1649316328520182 0.906634598618937 0
0.7623631963677964 0.9783278882114204 0
0.7671371632693802 0.6406597617047516 0
0.9086545291943018 0.1908355954085643 0
0.7993444829983355 0.9564052843135518 0
0.3923848325094804 0.9003124154889324 0
0.7369222251629215 0.9348636609067424 0
0.8041950650770924 0.2365868941739987 0
0.8789308853917123 0.5724944025893914 0
0.1372617043719958 0.780263623147089 0
0.2327137617245268 0.6935037570443212 0
0.8115521653038521 0.2126863046615428 0
0.7839558361488634 0.6594335486044495 0
0.7149144282927555 0.2347643368521249 0
0.5062507926128962 0.8972939693270537 0
0.227533288264358 0.1445979915355554 0
0.1129085542288836 0.7855894131062404 0
0.9142973971338623 0.3883493887670386 0
0.157153286159837 0.930594043581111 0
0.4092142782182556 0.918593667606431 0
0.8956665178656337 0.5910686288607702 0
0.09616617701440833 0.7672080191786605 0
0.1652217492795314 0.2684620811463112 0
0.9331962412012769 0.1853457954860789 0
0.9218802217228721 0.3646055968193964 0
0.3489766209312931 0.1183950627606246 0
0.2084819528610745 0.6988094160028784 0
0.1842138209262075 0.7040821373379049 0
0.7522271196233719 0.6878493040969389 0
0.403446467976964 0.9410287681116981 0
0.2845162492402025 0.8139356034381802 0
0.8639438400664174 0.619860037739741 0
0.2109340116765489 0.1263299952727601 0
0.770540805850161 0.1999024048686045 0
0.674036198575354 0.222040516783062 0
0.2640872921032096 0.3127098063002698 0
0.1746013996326674 0.3102990431459176 0
0.1896652562697543 0.263028951008389 0
0.8807961476361756 0.6385410471121586 0
0.7690521086389965 0.7067316988552965 0
0.7534821809908969 0.1809175789174182 0
0.07224871839291164 0.7724001666030945 0
0.637350860063262 0.9782951639440594 0
0.6813349087902483 0.1982615122905357 0
0.1670758930533588 0.3338860690673862 0
0.8489490840955716 0.6672637989303876 0
0.7372496993421301 0.7351846537682363 0
0.6645087819635505 0.1800001345115236 0
0.4021398985965188 0.7216580558075922 0
0.3322238705878263 0.09996811450999704 0
0.8414673295727927 0.6908842943346734 0
0.142486088558221 0.3395045149382149 0
0.2770534927175667 0.837586589959526 0
0.3153141734826198 0.08227295037147364 0
0.8583442329452069 0.7097148090542292 0
0.05847235204858786 0.8859172613181543 0
0.15196007257699 0.3812278006822537 0
0.8264231736927186 0.7381347549431541 0
0.269487898761351 0.8613121378130426 0
0.144386614549552 0.4048591270100148 0
0.8633093007144935 0.04680539350212121 0
0.261954351626452 0.8850386111133824 0
0.2708810466014801 0.5738831606741392 0
0.8189605823851851 0.7618723600438276 0
0.1197383798776073 0.4105458809384692 0
0.2542767477470852 0.9085218896921806 0
0.7495933563933976 0.9565524767082205 0
0.04496907182412824 0.7756809521520767 0
0.04870731206795442 0.7123034894799429 0
0.1293024339067749 0.4523014226330719 0
0.8121120675929956 0.9781899971332855 0
0.2181861312586124 0.1025856870630818 0
0.138275732999262 0.4942800799644741 0
0.7368696121033145 0.8494121624683315 0
0.4592078029493258 0.2674377379345161 0
0.5376859618294444 0.8676124201275837 0
0.1139449254088611 0.5000257003635372 0
0.1232875289431585 0.5418079982152326 0
0.8357202396873802 0.7804132318199224 0
0.2461804543746666 0.9337699129719269 0
0.8598768434250894 0.7752535667451281 0
0.7987633851215337 0.8704498080365448 0
0.876677753571933 0.7935684088985455 0
0.1323307353739808 0.5836308531866025 0
0.8934706968787827 0.8119337083301197 0
0.108096051691827 0.589372410480979 0
0.04589577593954081 0.3612289397381582 0
0.9104406976357184 0.8303774387094429 0
0.9271374970014783 0.8487375825315477 0
0.4433590584501069 0.95461629865121 0
0.194363567979763 0.108460244218417 0
0.3217705188057265 0.6964834665358294 0
0.2238865621476721 0.3657387617158562 0
0.3854415066139593 0.2863285648561308 0
0.3384332162974993 0.7149967636061365 0
0.4844195176697548 0.04448700209701129 0
0.1006900044571645 0.6129110896349309 0
0.04315036512513304 0.6499422605218855 0
0.4098158540572296 0.2797000266088802 0
0.6330768192769691 0.7821763211983412 0
0.7397824345201529 0.4493995564567286 0
0.07594586835495654 0.618263264268247 0
0.9544704567722075 0.6884957591400863 0
0.6407971676182244 0.757161041556742 0
0.9785208332212182 0.1104427707118766 0
0.04051832983292786 0.8019339218972508 0
0.7864678547289197 0.1514903198973444 0
0.4648505880916882 0.2454471852203571 0
0.9567410471632392 0.7516193818922348 0
0.5621271091804799 0.2867991824183712 0
0.03800890471214124 0.02483207056886871 0
0.9793940205606598 0.03842974130256516 0
0.4718765469494215 0.2226150020914239 0
0.4787665766258546 0.133620388971215 0
0.6872675800766348 0.6145936608558974 0
0.9566790983760189 0.1772090610107939 0
0.1235553729163782 0.9583897378472881 0
0.4789432718030681 0.1991087052282377 0
0.9583181701059303 0.823076134292923 0
0.5183943808777967 0.1467691278989015 0
0.02001603157205539 0.9625000000000002 0
0.9611053824500176 0.9770106368348621 0
0.0791347250392852 0.04420685560264664 0
0.9358956625737657 0.9793673444064945 0
0.4628189842505279 0.1813959036058709 0
0.02015315449112914 0.2375830487421585 0
0.9365386714610546 0.8868124859348441 0
0.02013428349401358 0.9380049776463893 0
0.06123696080324187 0.3149945876106461 0
0.5273075624279761 0.1229495723215779 0
0.3267212034466811 0.9569152938912633 0
0.8593504842613653 0.9321403377531172 0
0.4703980360776487 0.1577194731516562 0
0.5669571286224364 0.1361136902568789 0
0.7117272129482031 0.3858706287177764 0
0.1775729815085908 0.0884648138873349 0
0.5907623613080002 0.7699386709805117 0
0.9362247089148285 0.3149011466617262 0
0.0440246262982904 0.5811411928455064 0
0.9795773838582181 0.4616500439085843 0
0.6088005109747452 0.8514842478244464 0
0.3988927262346824 0.04227670523565974 0
0.5756927326089534 0.1128687642225427 0
0.6148916701996059 0.1262459929535978 0
0.2821619065733077 0.5271633394495662 0
0.04063795345523114 0.4524103333052089 0
0.7127092096469093 0.1069496743814044 0
0.6005145550372348 0.04405833475375209 0
0.6065749883107466 0.3064031581978851 0
0.6397406179431929 0.1201579673163682 0
0.9584685983784382 0.2462929715690577 0
0.1589213734064834 0.06884942569821961 0
0.04418265477500688 0.8685493718461387 0
0.6491268106968084 0.0965235450506482 0
0.9590166788522732 0.5974320015861843 0
0.2993139489630018 0.9581994810196035 0
0.4435203689033776 0.7361192946230024 0
0.7988740498743458 0.04077791344295889 0
0.5084213310973561 0.2822177678161024 0
0.09571227105246971 0.06547842015525057 0
0.2080561098333261 0.413546629850057 0
0.513515164930185 0.9371631754656082 0
0.04287133181367409 0.5201440314564685 0
0.753037968474479 0.8190646730354796 0
0.2972857914565061 0.06324869592932836 0
0.04099556784880287 0.09972117776691491 0
0.9813395162647816 0.5375000000000001 0
0.7112442914180621 0.6089369730609709 0
0.6879823144498718 0.6822112024836712 0
0.9593051872886594 0.3749308045617455 0
0.6889519911714306 0.1104407472706532 0
0.7415398534024917 0.5165727884679561 0
0.5592416143079649 0.7994227078597672 0
0.8366836953729091 0.01926292886121778 0
0.6250838782917446 0.03942036914222891 0
0.8871657452150186 0.01661403438686598 0
0.9605474933418257 0.9478052778889986 0
0.7061179870888404 0.8255377397011854 0
0.01836498946878828 0.1644918190162464 0
0.7970545187958638 0.828647653237255 0
0.5847311086427891 0.8552865231117548 0
0.5355025199348517 0.804933646801687 0
0.2793032527042093 0.04310310773248188 0
0.2237750476766992 0.433311472773983 0
0.4210132139685321 0.9583029198148345 0
0.3525146031257973 0.3365760175269679 0
0.5140609208706444 0.01885323190596316 0
0.4838131504459935 0.7517169534632342 0
0.7198516069006817 0.5844632151013746 0
0.2409623325089695 0.4523255898128189 0
0.7948102791365194 0.1279303463538099 0
0.2586254257429922 0.4722291897541839 0
0.5174963026826512 0.7873895939302282 0
0.6965926893027459 0.6555256182233137 0
0.6662131843857524 0.01950682708994589 0
0.09859133891089966 0.9611919302253139 0
0.4281604586550484 0.294999572726943 0
0.3178313522661738 0.3429534718898885 0
0.4230597417270571 0.0402046600435737 0
0.03961027872667111 0.6746738725643165 0
0.5001059843764993 0.7691470999856609 0
0.2127627693900966 0.9834851662652081 0
0.7262011246774848 0.1260982444929623 0
0.01886324430798481 0.8079469699397985 0
0.0417149890099015 0.7340740109400923 0
0.8664940157215548 0.9056889022270901 0
0.0182392463729234 0.3884795562592958 0
0.01923439460507581 0.8416850512911802 0
0.04000503070735351 0.9558515260101649 0
0.2827561622564065 0.5963946891514459 0
0.03762079381086564 0.2497638720843692 0
0.6301645315064803 0.6723656959830998 0
0.7357514311529626 0.470167689233655 0
0.0398830787306117 0.3232542128566188 0
0.3812923370753039 0.7051805632922655 0
0.03878058403244028 0.6010670012622724 0
0.5498839144475118 0.2674176889336162 0
0.9596913969478825 0.7289784390466758 0
0.2855597728270732 0.9405330955524309 0
0.6321882795181359 0.0185195362780427 0
0.8107473893419239 0.0195808658125981 0
0.9596323412892835 0.1545902644198364 0
0.3275424801303799 0.03816008128769333 0
0.114573938324352 0.05886669464729638 0
0.9595447953915242 0.6688853307207642 0
0.9623249968736387 0.8003580991970092 0
0.4792202939879168 0.2588259646008981 0
0.2623733762898236 0.5133906112358688 0
0.4896336247740138 0.9408121321026189 0
0.9623194901879663 0.2254464450807414 0
0.9391855158169031 0.8649446484885754 0
0.397381952345273 0.9618861850382974 0
0.9612089100638322 0.4453007435535816 0
0.4531675300798327 0.2884240661615275 0
0.2124999999999999 0.01571859864932212 0
0.7074542757113589 0.5658344836819225 0
0.9416802295650748 0.3627993170210563 0
0.03709384774064284 0.4744689723459178 0
0.9606937883880299 0.09519458496733324 0
0.4683835446890308 0.7345317234367527 0
0.9601874305398574 0.3004094772514532 0
0.7846032840184445 0.8103837409062113 0
0.896594688365131 0.9382222041767632 0
0.9202127497438569 0.9607858419263284 0
0.5746844918146147 0.8754756629638514 0
0.9150884436386082 0.04048851468052028 0
0.9636029619487272 0.572084914252224 0
0.7391486430791888 0.5413472175227919 0
0.7815874938180345 0.1118882577002481 0
0.01830127018922167 0.01830127018922167 0
0.9816987298107783 0.01830127018922167 0
0.0181739816138759 0.981826018386124 0
0.981826018386124 0.981826018386124 0
0.0150859806916277 0.8875637468210603 0
0.9592711591466725 0.9225859847360106 0
0.6883641435601902 0.8544574962044544 0
0.07648604865232717 0.963208906815852 0
0.03774233186578224 0.1230512055992707 0
0.4914279479991325 0.7338693758103996 0
0.5288265358153035 0.03799919267534774 0
0.04002067293274914 0.5423379768195524 0
0.9600750336116364 0.5069590086293285 0
0.6812909340522038 0.03968938874650435 0
0.4461181880226466 0.03855599239423085 0
0.6496927532077985 0.3120447424899704 0
0.1935375064311157 0.04582123352414214 0
0.7389518303364744 0.1448682993294566 0
0.831034871669134 0.8954297242544375 0
0.9402247002425353 0.06989860155301308 0
0.01394762874600025 0.1875 0
0.1886884678961515 0.9610776391278841 0
0.584465402045042 0.2783541185089362 0
0.1381684208769851 0.08172898234498333 0
0.03536297789590781 0.04999998944265571 0
0.4820183427849269 0.9607556838177325 0
0.9407352780474526 0.03920852404284003 0
0.232207870812153 0.9538355258766567 0
0.2633315845674202 0.943197516896897 0
0.6999140692501131 0.3666096638876244 0
0.3676501234660775 0.3267992056047361 0
0.728353464526676 0.4337592587970584 0
0.6916447586853094 0.3236475437900262 0
0.8486756425081761 0.03606729191495783 0
0.3500078171426623 0.03468808780095811 0
0.519884084909506 0.2700732963361772 0
0.03728536846201075 0.6965016939008709 0
0.5528521469320524 0.06061493351098557 0
0.2693015965479198 0.5487782276369805 0
0.375313252223283 0.9652007413040793 0
0.03651360169496515 0.4025734112408433 0
0.9382725708529739 0.6438137761855404 0
0.6195896386053908 0.3182364374397443 0
0.3068427686304753 0.3792288264868867 0
0.7488205173342319 0.8362686568315585 0
0.03710332829898916 0.7535245665667536 0
0.2463206351796581 0.03639777766052577 0
0.5522990884932506 0.8774788034100176 0
0.731617352232657 0.501253706173761 0
0.03702901593844887 0.3453604072332458 0
0.9656721351436335 0.4249345438947417 0
0.3628228267361975 0.6916889324640425 0
0.9674588010965188 0.5494888626889471 0
$EndNodes
$Elements
11 3579 1 3579
0 1 15 1
1 1 
0 2 15 1
2 2 
0 3 15 1
3 3 
0 4 15 1
4 4 
0 5 15 1
5 5 
1 1 1 40
6 1 6 
7 6 7 
8 7 8 
9 8 9 
10 9 10 
11 10 11 
12 11 12 
13 12 13 
14 13 14 
15 14 15 
16 15 16 
17 16 17 
18 17 18 
19 18 19 
20 19 20 
21 20 21 
22 21 22 
23 22 23 
24 23 24 
25 24 25 
26 25 26 
27 26 27 
28 27 28 
29 28 29 
30 29 30 
31 30 31 
32 31 32 
33 32 33 
34 33 34 
35 34 35 
36 35 36 
37 36 37 
38 37 38 
39 38 39 
40 39 40 
41 40 41 
42 41 42 
43 42 43 
44 43 44 
45 44 2 
1 2 1 40
46 3 45 
47 45 46 
48 46 47 
49 47 48 
50 48 49 
51 49 50 
52 50 51 
53 51 52 
54 52 53 
55 53 54 
56 54 55 
57 55 56 
58 56 57 
59 57 58 
60 58 59 
61 59 60 
62 60 61 
63 61 62 
64 62 63 
65 63 64 
66 64 65 
67 65 66 
68 66 67 
69 67 68 
70 68 69 
71 69 70 
72 70 71 
73 71 72 
74 72 73 
75 73 74 
76 74 75 
77 75 76 
78 76 77 
79 77 78 
80 78 79 
81 79 80 
82 80 81 
83 81 82 
84 82 83 
85 83 1 
1 3 1 40
86 2 84 
87 84 85 
88 85 86 
89 86 87 
90 87 88 
91 88 89 
92 89 90 
93 90 91 
94 91 92 
95 92 93 
96 93 94 
97 94 95 
98 95 96 
99 96 97 
100 97 98 
101 98 99 
102 99 100 
103 100 101 
104 101 102 
105 102 103 
106 103 104 
107 104 105 
108 105 106 
109 106 107 
110 107 108 
111 108 109 
112 109 110 
113 110 111 
114 111 112 
115 112 113 
116 113 114 
117 114 115 
118 115 116 
119 116 117 
120 117 118 
121 118 119 
122 119 120 
123 120 121 
124 121 122 
125 122 4 
1 4 1 40
126 4 123 
127 123 124 
128 124 125 
129 125 126 
130 126 127 
131 127 128 
132 128 129 
133 129 130 
134 130 131 
135 131 132 
136 132 133 
137 133 134 
138 134 135 
139 135 136 
140 136 137 
141 137 138 
142 138 139 
143 139 140 
144 140 141 
145 141 142 
146 142 143 
147 143 144 
148 144 145 
149 145 146 
150 146 147 
151 147 148 
152 148 149 
153 149 150 
154 150 151 
155 151 152 
156 152 153 
157 153 154 
158 154 155 
159 155 156 
160 156 157 
161 157 158 
162 158 159 
163 159 160 
164 160 161 
165 161 3 
1 5 1 51
166 5 162 
167 162 163 
168 163 164 
169 164 165 
170 165 166 
171 166 167 
172 167 168 
173 168 169 
174 169 170 
175 170 171 
176 171 172 
177 172 173 
178 173 174 
179 174 175 
180 175 176 
181 176 177 
182 177 178 
183 178 179 
184 179 180 
185 180 181 
186 181 182 
187 182 183 
188 183 184 
189 184 185 
190 185 186 
191 186 187 
192 187 188 
193 188 189 
194 189 190 
195 190 191 
196 191 192 
197 192 193 
198 193 194 
199 194 195 
200 195 196 
201 196 197 
202 197 198 
203 198 199 
204 199 200 
205 200 201 
206 201 202 
207 202 203 
208 203 204 
209 204 205 
210 205 206 
211 206 207 
212 207 208 
213 208 209 
214 209 210 
215 210 211 
216 211 5 
2 1 2 3363
217 1031 1588 275 
218 632 1637 1621 
219 1068 1428 1284 
220 997 1677 245 
221 245 1677 983 
222 980 1642 790 
223 1326 1398 750 
224 1258 1587 1424 
225 1104 1697 221 
226 300 1397 991 
227 1088 1587 1258 
228 208 962 238 
229 254 939 938 
230 1284 1428 1059 
231 915 1697 1104 
232 991 1397 856 
233 219 1316 1030 
234 1239 1581 911 
235 694 1277 693 
236 220 1750 1177 
237 295 1315 944 
238 275 1588 1261 
239 220 1177 986 
240 1344 1574 1029 
241 982 1642 980 
242 908 1662 1607 
243 1220 1500 573 
244 258 1240 1089 
245 961 986 703 
246 297 1694 1370 
247 276 1726 931 
248 1304 1305 921 
249 1370 1694 935 
250 958 1093 969 
251 260 1693 942 
252 878 984 915 
253 975 979 972 
254 914 1756 1354 
255 1314 1526 1301 
256 268 1581 1239 
257 1218 1567 1399 
258 996 1596 1373 
259 703 1764 961 
260 790 1534 980 
261 1303 1398 1326 
262 1301 1526 456 
263 962 1620 238 
264 784 1249 1248 
265 1607 1609 908 
266 1089 1648 258 
267 969 1108 958 
268 693 1277 929 
269 1277 1281 216 
270 1617 1691 690 
271 942 1638 260 
272 782 1668 1650 
273 371 1234 369 
274 1227 1691 1617 
275 1659 1706 38 
276 937 1706 1659 
277 931 1270 276 
278 1621 1637 1280 
279 971 975 972 
280 985 1778 955 
281 1029 1604 1344 
282 1238 1575 928 
283 927 1644 250 
284 938 1590 254 
285 951 1671 223 
286 944 1601 295 
287 1554 1690 1286 
288 1623 1726 1249 
289 1030 1594 219 
290 978 1000 973 
291 1354 1756 278 
292 1222 1649 379 
293 379 1727 1222 
294 1032 1093 957 
295 998 1100 879 
296 880 1679 963 
297 996 1759 1596 
298 947 1255 805 
299 690 1728 1366 
300 984 1697 915 
301 1039 1041 259 
302 242 1657 1138 
303 222 999 302 
304 973 1000 264 
305 1366 1617 690 
306 930 1726 1623 
307 1657 1733 1138 
308 288 988 987 
309 955 1778 957 
310 694 1278 1277 
311 1354 1355 914 
312 1286 1690 281 
313 1399 1567 412 
314 931 1726 930 
315 250 1712 927 
316 1650 1668 1263 
317 1358 1740 786 
318 632 1758 1637 
319 1246 1500 1220 
320 1033 1687 278 
321 278 1756 1033 
322 1287 1553 215 
323 971 972 264 
324 965 983 967 
325 180 999 222 
326 300 991 182 
327 176 982 980 
328 957 1093 958 
329 172 971 264 
330 210 981 265 
331 1264 1641 1616 
332 51 1689 949 
333 949 1693 51 
334 963 1600 880 
335 1654 1679 869 
336 946 1546 261 
337 223 1683 951 
338 878 1100 984 
339 1653 1674 863 
340 1281 1720 216 
341 979 1103 974 
342 622 1108 1037 
343 784 1623 1249 
344 1041 1664 259 
345 1305 1306 921 
346 1176 1622 1101 
347 103 1034 102 
348 975 1100 998 
349 921 1748 1304 
350 261 1661 946 
351 970 1630 185 
352 266 1034 103 
353 31 1680 960 
354 564 1663 1260 
355 240 1575 1238 
356 960 1705 31 
357 972 979 974 
358 1384 1624 1333 
359 1608 1645 859 
360 990 1253 237 
361 391 1559 1260 
362 1424 1583 1258 
363 1284 1696 1068 
364 846 1107 845 
365 369 1234 406 
366 564 1234 371 
367 876 1104 874 
368 1260 1741 564 
369 1090 1414 214 
370 207 962 208 
371 1662 1740 1372 
372 805 1255 803 
373 247 1379 1245 
374 955 1683 985 
375 169 1697 984 
376 1138 1721 163 
377 1256 1634 232 
378 288 989 988 
379 1037 1108 969 
380 1155 1579 1092 
381 964 1679 1654 
382 29 1329 28 
383 946 1661 290 
384 573 1561 1220 
385 1251 1252 1038 
386 1371 1761 1731 
387 786 1612 1358 
388 862 1740 1662 
389 979 1622 1103 
390 272 1251 1038 
391 1101 1622 998 
392 981 1766 265 
393 1260 1663 391 
394 1059 1285 1284 
395 1626 1666 365 
396 959 1155 1092 
397 239 1674 1653 
398 290 1731 946 
399 750 1734 1326 
400 287 1369 995 
401 214 1414 1097 
402 936 1721 1138 
403 1371 1731 290 
404 786 1740 862 
405 1616 1641 808 
406 960 1680 920 
407 902 1328 1327 
408 987 1613 288 
409 963 1679 964 
410 1327 1329 902 
411 1195 1235 1196 
412 1680 1748 920 
413 999 1111 302 
414 275 1703 1031 
415 961 1764 962 
416 406 1234 1231 
417 956 1122 1119 
418 879 1101 998 
419 861 1398 1303 
420 237 1616 990 
421 915 1104 876 
422 849 1107 846 
423 1585 1589 478 
424 980 1534 227 
425 1350 1758 669 
426 254 1707 939 
427 970 1773 1630 
428 258 1648 1332 
429 1231 1232 406 
430 1301 1592 1314 
431 1103 1622 608 
432 1035 1750 220 
433 232 1757 1256 
434 1316 1711 1030 
435 969 1093 966 
436 961 962 207 
437 963 964 221 
438 965 966 234 
439 1373 1608 996 
440 1353 1645 1608 
441 983 1677 967 
442 1287 1780 1553 
443 669 1709 1350 
444 1333 1624 248 
445 28 1329 1327 
446 257 1329 29 
447 1607 1662 296 
448 298 1597 1376 
449 816 1504 1355 
450 622 1578 1108 
451 942 1693 949 
452 231 1252 1251 
453 994 1581 268 
454 966 1093 234 
455 260 1638 989 
456 989 1739 260 
457 907 1639 1635 
458 1315 1715 944 
459 975 998 979 
460 1635 1639 585 
461 1110 1628 1619 
462 1648 1746 1332 
463 1119 1122 574 
464 932 1719 1682 
465 1167 1615 1605 
466 1619 1628 474 
467 1116 1584 1579 
468 1376 1761 298 
469 1637 1758 1350 
470 1233 1666 1626 
471 179 999 180 
472 206 961 207 
473 181 300 182 
474 169 984 170 
475 190 1032 191 
476 194 1092 195 
477 204 1035 205 
478 191 985 192 
479 184 970 185 
480 162 1138 163 
481 175 982 176 
482 171 971 172 
483 209 981 210 
484 1605 1615 562 
485 167 963 221 
486 183 991 235 
487 189 965 234 
488 227 993 178 
489 177 980 227 
490 245 983 187 
491 5 1036 242 
492 174 1000 251 
493 188 983 965 
494 264 1000 173 
495 265 1036 211 
496 1107 1620 845 
497 1084 1563 1115 
498 1196 1235 1214 
499 1108 1578 1122 
500 1632 1656 1306 
501 1333 1746 1384 
502 1231 1235 1195 
503 295 1601 1342 
504 1303 1643 861 
505 1577 1580 633 
506 1092 1579 226 
507 1028 1604 1029 
508 1553 1591 215 
509 958 1122 956 
510 245 1713 997 
511 947 1769 1255 
512 841 1500 1246 
513 1355 1504 914 
514 694 1279 1278 
515 564 1741 1234 
516 1076 1555 1114 
517 268 1672 994 
518 1101 1589 1585 
519 959 1671 951 
520 1104 1654 874 
521 219 1594 1269 
522 995 1651 287 
523 972 973 264 
524 801 1147 1098 
525 1096 1179 478 
526 1344 1716 1574 
527 1234 1741 1235 
528 1276 1668 929 
529 856 1695 991 
530 412 1567 1221 
531 282 1572 1091 
532 273 1241 1094 
533 1278 1281 1277 
534 191 1778 985 
535 1032 1778 191 
536 1682 1719 197 
537 1174 1532 1153 
538 1365 1728 851 
539 1099 1174 424 
540 1098 1148 801 
541 1090 1664 1041 
542 202 1595 232 
543 263 1595 201 
544 247 1775 1379 
545 931 1636 1270 
546 984 1100 233 
547 233 1100 975 
548 239 1600 165 
549 166 1600 963 
550 800 1148 927 
551 1258 1701 1088 
552 1115 1563 492 
553 1223 1366 262 
554 128 1479 262 
555 1114 1555 500 
556 1099 1532 1174 
557 262 1479 1223 
558 879 1100 878 
559 1248 1722 784 
560 801 1175 1147 
561 1599 1618 623 
562 798 1583 1424 
563 266 1652 992 
564 1109 1237 787 
565 596 1146 1102 
566 787 1237 650 
567 1399 1753 1218 
568 873 1431 875 
569 473 1121 1105 
570 1646 1669 590 
571 1102 1147 596 
572 467 1121 473 
573 1306 1656 1307 
574 801 1148 800 
575 1366 1728 1365 
576 928 1760 1238 
577 478 1589 1096 
578 1569 1571 1115 
579 186 1630 245 
580 1096 1431 1179 
581 473 1446 1146 
582 203 1634 204 
583 1146 1446 1102 
584 577 1571 1569 
585 424 1431 1099 
586 1595 1757 232 
587 705 1426 1136 
588 920 1748 921 
589 465 1121 467 
590 1596 1759 299 
591 1558 1562 1114 
592 1105 1446 473 
593 921 1307 906 
594 1579 1584 226 
595 1136 1320 705 
596 561 1562 1558 
597 1288 1474 1289 
598 1103 1658 977 
599 250 1644 199 
600 200 1644 263 
601 1289 1474 1205 
602 130 1556 129 
603 964 1104 221 
604 965 967 966 
605 1234 1235 1231 
606 1094 1655 273 
607 1147 1175 596 
608 1658 1667 977 
609 989 1541 988 
610 1148 1702 263 
611 1296 1306 1305 
612 700 1172 1120 
613 1111 1580 1577 
614 1601 1707 1342 
615 135 1456 225 
616 1246 1647 841 
617 650 1237 705 
618 225 1456 1225 
619 129 1479 128 
620 1112 1525 626 
621 285 1552 1487 
622 1331 1550 549 
623 1028 1711 1604 
624 875 1431 1096 
625 213 1487 1224 
626 1099 1431 873 
627 1158 1537 531 
628 1237 1426 705 
629 1264 1616 237 
630 647 1127 825 
631 1153 1532 626 
632 785 1127 1116 
633 1113 1498 413 
634 459 1533 465 
635 614 1320 1136 
636 1116 1127 647 
637 1306 1307 921 
638 253 1355 1354 
639 850 1173 848 
640 1331 1555 1076 
641 1108 1122 958 
642 1151 1382 633 
643 1127 1434 825 
644 825 1434 1169 
645 1279 1280 1278 
646 465 1533 1121 
647 1267 1563 1084 
648 1179 1431 424 
649 641 1130 1129 
650 1224 1490 213 
651 824 1125 909 
652 559 1521 1143 
653 1059 1614 1285 
654 1118 1467 587 
655 1120 1173 700 
656 1117 1142 614 
657 986 1767 703 
658 1158 1542 1157 
659 1514 1525 1112 
660 1162 1508 526 
661 574 1143 1119 
662 1223 1617 1366 
663 1072 1550 1331 
664 1129 1400 641 
665 972 974 973 
666 614 1136 1117 
667 1098 1147 918 
668 1131 1400 1129 
669 401 1540 1324 
670 217 1687 1033 
671 907 1629 1309 
672 193 1671 194 
673 415 1524 1282 
674 887 1634 1256 
675 918 1147 1102 
676 1159 1537 1158 
677 850 1443 1173 
678 1142 1145 480 
679 1221 1665 412 
680 1355 1602 816 
681 549 1550 1545 
682 225 1474 1288 
683 826 1408 1340 
684 1542 1545 1157 
685 1034 1625 102 
686 519 1416 523 
687 457 1499 1126 
688 848 1173 1120 
689 1488 1498 1113 
690 546 1400 1131 
691 413 1525 1514 
692 1313 1497 447 
693 1675 1677 721 
694 1598 1603 799 
695 1325 1543 1324 
696 824 1128 1125 
697 137 1528 136 
698 1117 1145 1142 
699 626 1532 1112 
700 1162 1522 1161 
701 1123 1388 477 
702 1131 1171 546 
703 1021 1531 1282 
704 450 1499 457 
705 1205 1492 1289 
706 413 1514 1113 
707 587 1498 1488 
708 566 1506 1124 
709 1090 1755 1664 
710 790 1133 708 
711 788 1548 787 
712 720 1128 643 
713 907 1635 1629 
714 1536 1540 401 
715 1325 1549 1543 
716 531 1537 1530 
717 1307 1639 906 
718 1308 1382 1151 
719 641 1416 1130 
720 1522 1530 1161 
721 1132 1465 453 
722 587 1488 1118 
723 582 1308 1150 
724 1324 1540 1323 
725 1455 1467 1118 
726 1021 1536 1531 
727 477 1467 1455 
728 136 1456 135 
729 1101 1585 1176 
730 1313 1519 1314 
731 431 1339 1141 
732 256 1385 1226 
733 1128 1383 643 
734 1150 1308 1151 
735 1282 1524 1010 
736 1163 1508 1162 
737 1339 1443 850 
738 626 1525 387 
739 129 1556 1479 
740 1125 1128 720 
741 1318 1465 1132 
742 460 1410 1135 
743 1517 1524 415 
744 1340 1408 953 
745 1225 1474 225 
746 1388 1470 578 
747 606 1476 1134 
748 1133 1144 708 
749 1137 1403 1171 
750 1312 1497 1313 
751 1519 1526 1314 
752 1376 1754 891 
753 1141 1339 850 
754 1037 1646 622 
755 1171 1403 546 
756 517 1416 519 
757 477 1455 1123 
758 1170 1468 940 
759 1406 1443 1178 
760 957 1778 1032 
761 1106 1529 1520 
762 582 1427 1149 
763 851 1729 1365 
764 1124 1506 1006 
765 787 1548 1109 
766 594 1144 710 
767 826 1340 1266 
768 531 1542 1158 
769 413 1498 392 
770 643 1383 496 
771 518 1266 516 
772 480 1513 337 
773 967 968 966 
774 1487 1552 1224 
775 514 1143 512 
776 523 1416 641 
777 1123 1470 1388 
778 1336 1480 1337 
779 1150 1427 582 
780 1132 1482 828 
781 447 1497 1493 
782 526 1522 1162 
783 1530 1537 1161 
784 1143 1521 1119 
785 1169 1380 825 
786 443 1410 460 
787 1545 1550 1157 
788 549 1555 1331 
789 1594 1703 1269 
790 599 1403 1137 
791 594 1322 1144 
792 1255 1627 803 
793 605 1356 1139 
794 516 1266 559 
795 1140 1359 590 
796 587 1467 396 
797 1021 1540 1536 
798 1337 1480 640 
799 1173 1443 1406 
800 1219 1236 1186 
801 573 1500 1402 
802 741 1468 1170 
803 138 1385 256 
804 1169 1434 557 
805 1494 1506 566 
806 1282 1531 415 
807 1137 1330 599 
808 710 1144 1133 
809 512 1143 574 
810 239 1653 1600 
811 992 1747 266 
812 833 1475 840 
813 1141 1458 431 
814 1124 1524 1517 
815 1482 1493 828 
816 559 1143 514 
817 1062 1163 1051 
818 578 1346 1165 
819 1134 1476 1002 
820 95 1250 276 
821 1493 1497 828 
822 1145 1513 480 
823 1130 1523 1508 
824 582 1149 326 
825 131 1487 213 
826 572 1175 793 
827 471 1146 596 
828 1097 1611 214 
829 477 1388 403 
830 1267 1562 561 
831 1226 1450 256 
832 447 1519 1313 
833 1060 1161 1160 
834 827 1485 1471 
835 540 1380 1169 
836 1060 1160 1054 
837 1520 1529 457 
838 1336 1377 768 
839 1302 1368 212 
840 793 1175 801 
841 1324 1543 401 
842 1265 1266 518 
843 646 1154 797 
844 1124 1517 566 
845 431 1458 432 
846 675 1152 703 
847 1186 1236 1188 
848 1230 1232 1231 
849 1065 1157 1156 
850 1204 1232 1230 
851 718 1155 959 
852 532 1164 713 
853 1166 1167 781 
854 1131 1387 1171 
855 578 1165 410 
856 1340 1521 559 
857 974 976 973 
858 924 1478 766 
859 136 1528 1456 
860 613 1154 646 
861 453 1482 1132 
862 1065 1156 1064 
863 557 1360 1164 
864 1173 1406 700 
865 424 1174 376 
866 348 1322 594 
867 778 1166 781 
868 1204 1230 1190 
869 1144 1322 706 
870 1471 1485 460 
871 378 1174 1153 
872 326 1149 330 
873 304 1397 301 
874 358 1356 605 
875 826 1265 556 
876 739 1317 740 
877 556 1265 527 
878 590 1359 502 
879 140 1228 139 
880 1051 1163 1052 
881 61 1333 248 
882 1312 1317 767 
883 1180 1181 244 
884 614 1142 484 
885 1134 1506 1494 
886 494 1168 491 
887 500 1558 1114 
888 1180 1229 1181 
889 579 1178 421 
890 96 1250 95 
891 887 1256 730 
892 533 1164 532 
893 484 1142 481 
894 886 1393 1330 
895 1247 1248 230 
896 1171 1387 1045 
897 717 1155 718 
898 496 1383 494 
899 308 1382 311 
900 746 1445 1341 
901 616 1367 571 
902 469 1146 471 
903 538 1169 557 
904 478 1179 372 
905 1330 1393 599 
906 1214 1260 1259 
907 378 1153 380 
908 1228 1452 1385 
909 1065 1159 1158 
910 420 1165 696 
911 726 1177 729 
912 705 1320 584 
913 1460 1476 606 
914 1341 1445 890 
915 475 1175 572 
916 1214 1259 1198 
917 1296 1305 1293 
918 571 1367 623 
919 584 1320 488 
920 1385 1452 1226 
921 141 1180 244 
922 23 1239 241 
923 240 1238 144 
924 64 1240 258 
925 217 1274 1273 
926 106 1242 249 
927 246 1241 100 
928 145 1244 240 
929 241 1243 22 
930 733 1465 1318 
931 800 927 857 
932 1327 1328 243 
933 633 1382 308 
934 1319 1383 1128 
935 247 1245 67 
936 486 1320 614 
937 706 1322 344 
938 710 881 711 
939 481 1142 480 
940 237 1253 148 
941 19 1254 236 
942 97 1247 230 
943 231 1251 109 
944 712 720 643 
945 248 1257 60 
946 721 997 720 
947 797 932 783 
948 824 1319 1128 
949 809 910 699 
950 1283 1285 229 
951 673 1152 675 
952 212 1368 36 
953 110 1261 231 
954 236 1262 18 
955 149 1264 237 
956 740 1317 743 
957 698 699 697 
958 708 1144 706 
959 612 613 555 
960 793 800 799 
961 1508 1523 526 
962 1081 1267 1084 
963 578 1470 1346 
964 707 789 708 
965 651 787 650 
966 646 783 647 
967 1290 1304 224 
968 644 1154 613 
969 591 650 584 
970 613 646 624 
971 717 718 716 
972 789 790 708 
973 651 788 787 
974 594 710 709 
975 376 1174 378 
976 1054 1160 1056 
977 324 1308 582 
978 591 651 650 
979 704 707 706 
980 93 1270 218 
981 219 1269 113 
982 707 708 706 
983 826 1266 1265 
984 698 809 699 
985 696 697 579 
986 57 1272 228 
987 229 1271 71 
988 473 1146 469 
989 217 1273 152 
990 15 1276 216 
991 301 1397 300 
992 1073 1331 1076 
993 1065 1158 1157 
994 1168 1383 1319 
995 490 591 584 
996 1204 1233 1232 
997 327 1377 334 
998 767 1317 739 
999 348 594 354 
1000 1091 1692 282 
1001 467 473 469 
1002 471 596 475 
1003 628 673 629 
1004 72 1283 229 
1005 228 1286 56 
1006 710 711 709 
1007 785 1155 717 
1008 715 716 714 
1009 281 1287 54 
1010 698 1346 810 
1011 696 1346 698 
1012 696 698 697 
1013 490 584 488 
1014 33 1290 224 
1015 225 1288 134 
1016 1139 1356 709 
1017 498 643 496 
1018 713 714 556 
1019 800 857 799 
1020 704 706 344 
1021 1310 1311 752 
1022 817 936 813 
1023 594 709 354 
1024 572 793 792 
1025 27 1327 243 
1026 1181 1183 1182 
1027 712 721 720 
1028 732 1256 917 
1029 358 605 360 
1030 340 704 344 
1031 1293 1305 1291 
1032 718 959 951 
1033 709 1356 354 
1034 1185 1246 1220 
1035 1183 1185 1184 
1036 715 717 716 
1037 498 712 643 
1038 479 628 627 
1039 1230 1231 1195 
1040 878 915 876 
1041 1185 1219 1186 
1042 1060 1162 1161 
1043 267 1229 1180 
1044 1338 1463 1461 
1045 532 556 527 
1046 675 703 702 
1047 1056 1160 1159 
1048 438 1268 441 
1049 712 1359 1140 
1050 729 887 730 
1051 730 1256 732 
1052 486 614 484 
1053 420 696 579 
1054 538 557 536 
1055 768 1377 327 
1056 389 413 392 
1057 504 590 502 
1058 394 587 396 
1059 428 1339 431 
1060 793 799 792 
1061 532 713 556 
1062 540 1169 538 
1063 713 715 714 
1064 498 1359 712 
1065 271 1255 1254 
1066 733 1318 734 
1067 553 555 542 
1068 596 1175 475 
1069 410 1165 417 
1070 114 1316 219 
1071 1135 1471 460 
1072 646 797 783 
1073 674 845 673 
1074 423 1178 427 
1075 845 1152 673 
1076 435 479 437 
1077 417 1165 420 
1078 1072 1331 1073 
1079 420 579 421 
1080 1004 1134 1002 
1081 421 1178 423 
1082 1257 1258 283 
1083 718 951 719 
1084 364 608 366 
1085 1181 1182 244 
1086 508 622 506 
1087 383 626 387 
1088 673 675 629 
1089 1076 1114 1077 
1090 628 629 627 
1091 1273 1275 277 
1092 897 1110 896 
1093 745 1310 752 
1094 613 624 555 
1095 398 477 403 
1096 405 578 410 
1097 443 460 445 
1098 1064 1156 1067 
1099 724 1177 726 
1100 1228 1385 139 
1101 726 729 728 
1102 1266 1340 559 
1103 1008 1124 1006 
1104 867 880 865 
1105 284 1284 1283 
1106 1067 1156 1072 
1107 1056 1159 1058 
1108 1043 1330 1137 
1109 780 1166 778 
1110 441 1410 443 
1111 896 1166 780 
1112 487 488 486 
1113 646 647 624 
1114 427 1339 428 
1115 1262 1263 280 
1116 1208 1361 1218 
1117 1134 1494 606 
1118 374 1179 424 
1119 695 856 654 
1120 612 644 613 
1121 907 1309 901 
1122 536 1164 533 
1123 624 1380 555 
1124 1402 1500 840 
1125 479 627 437 
1126 1084 1115 1085 
1127 1188 1204 1190 
1128 1049 1051 1050 
1129 453 1465 837 
1130 1288 1289 285 
1131 1248 1249 230 
1132 465 467 466 
1133 917 919 918 
1134 778 781 688 
1135 1058 1065 1064 
1136 1185 1220 1219 
1137 91 1315 295 
1138 485 486 484 
1139 286 1291 1290 
1140 1190 1230 1192 
1141 557 1434 1360 
1142 824 909 788 
1143 1058 1159 1065 
1144 1067 1072 1071 
1145 1192 1230 1195 
1146 527 1265 520 
1147 901 1309 899 
1148 417 420 419 
1149 489 490 488 
1150 1461 1463 331 
1151 791 882 789 
1152 783 1116 647 
1153 1183 1246 1185 
1154 1183 1184 1182 
1155 1073 1076 1075 
1156 423 427 426 
1157 1052 1060 1054 
1158 1023 1324 1323 
1159 895 896 780 
1160 1015 1323 1014 
1161 553 612 555 
1162 875 876 874 
1163 1126 1499 827 
1164 467 469 468 
1165 469 471 470 
1166 1165 1346 696 
1167 340 344 341 
1168 1061 1062 1051 
1169 1192 1195 1194 
1170 1312 1313 1311 
1171 608 1176 366 
1172 1185 1186 1184 
1173 366 1176 368 
1174 732 917 820 
1175 479 1458 1421 
1176 1040 1330 1043 
1177 1129 1130 1062 
1178 1200 1259 1210 
1179 1291 1305 1304 
1180 512 574 510 
1181 553 1321 612 
1182 330 1149 340 
1183 756 828 767 
1184 1295 1297 1296 
1185 370 478 372 
1186 1051 1052 1050 
1187 372 1179 374 
1188 139 1385 138 
1189 495 496 494 
1190 471 475 472 
1191 1014 1021 1012 
1192 1079 1267 1081 
1193 1268 1448 1410 
1194 602 1338 565 
1195 591 1319 651 
1196 475 572 476 
1197 348 354 349 
1198 1274 1275 1273 
1199 428 431 430 
1200 722 785 717 
1201 1347 1351 1348 
1202 976 978 973 
1203 380 1153 383 
1204 825 1380 624 
1205 324 582 326 
1206 267 1180 142 
1207 268 1239 24 
1208 143 1238 267 
1209 1081 1084 1083 
1210 579 1406 1178 
1211 1196 1214 1198 
1212 450 457 452 
1213 663 1377 1336 
1214 940 1468 1341 
1215 269 1240 65 
1216 663 1336 1335 
1217 1292 1293 1291 
1218 322 1308 324 
1219 877 878 876 
1220 99 1241 273 
1221 272 1242 107 
1222 270 1244 146 
1223 21 1243 271 
1224 66 1245 269 
1225 528 532 527 
1226 873 874 871 
1227 1012 1282 1010 
1228 1126 1520 457 
1229 653 1473 1459 
1230 258 1332 63 
1231 273 1247 98 
1232 108 1251 272 
1233 147 1253 270 
1234 271 1254 20 
1235 1332 1333 62 
1236 924 1476 1460 
1237 516 559 514 
1238 793 801 800 
1239 1298 1299 1297 
1240 1310 1312 1311 
1241 837 1465 1459 
1242 59 1257 283 
1243 1284 1285 1283 
1244 1198 1259 1200 
1245 497 498 496 
1246 275 1261 111 
1247 277 1264 150 
1248 17 1262 280 
1249 1295 1296 1293 
1250 737 756 739 
1251 997 1125 720 
1252 663 1335 1334 
1253 374 424 376 
1254 1210 1213 1211 
1255 1021 1282 1012 
1256 286 1368 1292 
1257 848 849 846 
1258 494 1383 1168 
1259 756 1318 1132 
1260 345 1322 348 
1261 665 1338 602 
1262 70 1271 282 
1263 283 1272 58 
1264 276 1270 94 
1265 112 1269 275 
1266 810 811 809 
1267 1300 1301 1299 
1268 1178 1443 427 
1269 280 1276 16 
1270 151 1273 277 
1271 883 884 882 
1272 483 484 481 
1273 1188 1236 1204 
1274 1022 1023 1018 
1275 448 1499 450 
1276 1018 1323 1015 
1277 729 730 728 
1278 1292 1368 1302 
1279 557 1164 536 
1280 1291 1304 1290 
1281 904 907 901 
1282 279 1351 1347 
1283 55 1286 281 
1284 284 1283 73 
1285 1045 1046 1044 
1286 1023 1323 1018 
1287 53 1287 215 
1288 1294 1295 1293 
1289 286 1290 34 
1290 133 1288 285 
1291 1336 1337 1335 
1292 628 674 673 
1293 1043 1045 1044 
1294 493 494 491 
1295 854 1338 665 
1296 488 1320 486 
1297 1137 1171 1045 
1298 1213 1222 1221 
1299 955 957 956 
1300 743 1310 745 
1301 1168 1319 591 
1302 710 1133 881 
1303 104 266 103 
1304 101 246 100 
1305 106 249 105 
1306 141 244 140 
1307 27 243 26 
1308 25 268 24 
1309 143 267 142 
1310 64 258 63 
1311 23 241 22 
1312 145 240 144 
1313 387 389 388 
1314 1046 1049 1048 
1315 1049 1050 1048 
1316 756 767 739 
1317 66 269 65 
1318 345 348 347 
1319 567 663 581 
1320 62 1333 61 
1321 459 465 464 
1322 99 273 98 
1323 108 272 107 
1324 21 271 20 
1325 147 270 146 
1326 383 387 384 
1327 352 480 337 
1328 745 752 748 
1329 68 247 67 
1330 61 248 60 
1331 1200 1210 1202 
1332 952 955 954 
1333 572 792 679 
1334 688 1367 616 
1335 1040 1043 1042 
1336 718 719 716 
1337 389 392 390 
1338 734 1318 737 
1339 149 237 148 
1340 19 236 18 
1341 110 231 109 
1342 97 230 96 
1343 1410 1448 1135 
1344 244 1228 140 
1345 1072 1073 1071 
1346 230 1250 96 
1347 699 1172 700 
1348 28 1327 27 
1349 358 360 359 
1350 330 340 339 
1351 138 256 137 
1352 30 257 29 
1353 286 1292 1291 
1354 537 538 536 
1355 910 1172 699 
1356 570 1381 615 
1357 70 282 69 
1358 59 283 58 
1359 695 1109 856 
1360 941 1170 940 
1361 112 275 111 
1362 95 276 94 
1363 17 280 16 
1364 151 277 150 
1365 895 897 896 
1366 756 1132 828 
1367 852 854 665 
1368 714 826 556 
1369 968 969 966 
1370 503 504 502 
1371 699 700 697 
1372 218 1315 92 
1373 360 362 361 
1374 1313 1314 1311 
1375 420 421 419 
1376 1003 1004 1002 
1377 1349 1353 1352 
1378 1076 1077 1075 
1379 1023 1325 1324 
1380 1195 1196 1194 
1381 114 219 113 
1382 93 218 92 
1383 15 216 14 
1384 153 217 152 
1385 57 228 56 
1386 72 229 71 
1387 55 281 54 
1388 74 284 73 
1389 812 813 811 
1390 53 215 52 
1391 76 214 75 
1392 427 428 426 
1393 1049 1061 1051 
1394 33 224 32 
1395 135 225 134 
1396 1005 1006 1004 
1397 133 285 132 
1398 35 286 34 
1399 311 1382 322 
1400 131 213 130 
1401 37 212 36 
1402 539 540 538 
1403 675 702 701 
1404 435 437 436 
1405 432 435 434 
1406 1043 1044 1042 
1407 1295 1326 1298 
1408 940 1341 893 
1409 295 1342 90 
1410 116 1343 274 
1411 274 1316 115 
1412 155 1354 278 
1413 279 1347 12 
1414 316 1390 634 
1415 737 1318 756 
1416 383 1153 626 
1417 1052 1163 1060 
1418 1007 1008 1006 
1419 1061 1129 1062 
1420 501 502 499 
1421 1348 1350 1349 
1422 886 1330 1040 
1423 340 1149 704 
1424 1352 1353 292 
1425 355 358 357 
1426 403 1388 405 
1427 671 1393 886 
1428 678 733 683 
1429 814 817 813 
1430 294 1358 1357 
1431 674 846 845 
1432 362 364 363 
1433 505 506 504 
1434 542 1380 540 
1435 923 924 766 
1436 392 394 393 
1437 707 791 789 
1438 491 1168 490 
1439 1001 1002 925 
1440 654 1397 304 
1441 1364 1366 1365 
1442 650 705 584 
1443 833 840 835 
1444 520 1265 518 
1445 1084 1085 1083 
1446 651 1319 824 
1447 1292 1294 1293 
1448 535 536 533 
1449 939 940 893 
1450 1009 1010 1008 
1451 1347 1348 252 
1452 522 527 520 
1453 9 1352 292 
1454 818 863 817 
1455 1208 1218 1215 
1456 1043 1137 1045 
1457 309 1394 307 
1458 255 1344 1343 
1459 1164 1360 713 
1460 355 1356 358 
1461 951 952 719 
1462 840 1475 1402 
1463 839 1396 637 
1464 1295 1298 1297 
1465 142 1180 141 
1466 24 1239 23 
1467 144 1238 143 
1468 107 1242 106 
1469 100 1241 99 
1470 65 1240 64 
1471 146 1244 145 
1472 22 1243 21 
1473 651 824 788 
1474 893 1341 890 
1475 485 487 486 
1476 394 396 395 
1477 380 383 382 
1478 507 508 506 
1479 1379 1631 1245 
1480 67 1245 66 
1481 490 1168 591 
1482 502 1359 499 
1483 768 1480 1336 
1484 334 1377 567 
1485 441 443 442 
1486 60 1257 59 
1487 294 1357 119 
1488 20 1254 19 
1489 148 1253 147 
1490 109 1251 108 
1491 98 1247 97 
1492 702 724 723 
1493 18 1262 17 
1494 150 1264 149 
1495 111 1261 110 
1496 63 1332 62 
1497 1294 1326 1295 
1498 487 489 488 
1499 344 1322 345 
1500 94 1270 93 
1501 113 1269 112 
1502 615 1381 686 
1503 314 1392 317 
1504 58 1272 57 
1505 71 1271 70 
1506 663 1334 581 
1507 16 1276 15 
1508 152 1273 151 
1509 1298 1300 1299 
1510 364 366 365 
1511 73 1283 72 
1512 56 1286 55 
1513 352 481 480 
1514 54 1287 53 
1515 838 1386 620 
1516 34 1290 33 
1517 134 1288 133 
1518 873 875 874 
1519 465 466 464 
1520 1210 1211 1202 
1521 917 918 820 
1522 431 432 430 
1523 1045 1387 1046 
1524 1049 1387 1061 
1525 541 542 540 
1526 115 1316 114 
1527 467 468 466 
1528 483 485 484 
1529 91 295 90 
1530 116 274 115 
1531 13 279 12 
1532 155 278 154 
1533 939 941 940 
1534 1052 1054 1053 
1535 396 398 397 
1536 743 1317 1310 
1537 262 1366 1364 
1538 848 1120 849 
1539 489 491 490 
1540 804 806 805 
1541 438 441 440 
1542 686 804 803 
1543 509 510 508 
1544 1011 1012 1010 
1545 1046 1048 1047 
1546 1213 1221 1211 
1547 469 470 468 
1548 734 737 736 
1549 767 1497 1312 
1550 737 739 738 
1551 366 368 367 
1552 875 877 876 
1553 919 1098 918 
1554 1459 1473 837 
1555 1013 1014 1012 
1556 1040 1042 1041 
1557 1348 1349 252 
1558 344 345 341 
1559 711 1139 709 
1560 886 1040 1039 
1561 1186 1188 1187 
1562 443 445 444 
1563 328 1391 321 
1564 715 722 717 
1565 471 472 470 
1566 698 810 809 
1567 1364 1365 289 
1568 639 839 637 
1569 1054 1056 1055 
1570 92 1315 91 
1571 340 341 339 
1572 10 1352 9 
1573 368 370 369 
1574 1061 1387 1131 
1575 255 1345 1344 
1576 475 476 472 
1577 119 1357 118 
1578 493 495 494 
1579 89 1342 254 
1580 255 1343 117 
1581 253 1354 156 
1582 11 1347 252 
1583 398 403 402 
1584 495 497 496 
1585 791 883 882 
1586 445 448 446 
1587 293 1375 1374 
1588 864 865 863 
1589 543 553 542 
1590 743 745 744 
1591 750 1398 749 
1592 581 1334 619 
1593 348 349 347 
1594 117 1343 116 
1595 90 1342 89 
1596 156 1354 155 
1597 12 1347 11 
1598 724 726 725 
1599 1188 1190 1189 
1600 671 886 885 
1601 733 734 683 
1602 772 1378 569 
1603 719 1408 716 
1604 569 1378 342 
1605 635 1395 636 
1606 712 1140 721 
1607 354 355 349 
1608 448 450 449 
1609 522 528 527 
1610 214 1755 1090 
1611 781 1367 688 
1612 528 533 532 
1613 1190 1192 1191 
1614 1056 1058 1057 
1615 714 1408 826 
1616 1375 1376 1374 
1617 745 748 747 
1618 700 1406 697 
1619 554 1321 553 
1620 1303 1326 1294 
1621 1421 1458 1141 
1622 777 778 688 
1623 1058 1064 1063 
1624 955 956 954 
1625 623 1321 554 
1626 740 743 742 
1627 497 499 498 
1628 511 512 510 
1629 287 1362 80 
1630 1019 1022 1018 
1631 291 1363 158 
1632 126 1364 289 
1633 370 372 371 
1634 889 890 760 
1635 1046 1047 1044 
1636 403 405 404 
1637 726 728 727 
1638 1192 1194 1193 
1639 1196 1198 1197 
1640 1017 1018 1015 
1641 1204 1236 1233 
1642 572 679 476 
1643 405 410 409 
1644 50 260 49 
1645 79 259 78 
1646 128 262 127 
1647 40 261 39 
1648 11 252 10 
1649 157 253 156 
1650 89 254 88 
1651 118 255 117 
1652 35 1368 286 
1653 79 1362 259 
1654 157 1363 253 
1655 262 1364 127 
1656 722 1434 1127 
1657 354 1356 355 
1658 722 1127 785 
1659 292 1373 8 
1660 555 1380 542 
1661 866 867 865 
1662 779 780 778 
1663 877 879 878 
1664 892 893 890 
1665 686 1381 804 
1666 387 388 384 
1667 81 1369 287 
1668 410 417 416 
1669 159 1370 291 
1670 42 1371 290 
1671 120 1372 294 
1672 221 1697 168 
1673 1064 1067 1066 
1674 389 390 388 
1675 8 1373 7 
1676 567 1377 663 
1677 1357 1358 1345 
1678 627 1268 437 
1679 265 1766 1586 
1680 619 1409 617 
1681 383 384 382 
1682 1003 1005 1004 
1683 675 701 629 
1684 81 287 80 
1685 48 288 47 
1686 9 292 8 
1687 159 291 158 
1688 42 290 41 
1689 126 289 125 
1690 87 293 86 
1691 120 294 119 
1692 293 1374 86 
1693 80 1362 79 
1694 158 1363 157 
1695 127 1364 126 
1696 923 925 924 
1697 501 503 502 
1698 299 1369 82 
1699 297 1370 160 
1700 298 1371 43 
1701 296 1372 121 
1702 82 1369 81 
1703 160 1370 159 
1704 43 1371 42 
1705 121 1372 120 
1706 1302 1303 1294 
1707 437 1268 438 
1708 322 1382 1308 
1709 86 1374 85 
1710 571 623 554 
1711 83 299 82 
1712 161 297 160 
1713 44 298 43 
1714 122 296 121 
1715 1001 1003 1002 
1716 894 895 780 
1717 1067 1071 1070 
1718 1005 1007 1006 
1719 987 988 934 
1720 435 436 434 
1721 1007 1009 1008 
1722 320 768 327 
1723 535 537 536 
1724 313 1394 309 
1725 576 1422 838 
1726 957 958 956 
1727 316 634 313 
1728 840 841 835 
1729 36 1368 35 
1730 360 361 359 
1731 868 869 867 
1732 358 359 357 
1733 499 1359 498 
1734 317 1392 320 
1735 432 1458 435 
1736 687 688 616 
1737 503 505 504 
1738 773 1389 772 
1739 1360 1434 722 
1740 1073 1075 1074 
1741 748 750 749 
1742 678 1459 733 
1743 898 899 897 
1744 342 1391 328 
1745 620 1386 672 
1746 421 423 422 
1747 1310 1317 1312 
1748 672 816 815 
1749 417 419 418 
1750 1042 1090 1041 
1751 362 363 361 
1752 886 1039 885 
1753 810 812 811 
1754 118 1357 255 
1755 537 539 538 
1756 1040 1041 1039 
1757 576 838 620 
1758 1198 1200 1199 
1759 920 921 906 
1760 513 514 512 
1761 642 775 649 
1762 567 581 580 
1763 437 438 436 
1764 1077 1079 1078 
1765 322 324 323 
1766 636 1395 642 
1767 610 772 569 
1768 252 1352 10 
1769 1149 1427 704 
1770 450 452 451 
1771 423 426 425 
1772 392 393 390 
1773 938 939 893 
1774 1052 1053 1050 
1775 505 507 506 
1776 905 906 904 
1777 372 374 373 
1778 334 567 350 
1779 1060 1163 1162 
1780 1009 1011 1010 
1781 889 892 890 
1782 795 796 773 
1783 311 322 315 
1784 737 738 736 
1785 662 695 654 
1786 953 1408 719 
1787 1249 1250 230 
1788 763 1417 609 
1789 796 1389 773 
1790 1046 1387 1049 
1791 306 633 308 
1792 827 1499 1485 
1793 792 794 679 
1794 1200 1202 1201 
1795 1203 1361 1208 
1796 428 430 429 
1797 1182 1228 244 
1798 561 1563 1267 
1799 1268 1410 441 
1800 739 740 738 
1801 318 1390 316 
1802 539 541 540 
1803 715 1360 722 
1804 753 861 860 
1805 1079 1081 1080 
1806 441 442 440 
1807 1085 1087 1086 
1808 707 1427 791 
1809 900 901 899 
1810 405 1388 578 
1811 374 376 375 
1812 455 1533 459 
1813 332 333 318 
1814 730 732 731 
1815 364 365 363 
1816 804 805 803 
1817 310 654 304 
1818 1011 1013 1012 
1819 903 904 901 
1820 1349 1352 252 
1821 749 1398 753 
1822 1081 1083 1082 
1823 581 619 617 
1824 255 1357 1345 
1825 507 509 508 
1826 812 814 813 
1827 515 516 514 
1828 1203 1208 1207 
1829 713 1360 715 
1830 1062 1508 1163 
1831 336 337 333 
1832 702 723 701 
1833 745 747 744 
1834 394 395 393 
1835 870 871 869 
1836 1208 1215 1209 
1837 1215 1227 1216 
1838 324 326 325 
1839 743 744 742 
1840 1186 1187 1184 
1841 814 818 817 
1842 366 367 365 
1843 672 1386 816 
1844 1292 1302 1294 
1845 396 1467 398 
1846 408 412 400 
1847 1013 1015 1014 
1848 607 757 666 
1849 1411 1445 746 
1850 689 690 625 
1851 758 1445 1411 
1852 368 369 367 
1853 776 1095 1094 
1854 443 444 442 
1855 1048 1068 1047 
1856 856 1397 654 
1857 676 852 665 
1858 806 807 805 
1859 1378 1391 342 
1860 678 683 682 
1861 660 665 602 
1862 332 1430 336 
1863 667 913 912 
1864 552 599 598 
1865 892 938 893 
1866 647 825 624 
1867 935 987 934 
1868 509 511 510 
1869 452 455 454 
1870 1117 1136 822 
1871 523 641 525 
1872 933 934 684 
1873 759 760 758 
1874 631 671 670 
1875 482 483 481 
1876 592 593 462 
1877 396 397 395 
1878 1054 1055 1053 
1879 1017 1019 1018 
1880 1019 1024 1022 
1881 988 1405 934 
1882 847 848 846 
1883 872 873 871 
1884 370 371 369 
1885 479 1421 628 
1886 671 885 858 
1887 888 889 760 
1888 818 864 863 
1889 995 996 859 
1890 732 820 819 
1891 748 749 747 
1892 611 681 661 
1893 1042 1414 1090 
1894 326 330 329 
1895 755 758 751 
1896 1196 1197 1194 
1897 351 352 337 
1898 933 935 934 
1899 445 446 444 
1900 617 1409 667 
1901 862 908 851 
1902 530 546 545 
1903 333 1390 318 
1904 630 632 597 
1905 996 1608 859 
1906 398 402 397 
1907 1061 1131 1129 
1908 1188 1189 1187 
1909 724 725 723 
1910 541 543 542 
1911 734 736 735 
1912 320 1392 768 
1913 634 1394 313 
1914 461 589 588 
1915 1198 1199 1197 
1916 550 551 544 
1917 448 449 446 
1918 888 891 889 
1919 517 518 516 
1920 653 678 677 
1921 353 664 604 
1922 455 459 458 
1923 684 1405 621 
1924 376 378 377 
1925 610 773 772 
1926 621 1405 680 
1927 762 763 609 
1928 890 1445 760 
1929 399 411 407 
1930 1192 1193 1191 
1931 450 451 449 
1932 1190 1191 1189 
1933 861 937 860 
1934 432 434 433 
1935 1056 1057 1055 
1936 952 954 953 
1937 948 1650 1263 
1938 586 653 652 
1939 543 554 553 
1940 642 1395 775 
1941 858 859 670 
1942 529 769 524 
1943 671 858 670 
1944 786 862 851 
1945 567 580 350 
1946 791 1427 1150 
1947 759 888 760 
1948 372 373 371 
1949 815 933 684 
1950 1338 1461 565 
1951 895 898 897 
1952 858 995 859 
1953 1211 1361 1202 
1954 1200 1201 1199 
1955 459 464 463 
1956 755 759 758 
1957 786 851 689 
1958 336 1430 353 
1959 716 1408 714 
1960 1047 1414 1044 
1961 661 689 625 
1962 753 1398 861 
1963 492 493 491 
1964 697 1406 579 
1965 511 513 512 
1966 1215 1216 1209 
1967 1058 1063 1057 
1968 330 339 338 
1969 1025 1030 1028 
1970 1202 1203 1201 
1971 661 786 689 
1972 672 815 684 
1973 1208 1209 1207 
1974 759 946 888 
1975 777 779 778 
1976 378 380 379 
1977 974 977 976 
1978 1073 1074 1071 
1979 645 842 583 
1980 687 777 688 
1981 581 617 580 
1982 403 404 402 
1983 345 347 346 
1984 332 336 333 
1985 740 742 741 
1986 905 920 906 
1987 568 1437 831 
1988 519 520 518 
1989 631 670 669 
1990 601 659 658 
1991 1077 1078 1075 
1992 726 727 725 
1993 621 680 600 
1994 421 422 419 
1995 1064 1066 1063 
1996 599 1393 598 
1997 374 375 373 
1998 180 222 181 
1999 192 223 193 
2000 864 866 865 
2001 380 382 381 
2002 779 894 780 
2003 322 323 315 
2004 611 661 625 
2005 205 220 206 
2006 167 221 168 
2007 405 409 404 
2008 744 746 742 
2009 734 735 683 
2010 693 782 648 
2011 1150 1151 883 
2012 428 429 426 
2013 659 692 691 
2014 410 416 409 
2015 1085 1086 1083 
2016 903 905 904 
2017 343 576 575 
2018 631 669 630 
2019 521 522 520 
2020 913 1033 912 
2021 607 1413 757 
2022 992 1001 925 
2023 513 515 514 
2024 1067 1070 1066 
2025 534 535 533 
2026 831 833 832 
2027 730 731 728 
2028 1025 1026 1024 
2029 408 1399 412 
2030 636 637 547 
2031 631 1393 671 
2032 672 684 621 
2033 898 900 899 
2034 189 234 190 
2035 183 235 184 
2036 170 233 171 
2037 202 232 203 
2038 676 853 852 
2039 568 831 830 
2040 500 501 499 
2041 866 868 867 
2042 1202 1361 1203 
2043 749 753 751 
2044 598 631 630 
2045 417 418 416 
2046 438 440 439 
2047 1028 1029 1026 
2048 576 620 600 
2049 753 860 755 
2050 1053 1428 1050 
2051 195 226 196 
2052 177 227 178 
2053 355 357 356 
2054 208 238 209 
2055 164 239 165 
2056 352 482 481 
2057 335 342 328 
2058 922 923 766 
2059 620 672 621 
2060 376 377 375 
2061 695 1237 1109 
2062 1216 1217 1209 
2063 765 766 764 
2064 611 625 592 
2065 649 694 693 
2066 833 835 834 
2067 740 741 738 
2068 900 903 901 
2069 638 639 637 
2070 1097 1414 1047 
2071 1197 1419 1194 
2072 1016 1017 1015 
2073 1216 1223 1217 
2074 749 751 747 
2075 515 517 516 
2076 317 320 319 
2077 593 1399 462 
2078 674 847 846 
2079 1044 1414 1042 
2080 1068 1097 1047 
2081 182 991 183 
2082 452 454 451 
2083 641 1400 525 
2084 198 250 199 
2085 174 251 175 
2086 753 755 751 
2087 974 1103 977 
2088 166 963 167 
2089 942 949 795 
2090 694 1557 1279 
2091 5 242 162 
2092 423 425 422 
2093 186 245 187 
2094 657 764 595 
2095 598 630 597 
2096 575 610 569 
2097 1116 1579 785 
2098 1460 1478 924 
2099 552 598 597 
2100 1019 1025 1024 
2101 343 569 342 
2102 1087 1088 1086 
2103 642 649 648 
2104 807 948 947 
2105 868 870 869 
2106 686 803 802 
2107 660 676 665 
2108 324 325 323 
2109 1079 1080 1078 
2110 774 795 773 
2111 678 682 677 
2112 1016 1031 1020 
2113 704 1427 707 
2114 178 993 179 
2115 176 980 177 
2116 1341 1468 746 
2117 310 662 654 
2118 620 621 600 
2119 485 577 487 
2120 736 754 735 
2121 188 965 189 
2122 1081 1082 1080 
2123 455 458 454 
2124 336 351 337 
2125 334 350 335 
2126 535 1396 537 
2127 1025 1028 1026 
2128 627 1448 1268 
2129 701 1448 629 
2130 610 774 773 
2131 615 686 685 
2132 1048 1428 1068 
2133 432 433 430 
2134 187 983 188 
2135 667 1409 913 
2136 576 600 575 
2137 934 1405 684 
2138 552 1403 599 
2139 470 474 468 
2140 598 1393 631 
2141 757 776 666 
2142 1203 1207 1206 
2143 211 1036 5 
2144 952 953 719 
2145 326 329 325 
2146 617 618 580 
2147 546 1403 545 
2148 530 1400 546 
2149 754 916 735 
2150 382 385 381 
2151 461 462 408 
2152 617 667 618 
2153 588 592 462 
2154 1207 1224 1206 
2155 407 408 400 
2156 173 1000 174 
2157 343 575 569 
2158 517 519 518 
2159 552 597 550 
2160 632 1401 597 
2161 774 942 795 
2162 380 381 379 
2163 636 642 638 
2164 550 1401 551 
2165 378 379 377 
2166 693 929 782 
2167 327 334 328 
2168 1136 1426 822 
2169 519 521 520 
2170 667 912 668 
2171 1050 1428 1048 
2172 320 327 321 
2173 649 693 648 
2174 588 611 592 
2175 461 588 462 
2176 545 552 550 
2177 407 461 408 
2178 667 668 618 
2179 459 463 458 
2180 912 914 668 
2181 872 1099 873 
2182 335 343 342 
2183 589 1407 588 
2184 385 386 381 
2185 545 550 544 
2186 1016 1020 1017 
2187 534 635 547 
2188 611 1407 681 
2189 454 456 451 
2190 804 1483 806 
2191 482 609 483 
2192 528 534 533 
2193 1203 1206 1201 
2194 399 407 400 
2195 464 585 463 
2196 438 439 436 
2197 220 961 206 
2198 461 1404 589 
2199 411 1404 407 
2200 530 545 544 
2201 222 300 181 
2202 336 353 351 
2203 758 1411 751 
2204 312 313 309 
2205 870 872 871 
2206 525 530 529 
2207 334 335 328 
2208 463 563 458 
2209 875 1096 877 
2210 1013 1016 1015 
2211 1194 1419 1193 
2212 754 944 916 
2213 172 264 173 
2214 200 263 201 
2215 489 492 491 
2216 519 523 521 
2217 399 400 386 
2218 345 346 341 
2219 653 677 652 
2220 330 338 329 
2221 1083 1384 1082 
2222 210 265 211 
2223 642 648 638 
2224 192 985 223 
2225 839 1439 1396 
2226 1172 1586 1120 
2227 604 656 655 
2228 656 844 843 
2229 530 544 529 
2230 1071 1379 1070 
2231 205 1035 220 
2232 683 1420 682 
2233 390 401 388 
2234 525 529 524 
2235 476 562 472 
2236 446 447 444 
2237 353 604 603 
2238 314 316 313 
2239 427 1443 1339 
2240 1193 1225 1212 
2241 1009 1027 1011 
2242 807 947 805 
2243 317 318 316 
2244 453 837 439 
2245 636 638 637 
2246 732 819 731 
2247 523 525 524 
2248 170 984 233 
2249 1005 1038 1007 
2250 426 1413 425 
2251 234 1032 190 
2252 735 1420 683 
2253 847 850 848 
2254 319 332 318 
2255 918 1102 820 
2256 791 1150 883 
2257 993 999 179 
2258 747 1411 744 
2259 1199 1205 1197 
2260 235 970 184 
2261 195 1092 226 
2262 317 319 318 
2263 493 561 495 
2264 956 1119 954 
2265 1055 1059 1053 
2266 682 930 677 
2267 339 558 338 
2268 551 1415 544 
2269 923 992 925 
2270 1059 1428 1053 
2271 314 317 316 
2272 682 931 930 
2273 1002 1476 925 
2274 968 1037 969 
2275 534 547 535 
2276 303 306 305 
2277 482 761 609 
2278 327 328 321 
2279 434 560 433 
2280 355 356 349 
2281 497 500 499 
2282 353 603 351 
2283 529 1415 769 
2284 440 453 439 
2285 222 302 301 
2286 659 691 658 
2287 905 960 920 
2288 385 399 386 
2289 604 655 603 
2290 656 843 655 
2291 523 524 521 
2292 570 571 554 
2293 501 549 503 
2294 771 943 798 
2295 950 990 691 
2296 251 982 175 
2297 242 1138 162 
2298 311 315 312 
2299 762 1424 763 
2300 233 971 171 
2301 320 321 319 
2302 539 548 541 
2303 658 660 602 
2304 761 771 762 
2305 462 1399 408 
2306 1187 1452 1184 
2307 558 565 338 
2308 635 636 547 
2309 238 981 209 
2310 662 1426 695 
2311 692 950 691 
2312 377 391 375 
2313 637 1396 547 
2314 1017 1412 1019 
2315 359 573 357 
2316 601 602 565 
2317 507 531 509 
2318 615 616 571 
2319 660 808 676 
2320 363 414 361 
2321 1205 1419 1197 
2322 1078 1440 1075 
2323 312 314 313 
2324 685 687 616 
2325 422 1442 419 
2326 323 640 315 
2327 744 1411 746 
2328 513 526 515 
2329 369 406 367 
2330 597 1401 550 
2331 831 832 830 
2332 1193 1212 1191 
2333 761 762 609 
2334 769 1432 524 
2335 629 1448 627 
2336 347 568 346 
2337 1025 1412 1030 
2338 397 415 395 
2339 1182 1452 1228 
2340 353 1430 664 
2341 771 798 762 
2342 833 834 832 
2343 303 304 301 
2344 545 1403 552 
2345 1063 1069 1057 
2346 847 1141 850 
2347 543 570 554 
2348 525 1400 530 
2349 568 829 346 
2350 1086 1384 1083 
2351 1020 1412 1017 
2352 659 1491 692 
2353 727 1126 827 
2354 834 836 832 
2355 329 331 325 
2356 548 1483 1449 
2357 352 1435 482 
2358 686 802 685 
2359 351 1435 352 
2360 687 911 777 
2361 588 1407 611 
2362 723 1135 701 
2363 751 1411 747 
2364 586 652 645 
2365 445 1485 448 
2366 601 658 602 
2367 898 902 900 
2368 916 1420 735 
2369 1189 1226 1187 
2370 308 311 309 
2371 794 855 679 
2372 765 922 766 
2373 407 1404 461 
2374 1184 1452 1182 
2375 835 928 834 
2376 305 310 304 
2377 311 312 309 
2378 547 1396 535 
2379 657 765 764 
2380 430 1441 429 
2381 558 601 565 
2382 435 1458 479 
2383 680 1418 600 
2384 1135 1448 701 
2385 779 994 894 
2386 831 1475 833 
2387 765 926 922 
2388 1075 1440 1074 
2389 306 308 307 
2390 419 1442 418 
2391 820 1446 819 
2392 812 1123 814 
2393 731 1451 728 
2394 1070 1091 1066 
2395 425 607 595 
2396 560 583 433 
2397 373 564 371 
2398 776 1094 945 
2399 1074 1379 1071 
2400 404 566 402 
2401 429 1413 426 
2402 416 606 409 
2403 586 645 583 
2404 652 784 645 
2405 560 586 583 
2406 1011 1429 1013 
2407 433 1441 430 
2408 1080 1089 1078 
2409 727 827 725 
2410 222 301 300 
2411 607 666 657 
2412 760 1445 758 
2413 570 615 571 
2414 575 1418 610 
2415 728 1451 727 
2416 425 595 422 
2417 776 945 666 
2418 870 1112 872 
2419 818 1118 864 
2420 521 1432 522 
2421 628 1421 674 
2422 615 685 616 
2423 866 1113 868 
2424 482 1435 761 
2425 782 1433 648 
2426 1019 1412 1025 
2427 483 1417 485 
2428 256 1528 137 
2429 610 1418 774 
2430 568 830 829 
2431 343 1422 576 
2432 357 1402 356 
2433 854 1463 1338 
2434 600 1418 575 
2435 1193 1419 1225 
2436 544 1415 529 
2437 303 305 304 
2438 770 822 662 
2439 350 1422 335 
2440 522 1423 528 
2441 609 1417 483 
2442 695 1426 1237 
2443 306 307 305 
2444 310 770 662 
2445 823 1117 822 
2446 302 303 301 
2447 819 821 731 
2448 682 1420 931 
2449 823 1145 1117 
2450 819 1105 821 
2451 308 309 307 
2452 607 657 595 
2453 220 986 961 
2454 335 1422 343 
2455 1422 1464 838 
2456 926 1034 922 
2457 425 1413 607 
2458 638 1433 639 
2459 1105 1121 1106 
2460 842 1441 583 
2461 341 1425 339 
2462 1225 1456 1212 
2463 770 823 822 
2464 1105 1106 821 
2465 1391 1462 321 
2466 314 1438 1392 
2467 653 1459 678 
2468 524 1432 521 
2469 1459 1465 733 
2470 1226 1452 1187 
2471 1170 1489 741 
2472 1102 1446 820 
2473 234 1093 1032 
2474 436 1436 434 
2475 485 1417 577 
2476 339 1425 558 
2477 434 1436 560 
2478 1089 1440 1078 
2479 1425 1472 558 
2480 674 1421 847 
2481 595 1442 422 
2482 746 1468 742 
2483 528 1423 534 
2484 238 1107 981 
2485 573 1402 357 
2486 798 1424 762 
2487 537 1439 539 
2488 1449 1483 1381 
2489 648 1433 638 
2490 1016 1429 1031 
2491 570 1449 1381 
2492 349 1437 347 
2493 1013 1429 1016 
2494 392 1498 394 
2495 233 975 971 
2496 603 1435 351 
2497 522 1432 1423 
2498 822 1426 662 
2499 1418 1466 774 
2500 1346 1470 810 
2501 534 1423 635 
2502 764 1442 595 
2503 680 1466 1418 
2504 1396 1439 537 
2505 1006 1506 1004 
2506 821 1451 731 
2507 347 1437 568 
2508 640 1480 1438 
2509 1027 1429 1011 
2510 315 1438 312 
2511 618 1464 580 
2512 312 1438 314 
2513 346 1425 341 
2514 1191 1450 1189 
2515 454 1444 456 
2516 541 1449 543 
2517 563 1444 458 
2518 583 1441 433 
2519 837 1436 439 
2520 439 1436 436 
2521 601 1472 659 
2522 321 1462 319 
2523 319 1462 332 
2524 132 1487 131 
2525 640 1438 315 
2526 458 1444 454 
2527 586 1473 653 
2528 727 1451 1126 
2529 660 1447 808 
2530 580 1464 350 
2531 398 1467 477 
2532 658 1447 660 
2533 814 1455 818 
2534 1121 1533 1106 
2535 539 1439 548 
2536 1436 1473 560 
2537 819 1446 1105 
2538 1394 1453 307 
2539 356 1437 349 
2540 847 1421 1141 
2541 350 1464 1422 
2542 687 1454 911 
2543 332 1462 1430 
2544 685 1454 687 
2545 990 1447 691 
2546 766 1478 764 
2547 691 1447 658 
2548 829 1425 346 
2549 548 1449 541 
2550 1438 1480 1392 
2551 305 1453 310 
2552 1212 1450 1191 
2553 1435 1469 761 
2554 543 1449 570 
2555 418 1460 416 
2556 810 1470 812 
2557 565 1461 338 
2558 1189 1450 1226 
2559 802 1454 685 
2560 1389 1502 772 
2561 603 1469 1435 
2562 829 1472 1425 
2563 338 1461 329 
2564 307 1453 305 
2565 945 1457 666 
2566 635 1477 1395 
2567 666 1457 657 
2568 329 1461 331 
2569 742 1468 741 
2570 837 1473 1436 
2571 310 1453 770 
2572 765 1457 926 
2573 1477 1501 1395 
2574 618 1486 1464 
2575 657 1457 765 
2576 774 1466 942 
2577 818 1455 1118 
2578 1123 1455 814 
2579 416 1460 606 
2580 1489 1509 754 
2581 440 1482 453 
2582 725 1471 723 
2583 736 1489 754 
2584 723 1471 1135 
2585 1207 1490 1224 
2586 761 1469 771 
2587 827 1471 725 
2588 655 1469 603 
2589 1217 1490 1209 
2590 741 1489 738 
2591 836 1515 1505 
2592 812 1470 1123 
2593 1491 1505 692 
2594 838 1486 1386 
2595 1378 1502 1495 
2596 1437 1475 831 
2597 1481 1503 757 
2598 558 1472 601 
2599 1206 1492 1201 
2600 776 1503 1095 
2601 842 1503 1481 
2602 925 1476 924 
2603 1464 1486 838 
2604 447 1493 444 
2605 769 1501 1477 
2606 1442 1478 418 
2607 1199 1492 1205 
2608 213 1556 130 
2609 560 1473 586 
2610 1441 1481 429 
2611 1205 1474 1419 
2612 442 1482 440 
2613 1223 1479 1217 
2614 337 1513 333 
2615 356 1475 1437 
2616 492 1569 1115 
2617 655 1484 1469 
2618 1010 1524 1008 
2619 1469 1484 771 
2620 866 1488 1113 
2621 1402 1475 356 
2622 387 1525 389 
2623 460 1485 445 
2624 1118 1488 864 
2625 1419 1474 1225 
2626 769 1477 1432 
2627 429 1481 1413 
2628 606 1494 409 
2629 1495 1502 664 
2630 1413 1481 757 
2631 404 1494 566 
2632 1453 1496 770 
2633 285 1487 132 
2634 1392 1480 768 
2635 771 1484 943 
2636 1381 1483 804 
2637 842 1481 1441 
2638 1160 1537 1159 
2639 764 1478 1442 
2640 1390 1513 1512 
2641 1432 1477 1423 
2642 1289 1552 285 
2643 738 1489 736 
2644 668 1486 618 
2645 879 1589 1101 
2646 1391 1495 1462 
2647 843 1484 655 
2648 1462 1495 1430 
2649 1280 1637 1351 
2650 418 1478 1460 
2651 864 1488 866 
2652 1483 1511 806 
2653 836 1505 832 
2654 1209 1490 1207 
2655 1201 1492 1199 
2656 444 1493 442 
2657 640 1516 1337 
2658 1394 1496 1453 
2659 442 1493 1482 
2660 1486 1504 1386 
2661 1423 1477 635 
2662 953 1521 1340 
2663 840 1500 841 
2664 1378 1495 1391 
2665 882 1534 789 
2666 1386 1504 816 
2667 1170 1509 1489 
2668 633 1580 1151 
2669 830 1491 829 
2670 941 1509 1170 
2671 1472 1491 659 
2672 409 1494 404 
2673 634 1496 1394 
2674 1485 1499 448 
2675 828 1497 767 
2676 394 1498 587 
2677 452 1529 455 
2678 604 1507 656 
2679 954 1521 953 
2680 855 1599 1167 
2681 668 1504 1486 
2682 323 1516 640 
2683 829 1491 1472 
2684 446 1519 447 
2685 1505 1515 692 
2686 397 1517 415 
2687 1507 1527 656 
2688 331 1516 325 
2689 566 1517 402 
2690 870 1514 1112 
2691 1395 1501 775 
2692 1113 1514 868 
2693 664 1507 604 
2694 784 1510 645 
2695 1390 1512 634 
2696 770 1496 823 
2697 517 1523 1416 
2698 515 1523 517 
2699 772 1502 1378 
2700 1512 1513 1145 
2701 456 1526 451 
2702 1004 1506 1134 
2703 513 1522 526 
2704 1430 1495 664 
2705 1415 1501 769 
2706 914 1504 668 
2707 830 1505 1491 
2708 757 1503 776 
2709 1511 1535 806 
2710 1106 1520 821 
2711 645 1510 842 
2712 634 1512 1496 
2713 832 1505 830 
2714 1106 1533 1529 
2715 1389 1507 1502 
2716 1323 1540 1014 
2717 1130 1508 1062 
2718 531 1530 509 
2719 1212 1528 1450 
2720 198 1719 250 
2721 1450 1528 256 
2722 164 1721 239 
2723 415 1531 395 
2724 855 1618 1599 
2725 1496 1512 823 
2726 1389 1527 1507 
2727 239 1721 1674 
2728 1416 1523 1130 
2729 1549 1564 385 
2730 1112 1532 872 
2731 754 1509 944 
2732 1451 1520 1126 
2733 390 1536 401 
2734 1501 1518 775 
2735 402 1517 397 
2736 1502 1507 664 
2737 1503 1510 1095 
2738 868 1514 870 
2739 988 1541 1405 
2740 325 1516 323 
2741 823 1512 1145 
2742 333 1513 1390 
2743 692 1515 950 
2744 1415 1518 1501 
2745 331 1538 1516 
2746 551 1518 1415 
2747 449 1519 446 
2748 1439 1511 548 
2749 839 1535 1511 
2750 806 1535 807 
2751 796 1527 1389 
2752 1156 1550 1072 
2753 839 1511 1439 
2754 842 1510 1503 
2755 1008 1524 1124 
2756 548 1511 1483 
2757 389 1525 413 
2758 511 1522 513 
2759 985 1683 223 
2760 1119 1521 954 
2761 507 1542 531 
2762 605 1678 1667 
2763 1337 1538 1335 
2764 680 1541 1466 
2765 929 1668 782 
2766 526 1523 515 
2767 821 1520 1451 
2768 449 1526 1519 
2769 451 1526 449 
2770 759 1546 946 
2771 401 1543 388 
2772 1535 1539 807 
2773 860 1546 755 
2774 1538 1544 1335 
2775 887 1750 1035 
2776 807 1539 948 
2777 457 1529 452 
2778 1300 1592 1301 
2779 549 1545 503 
2780 656 1527 844 
2781 1206 1552 1492 
2782 382 1549 385 
2783 509 1530 511 
2784 511 1530 1522 
2785 1456 1528 1212 
2786 853 1565 1551 
2787 395 1531 393 
2788 1358 1612 1345 
2789 1217 1556 1490 
2790 1516 1538 1337 
2791 1260 1559 1259 
2792 1529 1533 455 
2793 872 1532 1099 
2794 1167 1605 855 
2795 789 1534 790 
2796 1492 1552 1289 
2797 1161 1537 1160 
2798 1210 1559 1213 
2799 639 1535 839 
2800 501 1555 549 
2801 1111 1577 302 
2802 1531 1536 393 
2803 393 1536 390 
2804 1490 1556 213 
2805 1335 1544 1334 
2806 1079 1562 1267 
2807 649 1557 694 
2808 1114 1562 1077 
2809 644 1603 1598 
2810 1022 1568 1566 
2811 639 1539 1535 
2812 1544 1547 1334 
2813 1154 1598 1593 
2814 266 1747 1034 
2815 1014 1540 1021 
2816 1463 1538 331 
2817 1463 1544 1538 
2818 456 1752 1301 
2819 561 1558 495 
2820 1405 1541 680 
2821 497 1558 500 
2822 1433 1539 639 
2823 1122 1578 574 
2824 884 1580 1111 
2825 1334 1547 619 
2826 359 1561 573 
2827 414 1561 361 
2828 505 1542 507 
2829 892 1754 1375 
2830 1022 1566 1023 
2831 399 1564 411 
2832 1547 1551 619 
2833 1361 1567 1218 
2834 929 1781 1276 
2835 1325 1564 1549 
2836 585 1639 1307 
2837 493 1563 561 
2838 1328 1772 894 
2839 388 1543 384 
2840 1484 1554 943 
2841 1221 1567 1211 
2842 619 1551 1409 
2843 505 1545 1542 
2844 1263 1708 948 
2845 854 1547 1544 
2846 250 1719 1560 
2847 503 1545 505 
2848 562 1615 1110 
2849 1115 1571 1085 
2850 755 1546 759 
2851 854 1544 1463 
2852 1518 1557 775 
2853 1095 1655 1094 
2854 852 1547 854 
2855 1543 1549 384 
2856 577 1569 487 
2857 235 1548 970 
2858 489 1569 492 
2859 384 1549 382 
2860 1518 1576 1557 
2861 852 1551 1547 
2862 1157 1550 1156 
2863 1551 1565 1409 
2864 861 1643 937 
2865 257 1633 1329 
2866 1063 1572 1069 
2867 853 1551 852 
2868 1091 1572 1066 
2869 1224 1552 1206 
2870 1037 1669 1646 
2871 1401 1576 551 
2872 508 1578 622 
2873 574 1578 510 
2874 1564 1566 411 
2875 1024 1568 1022 
2876 306 1577 633 
2877 632 1621 1401 
2878 928 1575 834 
2879 500 1555 501 
2880 302 1577 303 
2881 911 1749 1239 
2882 1026 1570 1024 
2883 608 1622 1176 
2884 1176 1585 368 
2885 1110 1619 562 
2886 1026 1573 1570 
2887 843 1554 1484 
2888 796 1553 1527 
2889 283 1583 1272 
2890 370 1585 478 
2891 783 1584 1116 
2892 1024 1570 1568 
2893 883 1580 884 
2894 1029 1573 1026 
2895 775 1557 649 
2896 978 1744 1000 
2897 1479 1556 1217 
2898 1527 1553 844 
2899 495 1558 497 
2900 911 1581 777 
2901 779 1581 994 
2902 797 1560 932 
2903 1259 1559 1210 
2904 254 1590 88 
2905 87 1590 293 
2906 962 1764 1620 
2907 1417 1582 577 
2908 1029 1574 1573 
2909 1314 1592 1311 
2910 877 1589 879 
2911 1261 1710 231 
2912 361 1561 359 
2913 1154 1593 797 
2914 949 1591 795 
2915 1077 1562 1079 
2916 608 1658 1103 
2917 1429 1588 1031 
2918 1566 1568 411 
2919 1270 1636 218 
2920 1557 1576 1279 
2921 803 1627 802 
2922 492 1563 493 
2923 1367 1599 623 
2924 385 1564 399 
2925 474 1628 1309 
2926 253 1602 1355 
2927 1167 1599 781 
2928 1409 1565 913 
2929 1412 1594 1030 
2930 238 1620 1107 
2931 7 1596 6 
2932 85 1597 84 
2933 1376 1597 1374 
2934 1023 1566 1325 
2935 1277 1781 929 
2936 216 1781 1277 
2937 799 1603 792 
2938 1211 1567 1361 
2939 227 1700 993 
2940 1036 1698 910 
2941 1344 1604 1343 
2942 487 1569 489 
2943 411 1568 1404 
2944 1027 1776 1252 
2945 796 1591 1553 
2946 1166 1615 1167 
2947 1309 1629 474 
2948 292 1608 1373 
2949 1325 1566 1564 
2950 289 1609 125 
2951 263 1770 1148 
2952 1568 1570 1404 
2953 1085 1571 1087 
2954 298 1761 1371 
2955 1110 1615 896 
2956 1404 1570 589 
2957 476 1605 562 
2958 1570 1573 589 
2959 74 1611 284 
2960 214 1611 75 
2961 991 1695 235 
2962 855 1605 679 
2963 1066 1572 1063 
2964 788 1773 1548 
2965 288 1613 47 
2966 589 1573 1407 
2967 661 1612 786 
2968 1055 1614 1059 
2969 1069 1614 1057 
2970 1582 1587 1087 
2971 1227 1617 1216 
2972 1573 1574 1407 
2973 1329 1633 902 
2974 1407 1574 681 
2975 964 1654 1104 
2976 1038 1640 272 
2977 834 1575 836 
2978 1593 1598 857 
2979 1033 1762 217 
2980 101 1625 246 
2981 1309 1628 899 
2982 1243 1627 271 
2983 470 1619 474 
2984 562 1619 472 
2985 897 1628 1110 
2986 1087 1587 1088 
2987 990 1616 1447 
2988 930 1623 677 
2989 652 1623 784 
2990 577 1582 1571 
2991 1088 1624 1086 
2992 303 1577 306 
2993 367 1626 365 
2994 1509 1601 944 
2995 1515 1717 950 
2996 967 1677 1675 
2997 551 1576 1518 
2998 1332 1746 1333 
2999 510 1578 508 
3000 1297 1632 1296 
3001 1244 1670 240 
3002 289 1729 1609 
3003 1133 1642 881 
3004 257 1660 1633 
3005 948 1708 947 
3006 474 1629 468 
3007 1466 1638 942 
3008 1351 1637 1348 
3009 785 1579 1155 
3010 1036 1783 242 
3011 902 1633 900 
3012 464 1635 585 
3013 1369 1759 995 
3014 277 1641 1264 
3015 904 1639 907 
3016 777 1581 779 
3017 1151 1580 883 
3018 1588 1710 1261 
3019 1258 1583 283 
3020 763 1582 1417 
3021 916 1636 1420 
3022 932 1584 783 
3023 368 1585 370 
3024 763 1587 1582 
3025 1222 1665 1221 
3026 204 1777 1035 
3027 1299 1688 1297 
3028 1120 1586 849 
3029 243 1745 1672 
3030 644 1598 1154 
3031 1302 1643 1303 
3032 1424 1587 763 
3033 1630 1713 245 
3034 1027 1588 1429 
3035 88 1590 87 
3036 1096 1589 877 
3037 1229 1647 1181 
3038 504 1646 590 
3039 622 1646 506 
3040 795 1591 796 
3041 1311 1592 752 
3042 612 1610 644 
3043 1183 1647 1246 
3044 859 1645 670 
3045 249 1652 105 
3046 104 1652 266 
3047 1232 1626 406 
3048 865 1653 863 
3049 1634 1777 204 
3050 919 1757 1595 
3051 1548 1773 970 
3052 1247 1655 1248 
3053 1307 1656 585 
3054 1571 1582 1087 
3055 379 1649 377 
3056 871 1654 869 
3057 1080 1648 1089 
3058 1300 1676 1592 
3059 858 1651 995 
3060 809 1657 910 
3061 1321 1610 612 
3062 1020 1594 1412 
3063 1643 1706 937 
3064 364 1658 608 
3065 1590 1724 293 
3066 782 1650 1433 
3067 201 1595 202 
3068 288 1739 989 
3069 585 1656 463 
3070 39 1659 38 
3071 891 1761 1376 
3072 40 1661 261 
3073 290 1661 41 
3074 1725 1744 1673 
3075 1321 1618 1610 
3076 905 1660 960 
3077 1003 1640 1005 
3078 605 1667 360 
3079 1098 1702 1148 
3080 259 1664 78 
3081 412 1665 400 
3082 623 1618 1321 
3083 1373 1596 7 
3084 1374 1597 85 
3085 263 1702 1595 
3086 857 1598 799 
3087 280 1668 1276 
3088 391 1663 375 
3089 240 1670 1575 
3090 1363 1602 253 
3091 373 1663 564 
3092 1252 1776 1038 
3093 365 1666 363 
3094 284 1696 1284 
3095 165 1600 166 
3096 781 1599 1367 
3097 1440 1631 1074 
3098 243 1672 26 
3099 25 1672 268 
3100 1671 1765 194 
3101 1644 1770 263 
3102 1731 1761 891 
3103 1717 1774 950 
3104 863 1674 817 
3105 797 1593 1560 
3106 792 1603 794 
3107 816 1602 815 
3108 941 1601 1509 
3109 194 1765 1092 
3110 1343 1604 274 
3111 748 1676 750 
3112 1612 1716 1345 
3113 998 1622 979 
3114 902 1772 1328 
3115 990 1774 1253 
3116 869 1679 867 
3117 1539 1650 948 
3118 679 1605 476 
3119 882 1700 1534 
3120 32 1680 31 
3121 46 1606 45 
3122 124 1607 123 
3123 1353 1608 292 
3124 1708 1769 947 
3125 951 1683 952 
3126 124 1609 1607 
3127 287 1651 1362 
3128 125 1609 124 
3129 153 1687 217 
3130 1213 1779 1222 
3131 241 1684 1243 
3132 278 1687 154 
3133 997 1713 1125 
3134 46 1613 1606 
3135 226 1682 196 
3136 1279 1621 1280 
3137 836 1670 1515 
3138 1609 1729 908 
3139 593 1691 1227 
3140 52 1689 51 
3141 265 1698 1036 
3142 1667 1678 977 
3143 75 1611 74 
3144 681 1612 661 
3145 68 1692 247 
3146 282 1692 69 
3147 896 1615 1166 
3148 47 1613 46 
3149 1534 1700 227 
3150 1057 1614 1055 
3151 229 1699 1271 
3152 51 1693 50 
3153 690 1691 625 
3154 563 1656 1632 
3155 592 1691 593 
3156 1074 1631 1379 
3157 1610 1618 794 
3158 926 1625 1034 
3159 1375 1754 1376 
3160 279 1720 1281 
3161 1216 1617 1223 
3162 1177 1767 986 
3163 1447 1616 808 
3164 1233 1626 1232 
3165 794 1618 855 
3166 1272 1685 228 
3167 938 1724 1590 
3168 1262 1708 1263 
3169 1548 1695 1109 
3170 472 1619 470 
3171 31 1705 30 
3172 845 1620 1152 
3173 38 1706 37 
3174 910 1783 1036 
3175 1613 1694 1606 
3176 235 1695 1548 
3177 937 1768 860 
3178 1138 1733 936 
3179 1401 1621 1576 
3180 1296 1632 1306 
3181 1249 1726 1250 
3182 216 1720 14 
3183 13 1720 279 
3184 1375 1724 892 
3185 835 1714 928 
3186 677 1623 652 
3187 1299 1752 1688 
3188 1086 1624 1384 
3189 1222 1727 1665 
3190 102 1625 101 
3191 936 1733 813 
3192 1000 1744 251 
3193 894 1745 1328 
3194 271 1627 1255 
3195 899 1628 897 
3196 406 1626 367 
3197 644 1610 1603 
3198 851 1728 689 
3199 381 1727 379 
3200 1326 1734 1298 
3201 721 1677 997 
3202 729 1750 887 
3203 946 1731 888 
3204 1035 1777 887 
3205 843 1690 1554 
3206 945 1718 1457 
3207 1673 1686 711 
3208 1255 1769 1254 
3209 1227 1753 593 
3210 6 1735 1 
3211 1 1735 83 
3212 84 1736 2 
3213 2 1736 44 
3214 703 1767 702 
3215 1256 1757 917 
3216 724 1767 1177 
3217 1372 1740 294 
3218 1240 1723 1089 
3219 1238 1760 267 
3220 260 1739 49 
3221 48 1739 288 
3222 1281 1751 279 
3223 76 1755 214 
3224 1215 1753 1227 
3225 894 1772 895 
3226 1038 1776 1007 
3227 1009 1776 1027 
3228 1342 1707 254 
3229 1379 1775 1070 
3230 889 1754 892 
3231 923 1747 992 
3232 1034 1747 922 
3233 669 1758 630 
3234 898 1772 902 
3235 1033 1756 912 
3236 231 1710 1252 
3237 1030 1711 1028 
3238 468 1629 466 
3239 1229 1714 1647 
3240 185 1630 186 
3241 279 1751 1351 
3242 1245 1631 269 
3243 1005 1640 1038 
3244 45 1737 3 
3245 3 1737 161 
3246 123 1738 4 
3247 4 1738 122 
3248 1629 1635 466 
3249 900 1633 903 
3250 232 1634 203 
3251 784 1722 1510 
3252 1576 1621 1279 
3253 1584 1682 226 
3254 1241 1785 1094 
3255 1560 1712 250 
3256 466 1635 464 
3257 1420 1636 931 
3258 1269 1703 275 
3259 1592 1676 752 
3260 1351 1751 1280 
3261 989 1638 1541 
3262 1348 1637 1350 
3263 1625 1718 246 
3264 906 1639 904 
3265 790 1642 1133 
3266 1541 1638 1466 
3267 272 1640 1242 
3268 1275 1641 277 
3269 1700 1786 993 
3270 593 1753 1399 
3271 910 1698 1172 
3272 995 1759 996 
3273 1699 1784 1271 
3274 808 1704 676 
3275 1363 1681 1602 
3276 212 1643 1302 
3277 1603 1610 794 
3278 199 1644 200 
3279 241 1749 1684 
3280 944 1715 916 
3281 251 1744 1725 
3282 1094 1785 945 
3283 1565 1762 913 
3284 1252 1710 1027 
3285 1274 1762 1565 
3286 1003 1732 1640 
3287 1257 1701 1258 
3288 1602 1681 815 
3289 196 1682 197 
3290 1672 1745 994 
3291 1222 1779 1649 
3292 1593 1712 1560 
3293 978 1686 1673 
3294 1633 1660 903 
3295 1440 1723 1631 
3296 1020 1703 1594 
3297 1600 1653 880 
3298 670 1645 669 
3299 506 1646 504 
3300 1181 1647 1183 
3301 1560 1719 932 
3302 1082 1648 1080 
3303 1685 1771 228 
3304 377 1649 391 
3305 987 1694 1613 
3306 1651 1743 1362 
3307 880 1653 865 
3308 885 1651 858 
3309 105 1652 104 
3310 1553 1780 844 
3311 941 1707 1601 
3312 874 1654 871 
3313 273 1655 1247 
3314 1604 1711 274 
3315 463 1656 563 
3316 1433 1650 1539 
3317 1172 1698 1586 
3318 1001 1787 1732 
3319 811 1657 809 
3320 362 1658 364 
3321 1692 1775 247 
3322 927 1712 857 
3323 1243 1684 1627 
3324 1139 1678 605 
3325 261 1659 39 
3326 1659 1768 937 
3327 1732 1787 249 
3328 217 1762 1274 
3329 950 1774 990 
3330 1349 1709 1353 
3331 903 1660 905 
3332 41 1661 40 
3333 1642 1725 881 
3334 681 1716 1612 
3335 362 1667 1658 
3336 296 1662 1372 
3337 862 1662 908 
3338 375 1663 373 
3339 78 1664 77 
3340 1214 1741 1260 
3341 400 1665 386 
3342 590 1669 1140 
3343 849 1766 1107 
3344 884 1786 1700 
3345 1139 1686 1678 
3346 360 1667 362 
3347 363 1666 414 
3348 1301 1752 1299 
3349 259 1743 1039 
3350 711 1686 1139 
3351 1676 1734 750 
3352 1263 1668 280 
3353 1630 1773 909 
3354 1606 1694 297 
3355 1620 1764 1152 
3356 1280 1751 1278 
3357 1631 1723 269 
3358 1583 1685 1272 
3359 949 1689 1591 
3360 926 1718 1625 
3361 968 1669 1037 
3362 212 1706 1643 
3363 1297 1688 1632 
3364 935 1742 1370 
3365 223 1671 193 
3366 1092 1765 959 
3367 26 1672 25 
3368 1669 1675 1140 
3369 1345 1716 1344 
3370 916 1715 1636 
3371 1660 1705 960 
3372 1640 1732 1242 
3373 881 1673 711 
3374 1140 1675 721 
3375 817 1674 936 
3376 968 1675 1669 
3377 1714 1760 928 
3378 967 1675 968 
3379 752 1676 748 
3380 1647 1714 841 
3381 1239 1749 241 
3382 1236 1730 1233 
3383 1276 1781 216 
3384 1107 1766 981 
3385 1069 1699 1614 
3386 291 1681 1363 
3387 1641 1704 808 
3388 977 1678 976 
3389 867 1679 880 
3390 224 1680 32 
3391 815 1681 933 
3392 1611 1696 284 
3393 1350 1709 1349 
3394 952 1683 955 
3395 1082 1746 1648 
3396 1219 1730 1236 
3397 248 1701 1257 
3398 1678 1686 976 
3399 811 1733 1657 
3400 885 1743 1651 
3401 1586 1698 265 
3402 802 1684 1454 
3403 1575 1670 836 
3404 976 1686 978 
3405 943 1685 798 
3406 154 1687 153 
3407 1665 1727 386 
3408 945 1785 1718 
3409 563 1688 1444 
3410 215 1689 52 
3411 1655 1722 1248 
3412 798 1685 1583 
3413 844 1690 843 
3414 1591 1689 215 
3415 625 1691 592 
3416 69 1692 68 
3417 50 1693 260 
3418 1670 1717 1515 
3419 1664 1755 77 
3420 908 1729 851 
3421 1627 1684 802 
3422 935 1694 987 
3423 1109 1695 856 
3424 676 1704 853 
3425 1068 1696 1097 
3426 168 1697 169 
3427 1285 1699 229 
3428 1088 1701 1624 
3429 884 1700 882 
3430 1001 1732 1003 
3431 291 1742 1681 
3432 1219 1782 1730 
3433 281 1780 1287 
3434 1271 1784 282 
3435 919 1702 1098 
3436 224 1748 1680 
3437 1125 1713 909 
3438 892 1724 938 
3439 1681 1742 933 
3440 1031 1703 1020 
3441 1089 1723 1440 
3442 1362 1743 259 
3443 932 1682 1584 
3444 228 1771 1286 
3445 1353 1709 1645 
3446 943 1771 1685 
3447 30 1705 257 
3448 37 1706 212 
3449 1148 1770 927 
3450 236 1708 1262 
3451 1595 1702 919 
3452 999 1786 1111 
3453 1684 1749 1454 
3454 939 1707 941 
3455 1328 1745 243 
3456 1069 1784 1699 
3457 274 1711 1316 
3458 909 1713 1630 
3459 218 1715 1315 
3460 841 1714 835 
3461 1688 1752 1444 
3462 270 1717 1244 
3463 982 1725 1642 
3464 1614 1699 1285 
3465 1596 1735 6 
3466 1597 1736 84 
3467 197 1719 198 
3468 14 1720 13 
3469 1457 1718 926 
3470 163 1721 164 
3471 1632 1688 563 
3472 1286 1771 1554 
3473 1704 1763 853 
3474 269 1723 1240 
3475 1636 1715 218 
3476 1250 1726 276 
3477 293 1724 1375 
3478 1097 1696 1611 
3479 993 1786 999 
3480 251 1725 982 
3481 282 1784 1572 
3482 386 1727 381 
3483 689 1728 690 
3484 1365 1729 289 
3485 1510 1722 1095 
3486 1242 1732 249 
3487 888 1731 891 
3488 1235 1741 1214 
3489 236 1769 1708 
3490 813 1733 811 
3491 1298 1734 1300 
3492 1624 1701 248 
3493 270 1774 1717 
3494 161 1737 297 
3495 122 1738 296 
3496 1674 1721 936 
3497 83 1735 299 
3498 44 1736 298 
3499 1275 1763 1704 
3500 1220 1782 1219 
3501 1278 1751 1281 
3502 1370 1742 291 
3503 881 1725 1673 
3504 1657 1783 910 
3505 294 1740 1358 
3506 49 1739 48 
3507 1730 1782 414 
3508 1111 1786 884 
3509 933 1742 935 
3510 1039 1743 885 
3511 1091 1775 1692 
3512 1304 1748 224 
3513 1574 1716 681 
3514 994 1745 894 
3515 1384 1746 1082 
3516 922 1747 923 
3517 1177 1750 729 
3518 1027 1710 1588 
3519 249 1787 1652 
3520 1454 1749 911 
3521 1218 1753 1215 
3522 917 1757 919 
3523 1444 1752 456 
3524 257 1705 1660 
3525 77 1755 76 
3526 891 1754 889 
3527 912 1756 914 
3528 630 1758 632 
3529 1233 1730 1666 
3530 299 1759 1369 
3531 1152 1764 703 
3532 857 1712 1593 
3533 267 1760 1229 
3534 853 1763 1565 
3535 1300 1734 1676 
3536 1274 1763 1275 
3537 1254 1769 236 
3538 913 1762 1033 
3539 1559 1779 1213 
3540 702 1767 724 
3541 246 1785 1241 
3542 909 1773 788 
3543 1253 1774 270 
3544 1546 1768 261 
3545 860 1768 1546 
3546 1561 1782 1220 
3547 391 1779 1559 
3548 895 1772 898 
3549 1007 1776 1009 
3550 1070 1775 1091 
3551 992 1787 1001 
3552 1572 1784 1069 
3553 414 1782 1561 
3554 299 1735 1596 
3555 298 1736 1597 
3556 1554 1771 943 
3557 1095 1722 1655 
3558 1565 1763 1274 
3559 1275 1704 1641 
3560 297 1737 1606 
3561 296 1738 1607 
3562 1244 1717 1670 
3563 887 1777 1634 
3564 1645 1709 669 
3565 1606 1737 45 
3566 1607 1738 123 
3567 1586 1766 849 
3568 1229 1760 1714 
3569 1690 1780 281 
3570 1649 1779 391 
3571 1666 1730 414 
3572 1718 1785 246 
3573 927 1770 1644 
3574 261 1768 1659 
3575 1673 1744 978 
3576 242 1783 1657 
3577 1652 1787 992 
3578 959 1765 1671 
3579 844 1780 1690 
$EndElements
