$MeshFormat
4.1 0 8
$EndMeshFormat
$Entities
8 8 1 0
1 0 0.499 0 0 
2 0 0 0 0 
3 0.2 0.499 0 0 
4 0.2 0.501 0 0 
5 0 0.501 0 0 
6 0 1 0 0 
7 1 1 0 0 
8 1 0 0 0 
1 -1e-07 -1.000000000028756e-07 -1e-07 1e-07 0.4990001 1e-07 0 2 1 -2 
2 -1.000000000028756e-07 0.4989999 -1e-07 0.2000001 0.4990001 1e-07 0 2 1 -3 
3 0.1999999 0.4989999 -1e-07 0.2000001 0.5010000999999999 1e-07 0 2 3 -4 
4 -1.000000000028756e-07 0.5009999000000001 -1e-07 0.2000001 0.5010000999999999 1e-07 0 2 4 -5 
5 -1e-07 0.5009999000000001 -1e-07 1e-07 1.0000001 1e-07 0 2 6 -5 
6 -9.999999994736442e-08 0.9999999000000001 -1e-07 1.0000001 1.0000001 1e-07 0 2 7 -6 
7 0.9999999000000001 -9.999999994736442e-08 -1e-07 1.0000001 1.0000001 1e-07 0 2 8 -7 
8 -9.999999994736442e-08 -1e-07 -1e-07 1.0000001 1e-07 1e-07 0 2 2 -8 
1 -9.999999994736442e-08 -9.999999994736442e-08 -1e-07 1.0000001 1.0000001 1e-07 0 8 1 8 7 6 5 -4 -3 -2 
$EndEntities
$Nodes
17 3805 1 3805
0 1 0 1
1
0 0.499 0
0 2 0 1
2
0 0 0
0 3 0 1
3
0.2 0.499 0
0 4 0 1
4
0.2 0.501 0
0 5 0 1
5
0 0.501 0
0 6 0 1
6
0 1 0
0 7 0 1
7
1 1 0
0 8 0 1
8
1 0 0
1 1 0 24
9
10
11
12
13
14
15
16
17
18
19
20
21
22
23
24
25
26
27
28
29
30
31
32
0 0.47904 0
0 0.4590799999999999 0
0 0.43912 0
0 0.41916 0
0 0.3992 0
0 0.37924 0
0 0.35928 0
0 0.3393200000000001 0
0 0.3193600000000001 0
0 0.2994000000000001 0
0 0.2794400000000001 0
0 0.2594800000000002 0
0 0.2395200000000003 0
0 0.2195600000000003 0
0 0.1996000000000003 0
0 0.1796400000000004 0
0 0.1596800000000003 0
0 0.1397200000000002 0
0 0.1197600000000002 0
0 0.09980000000000011 0
0 0.07984000000000013 0
0 0.05988000000000004 0
0 0.03992000000000007 0
0 0.01995999999999998 0
1 2 0 9
33
34
35
36
37
38
39
40
41
0.02000000000000002 0.499 0
0.04000000000000005 0.499 0
0.0600000000000001 0.499 0
0.08000000000000014 0.499 0
0.1000000000000001 0.499 0
0.1200000000000002 0.499 0
0.1400000000000002 0.499 0
0.1600000000000001 0.499 0
0.1800000000000001 0.499 0
1 3 0 0
1 4 0 9
42
43
44
45
46
47
48
49
50
0.18 0.501 0
0.16 0.501 0
0.1399999999999999 0.501 0
0.1199999999999999 0.501 0
0.09999999999999987 0.501 0
0.07999999999999985 0.501 0
0.05999999999999986 0.501 0
0.03999999999999987 0.501 0
0.01999999999999991 0.501 0
1 5 0 24
51
52
53
54
55
56
57
58
59
60
61
62
63
64
65
66
67
68
69
70
71
72
73
74
0 0.9800399999999999 0
0 0.9600799999999999 0
0 0.9401199999999998 0
0 0.9201599999999999 0
0 0.9001999999999998 0
0 0.8802399999999998 0
0 0.8602799999999997 0
0 0.8403199999999997 0
0 0.8203599999999998 0
0 0.8003999999999998 0
0 0.7804399999999997 0
0 0.7604799999999997 0
0 0.7405199999999996 0
0 0.7205599999999996 0
0 0.7005999999999994 0
0 0.6806399999999995 0
0 0.6606799999999995 0
0 0.6407199999999996 0
0 0.6207599999999995 0
0 0.6007999999999997 0
0 0.5808399999999998 0
0 0.5608799999999998 0
0 0.5409199999999998 0
0 0.5209599999999999 0
1 6 0 49
75
76
77
78
79
80
81
82
83
84
85
86
87
88
89
90
91
92
93
94
95
96
97
98
99
100
101
102
103
104
105
106
107
108
109
110
111
112
113
114
115
116
117
118
119
120
121
122
123
0.98 1 0
0.96 1 0
0.9399999999999999 1 0
0.92 1 0
0.9 1 0
0.88 1 0
0.86 1 0
0.84 1 0
0.8200000000000001 1 0
0.8 1 0
0.78 1 0
0.76 1 0
0.74 1 0
0.72 1 0
0.7 1 0
0.6799999999999999 1 0
0.6599999999999999 1 0
0.64 1 0
0.62 1 0
0.6 1 0
0.5800000000000001 1 0
0.5600000000000001 1 0
0.54 1 0
0.52 1 0
0.5 1 0
0.48 1 0
0.46 1 0
0.4399999999999999 1 0
0.42 1 0
0.4 1 0
0.38 1 0
0.36 1 0
0.34 1 0
0.32 1 0
0.3 1 0
0.28 1 0
0.26 1 0
0.24 1 0
0.22 1 0
0.2 1 0
0.18 1 0
0.16 1 0
0.14 1 0
0.12 1 0
0.09999999999999998 1 0
0.07999999999999996 1 0
0.06000000000000005 1 0
0.04000000000000004 1 0
0.02000000000000002 1 0
1 7 0 49
124
125
126
127
128
129
130
131
132
133
134
135
136
137
138
139
140
141
142
143
144
145
146
147
148
149
150
151
152
153
154
155
156
157
158
159
160
161
162
163
164
165
166
167
168
169
170
171
172
1 0.02 0
1 0.04 0
1 0.06 0
1 0.08 0
1 0.1 0
1 0.12 0
1 0.14 0
1 0.16 0
1 0.18 0
1 0.2 0
1 0.22 0
1 0.24 0
1 0.26 0
1 0.28 0
1 0.3 0
1 0.32 0
1 0.34 0
1 0.36 0
1 0.38 0
1 0.4 0
1 0.42 0
1 0.44 0
1 0.46 0
1 0.48 0
1 0.5 0
1 0.52 0
1 0.54 0
1 0.5600000000000001 0
1 0.58 0
1 0.6 0
1 0.62 0
1 0.64 0
1 0.66 0
1 0.68 0
1 0.7 0
1 0.72 0
1 0.74 0
1 0.76 0
1 0.78 0
1 0.8 0
1 0.82 0
1 0.84 0
1 0.86 0
1 0.88 0
1 0.9 0
1 0.92 0
1 0.9399999999999999 0
1 0.96 0
1 0.98 0
1 8 0 49
173
174
175
176
177
178
179
180
181
182
183
184
185
186
187
188
189
190
191
192
193
194
195
196
197
198
199
200
201
202
203
204
205
206
207
208
209
210
211
212
213
214
215
216
217
218
219
220
221
0.02 0 0
0.04 0 0
0.06 0 0
0.08 0 0
0.1 0 0
0.12 0 0
0.14 0 0
0.16 0 0
0.18 0 0
0.2 0 0
0.22 0 0
0.24 0 0
0.26 0 0
0.28 0 0
0.3 0 0
0.32 0 0
0.34 0 0
0.36 0 0
0.38 0 0
0.4 0 0
0.42 0 0
0.44 0 0
0.46 0 0
0.48 0 0
0.5 0 0
0.52 0 0
0.54 0 0
0.5600000000000001 0 0
0.58 0 0
0.6 0 0
0.62 0 0
0.64 0 0
0.66 0 0
0.68 0 0
0.7 0 0
0.72 0 0
0.74 0 0
0.76 0 0
0.78 0 0
0.8 0 0
0.82 0 0
0.84 0 0
0.86 0 0
0.88 0 0
0.9 0 0
0.92 0 0
0.9399999999999999 0 0
0.96 0 0
0.98 0 0
2 1 0 3584
222
223
224
225
226
227
228
229
230
231
232
233
234
235
236
237
238
239
240
241
242
243
244
245
246
247
248
249
250
251
252
253
254
255
256
257
258
259
260
261
262
263
264
265
266
267
268
269
270
271
272
273
274
275
276
277
278
279
280
281
282
283
284
285
286
287
288
289
290
291
292
293
294
295
296
297
298
299
300
301
302
303
304
305
306
307
308
309
310
311
312
313
314
315
316
317
318
319
320
321
322
323
324
325
326
327
328
329
330
331
332
333
334
335
336
337
338
339
340
341
342
343
344
345
346
347
348
349
350
351
352
353
354
355
356
357
358
359
360
361
362
363
364
365
366
367
368
369
370
371
372
373
374
375
376
377
378
379
380
381
382
383
384
385
386
387
388
389
390
391
392
393
394
395
396
397
398
399
400
401
402
403
404
405
406
407
408
409
410
411
412
413
414
415
416
417
418
419
420
421
422
423
424
425
426
427
428
429
430
431
432
433
434
435
436
437
438
439
440
441
442
443
444
445
446
447
448
449
450
451
452
453
454
455
456
457
458
459
460
461
462
463
464
465
466
467
468
469
470
471
472
473
474
475
476
477
478
479
480
481
482
483
484
485
486
487
488
489
490
491
492
493
494
495
496
497
498
499
500
501
502
503
504
505
506
507
508
509
510
511
512
513
514
515
516
517
518
519
520
521
522
523
524
525
526
527
528
529
530
531
532
533
534
535
536
537
538
539
540
541
542
543
544
545
546
547
548
549
550
551
552
553
554
555
556
557
558
559
560
561
562
563
564
565
566
567
568
569
570
571
572
573
574
575
576
577
578
579
580
581
582
583
584
585
586
587
588
589
590
591
592
593
594
595
596
597
598
599
600
601
602
603
604
605
606
607
608
609
610
611
612
613
614
615
616
617
618
619
620
621
622
623
624
625
626
627
628
629
630
631
632
633
634
635
636
637
638
639
640
641
642
643
644
645
646
647
648
649
650
651
652
653
654
655
656
657
658
659
660
661
662
663
664
665
666
667
668
669
670
671
672
673
674
675
676
677
678
679
680
681
682
683
684
685
686
687
688
689
690
691
692
693
694
695
696
697
698
699
700
701
702
703
704
705
706
707
708
709
710
711
712
713
714
715
716
717
718
719
720
721
722
723
724
725
726
727
728
729
730
731
732
733
734
735
736
737
738
739
740
741
742
743
744
745
746
747
748
749
750
751
752
753
754
755
756
757
758
759
760
761
762
763
764
765
766
767
768
769
770
771
772
773
774
775
776
777
778
779
780
781
782
783
784
785
786
787
788
789
790
791
792
793
794
795
796
797
798
799
800
801
802
803
804
805
806
807
808
809
810
811
812
813
814
815
816
817
818
819
820
821
822
823
824
825
826
827
828
829
830
831
832
833
834
835
836
837
838
839
840
841
842
843
844
845
846
847
848
849
850
851
852
853
854
855
856
857
858
859
860
861
862
863
864
865
866
867
868
869
870
871
872
873
874
875
876
877
878
879
880
881
882
883
884
885
886
887
888
889
890
891
892
893
894
895
896
897
898
899
900
901
902
903
904
905
906
907
908
909
910
911
912
913
914
915
916
917
918
919
920
921
922
923
924
925
926
927
928
929
930
931
932
933
934
935
936
937
938
939
940
941
942
943
944
945
946
947
948
949
950
951
952
953
954
955
956
957
958
959
960
961
962
963
964
965
966
967
968
969
970
971
972
973
974
975
976
977
978
979
980
981
982
983
984
985
986
987
988
989
990
991
992
993
994
995
996
997
998
999
1000
1001
1002
1003
1004
1005
1006
1007
1008
1009
1010
1011
1012
1013
1014
1015
1016
1017
1018
1019
1020
1021
1022
1023
1024
1025
1026
1027
1028
1029
1030
1031
1032
1033
1034
1035
1036
1037
1038
1039
1040
1041
1042
1043
1044
1045
1046
1047
1048
1049
1050
1051
1052
1053
1054
1055
1056
1057
1058
1059
1060
1061
1062
1063
1064
1065
1066
1067
1068
1069
1070
1071
1072
1073
1074
1075
1076
1077
1078
1079
1080
1081
1082
1083
1084
1085
1086
1087
1088
1089
1090
1091
1092
1093
1094
1095
1096
1097
1098
1099
1100
1101
1102
1103
1104
1105
1106
1107
1108
1109
1110
1111
1112
1113
1114
1115
1116
1117
1118
1119
1120
1121
1122
1123
1124
1125
1126
1127
1128
1129
1130
1131
1132
1133
1134
1135
1136
1137
1138
1139
1140
1141
1142
1143
1144
1145
1146
1147
1148
1149
1150
1151
1152
1153
1154
1155
1156
1157
1158
1159
1160
1161
1162
1163
1164
1165
1166
1167
1168
1169
1170
1171
1172
1173
1174
1175
1176
1177
1178
1179
1180
1181
1182
1183
1184
1185
1186
1187
1188
1189
1190
1191
1192
1193
1194
1195
1196
1197
1198
1199
1200
1201
1202
1203
1204
1205
1206
1207
1208
1209
1210
1211
1212
1213
1214
1215
1216
1217
1218
1219
1220
1221
1222
1223
1224
1225
1226
1227
1228
1229
1230
1231
1232
1233
1234
1235
1236
1237
1238
1239
1240
1241
1242
1243
1244
1245
1246
1247
1248
1249
1250
1251
1252
1253
1254
1255
1256
1257
1258
1259
1260
1261
1262
1263
1264
1265
1266
1267
1268
1269
1270
1271
1272
1273
1274
1275
1276
1277
1278
1279
1280
1281
1282
1283
1284
1285
1286
1287
1288
1289
1290
1291
1292
1293
1294
1295
1296
1297
1298
1299
1300
1301
1302
1303
1304
1305
1306
1307
1308
1309
1310
1311
1312
1313
1314
1315
1316
1317
1318
1319
1320
1321
1322
1323
1324
1325
1326
1327
1328
1329
1330
1331
1332
1333
1334
1335
1336
1337
1338
1339
1340
1341
1342
1343
1344
1345
1346
1347
1348
1349
1350
1351
1352
1353
1354
1355
1356
1357
1358
1359
1360
1361
1362
1363
1364
1365
1366
1367
1368
1369
1370
1371
1372
1373
1374
1375
1376
1377
1378
1379
1380
1381
1382
1383
1384
1385
1386
1387
1388
1389
1390
1391
1392
1393
1394
1395
1396
1397
1398
1399
1400
1401
1402
1403
1404
1405
1406
1407
1408
1409
1410
1411
1412
1413
1414
1415
1416
1417
1418
1419
1420
1421
1422
1423
1424
1425
1426
1427
1428
1429
1430
1431
1432
1433
1434
1435
1436
1437
1438
1439
1440
1441
1442
1443
1444
1445
1446
1447
1448
1449
1450
1451
1452
1453
1454
1455
1456
1457
1458
1459
1460
1461
1462
1463
1464
1465
1466
1467
1468
1469
1470
1471
1472
1473
1474
1475
1476
1477
1478
1479
1480
1481
1482
1483
1484
1485
1486
1487
1488
1489
1490
1491
1492
1493
1494
1495
1496
1497
1498
1499
1500
1501
1502
1503
1504
1505
1506
1507
1508
1509
1510
1511
1512
1513
1514
1515
1516
1517
1518
1519
1520
1521
1522
1523
1524
1525
1526
1527
1528
1529
1530
1531
1532
1533
1534
1535
1536
1537
1538
1539
1540
1541
1542
1543
1544
1545
1546
1547
1548
1549
1550
1551
1552
1553
1554
1555
1556
1557
1558
1559
1560
1561
1562
1563
1564
1565
1566
1567
1568
1569
1570
1571
1572
1573
1574
1575
1576
1577
1578
1579
1580
1581
1582
1583
1584
1585
1586
1587
1588
1589
1590
1591
1592
1593
1594
1595
1596
1597
1598
1599
1600
1601
1602
1603
1604
1605
1606
1607
1608
1609
1610
1611
1612
1613
1614
1615
1616
1617
1618
1619
1620
1621
1622
1623
1624
1625
1626
1627
1628
1629
1630
1631
1632
1633
1634
1635
1636
1637
1638
1639
1640
1641
1642
1643
1644
1645
1646
1647
1648
1649
1650
1651
1652
1653
1654
1655
1656
1657
1658
1659
1660
1661
1662
1663
1664
1665
1666
1667
1668
1669
1670
1671
1672
1673
1674
1675
1676
1677
1678
1679
1680
1681
1682
1683
1684
1685
1686
1687
1688
1689
1690
1691
1692
1693
1694
1695
1696
1697
1698
1699
1700
1701
1702
1703
1704
1705
1706
1707
1708
1709
1710
1711
1712
1713
1714
1715
1716
1717
1718
1719
1720
1721
1722
1723
1724
1725
1726
1727
1728
1729
1730
1731
1732
1733
1734
1735
1736
1737
1738
1739
1740
1741
1742
1743
1744
1745
1746
1747
1748
1749
1750
1751
1752
1753
1754
1755
1756
1757
1758
1759
1760
1761
1762
1763
1764
1765
1766
1767
1768
1769
1770
1771
1772
1773
1774
1775
1776
1777
1778
1779
1780
1781
1782
1783
1784
1785
1786
1787
1788
1789
1790
1791
1792
1793
1794
1795
1796
1797
1798
1799
1800
1801
1802
1803
1804
1805
1806
1807
1808
1809
1810
1811
1812
1813
1814
1815
1816
1817
1818
1819
1820
1821
1822
1823
1824
1825
1826
1827
1828
1829
1830
1831
1832
1833
1834
1835
1836
1837
1838
1839
1840
1841
1842
1843
1844
1845
1846
1847
1848
1849
1850
1851
1852
1853
1854
1855
1856
1857
1858
1859
1860
1861
1862
1863
1864
1865
1866
1867
1868
1869
1870
1871
1872
1873
1874
1875
1876
1877
1878
1879
1880
1881
1882
1883
1884
1885
1886
1887
1888
1889
1890
1891
1892
1893
1894
1895
1896
1897
1898
1899
1900
1901
1902
1903
1904
1905
1906
1907
1908
1909
1910
1911
1912
1913
1914
1915
1916
1917
1918
1919
1920
1921
1922
1923
1924
1925
1926
1927
1928
1929
1930
1931
1932
1933
1934
1935
1936
1937
1938
1939
1940
1941
1942
1943
1944
1945
1946
1947
1948
1949
1950
1951
1952
1953
1954
1955
1956
1957
1958
1959
1960
1961
1962
1963
1964
1965
1966
1967
1968
1969
1970
1971
1972
1973
1974
1975
1976
1977
1978
1979
1980
1981
1982
1983
1984
1985
1986
1987
1988
1989
1990
1991
1992
1993
1994
1995
1996
1997
1998
1999
2000
2001
2002
2003
2004
2005
2006
2007
2008
2009
2010
2011
2012
2013
2014
2015
2016
2017
2018
2019
2020
2021
2022
2023
2024
2025
2026
2027
2028
2029
2030
2031
2032
2033
2034
2035
2036
2037
2038
2039
2040
2041
2042
2043
2044
2045
2046
2047
2048
2049
2050
2051
2052
2053
2054
2055
2056
2057
2058
2059
2060
2061
2062
2063
2064
2065
2066
2067
2068
2069
2070
2071
2072
2073
2074
2075
2076
2077
2078
2079
2080
2081
2082
2083
2084
2085
2086
2087
2088
2089
2090
2091
2092
2093
2094
2095
2096
2097
2098
2099
2100
2101
2102
2103
2104
2105
2106
2107
2108
2109
2110
2111
2112
2113
2114
2115
2116
2117
2118
2119
2120
2121
2122
2123
2124
2125
2126
2127
2128
2129
2130
2131
2132
2133
2134
2135
2136
2137
2138
2139
2140
2141
2142
2143
2144
2145
2146
2147
2148
2149
2150
2151
2152
2153
2154
2155
2156
2157
2158
2159
2160
2161
2162
2163
2164
2165
2166
2167
2168
2169
2170
2171
2172
2173
2174
2175
2176
2177
2178
2179
2180
2181
2182
2183
2184
2185
2186
2187
2188
2189
2190
2191
2192
2193
2194
2195
2196
2197
2198
2199
2200
2201
2202
2203
2204
2205
2206
2207
2208
2209
2210
2211
2212
2213
2214
2215
2216
2217
2218
2219
2220
2221
2222
2223
2224
2225
2226
2227
2228
2229
2230
2231
2232
2233
2234
2235
2236
2237
2238
2239
2240
2241
2242
2243
2244
2245
2246
2247
2248
2249
2250
2251
2252
2253
2254
2255
2256
2257
2258
2259
2260
2261
2262
2263
2264
2265
2266
2267
2268
2269
2270
2271
2272
2273
2274
2275
2276
2277
2278
2279
2280
2281
2282
2283
2284
2285
2286
2287
2288
2289
2290
2291
2292
2293
2294
2295
2296
2297
2298
2299
2300
2301
2302
2303
2304
2305
2306
2307
2308
2309
2310
2311
2312
2313
2314
2315
2316
2317
2318
2319
2320
2321
2322
2323
2324
2325
2326
2327
2328
2329
2330
2331
2332
2333
2334
2335
2336
2337
2338
2339
2340
2341
2342
2343
2344
2345
2346
2347
2348
2349
2350
2351
2352
2353
2354
2355
2356
2357
2358
2359
2360
2361
2362
2363
2364
2365
2366
2367
2368
2369
2370
2371
2372
2373
2374
2375
2376
2377
2378
2379
2380
2381
2382
2383
2384
2385
2386
2387
2388
2389
2390
2391
2392
2393
2394
2395
2396
2397
2398
2399
2400
2401
2402
2403
2404
2405
2406
2407
2408
2409
2410
2411
2412
2413
2414
2415
2416
2417
2418
2419
2420
2421
2422
2423
2424
2425
2426
2427
2428
2429
2430
2431
2432
2433
2434
2435
2436
2437
2438
2439
2440
2441
2442
2443
2444
2445
2446
2447
2448
2449
2450
2451
2452
2453
2454
2455
2456
2457
2458
2459
2460
2461
2462
2463
2464
2465
2466
2467
2468
2469
2470
2471
2472
2473
2474
2475
2476
2477
2478
2479
2480
2481
2482
2483
2484
2485
2486
2487
2488
2489
2490
2491
2492
2493
2494
2495
2496
2497
2498
2499
2500
2501
2502
2503
2504
2505
2506
2507
2508
2509
2510
2511
2512
2513
2514
2515
2516
2517
2518
2519
2520
2521
2522
2523
2524
2525
2526
2527
2528
2529
2530
2531
2532
2533
2534
2535
2536
2537
2538
2539
2540
2541
2542
2543
2544
2545
2546
2547
2548
2549
2550
2551
2552
2553
2554
2555
2556
2557
2558
2559
2560
2561
2562
2563
2564
2565
2566
2567
2568
2569
2570
2571
2572
2573
2574
2575
2576
2577
2578
2579
2580
2581
2582
2583
2584
2585
2586
2587
2588
2589
2590
2591
2592
2593
2594
2595
2596
2597
2598
2599
2600
2601
2602
2603
2604
2605
2606
2607
2608
2609
2610
2611
2612
2613
2614
2615
2616
2617
2618
2619
2620
2621
2622
2623
2624
2625
2626
2627
2628
2629
2630
2631
2632
2633
2634
2635
2636
2637
2638
2639
2640
2641
2642
2643
2644
2645
2646
2647
2648
2649
2650
2651
2652
2653
2654
2655
2656
2657
2658
2659
2660
2661
2662
2663
2664
2665
2666
2667
2668
2669
2670
2671
2672
2673
2674
2675
2676
2677
2678
2679
2680
2681
2682
2683
2684
2685
2686
2687
2688
2689
2690
2691
2692
2693
2694
2695
2696
2697
2698
2699
2700
2701
2702
2703
2704
2705
2706
2707
2708
2709
2710
2711
2712
2713
2714
2715
2716
2717
2718
2719
2720
2721
2722
2723
2724
2725
2726
2727
2728
2729
2730
2731
2732
2733
2734
2735
2736
2737
2738
2739
2740
2741
2742
2743
2744
2745
2746
2747
2748
2749
2750
2751
2752
2753
2754
2755
2756
2757
2758
2759
2760
2761
2762
2763
2764
2765
2766
2767
2768
2769
2770
2771
2772
2773
2774
2775
2776
2777
2778
2779
2780
2781
2782
2783
2784
2785
2786
2787
2788
2789
2790
2791
2792
2793
2794
2795
2796
2797
2798
2799
2800
2801
2802
2803
2804
2805
2806
2807
2808
2809
2810
2811
2812
2813
2814
2815
2816
2817
2818
2819
2820
2821
2822
2823
2824
2825
2826
2827
2828
2829
2830
2831
2832
2833
2834
2835
2836
2837
2838
2839
2840
2841
2842
2843
2844
2845
2846
2847
2848
2849
2850
2851
2852
2853
2854
2855
2856
2857
2858
2859
2860
2861
2862
2863
2864
2865
2866
2867
2868
2869
2870
2871
2872
2873
2874
2875
2876
2877
2878
2879
2880
2881
2882
2883
2884
2885
2886
2887
2888
2889
2890
2891
2892
2893
2894
2895
2896
2897
2898
2899
2900
2901
2902
2903
2904
2905
2906
2907
2908
2909
2910
2911
2912
2913
2914
2915
2916
2917
2918
2919
2920
2921
2922
2923
2924
2925
2926
2927
2928
2929
2930
2931
2932
2933
2934
2935
2936
2937
2938
2939
2940
2941
2942
2943
2944
2945
2946
2947
2948
2949
2950
2951
2952
2953
2954
2955
2956
2957
2958
2959
2960
2961
2962
2963
2964
2965
2966
2967
2968
2969
2970
2971
2972
2973
2974
2975
2976
2977
2978
2979
2980
2981
2982
2983
2984
2985
2986
2987
2988
2989
2990
2991
2992
2993
2994
2995
2996
2997
2998
2999
3000
3001
3002
3003
3004
3005
3006
3007
3008
3009
3010
3011
3012
3013
3014
3015
3016
3017
3018
3019
3020
3021
3022
3023
3024
3025
3026
3027
3028
3029
3030
3031
3032
3033
3034
3035
3036
3037
3038
3039
3040
3041
3042
3043
3044
3045
3046
3047
3048
3049
3050
3051
3052
3053
3054
3055
3056
3057
3058
3059
3060
3061
3062
3063
3064
3065
3066
3067
3068
3069
3070
3071
3072
3073
3074
3075
3076
3077
3078
3079
3080
3081
3082
3083
3084
3085
3086
3087
3088
3089
3090
3091
3092
3093
3094
3095
3096
3097
3098
3099
3100
3101
3102
3103
3104
3105
3106
3107
3108
3109
3110
3111
3112
3113
3114
3115
3116
3117
3118
3119
3120
3121
3122
3123
3124
3125
3126
3127
3128
3129
3130
3131
3132
3133
3134
3135
3136
3137
3138
3139
3140
3141
3142
3143
3144
3145
3146
3147
3148
3149
3150
3151
3152
3153
3154
3155
3156
3157
3158
3159
3160
3161
3162
3163
3164
3165
3166
3167
3168
3169
3170
3171
3172
3173
3174
3175
3176
3177
3178
3179
3180
3181
3182
3183
3184
3185
3186
3187
3188
3189
3190
3191
3192
3193
3194
3195
3196
3197
3198
3199
3200
3201
3202
3203
3204
3205
3206
3207
3208
3209
3210
3211
3212
3213
3214
3215
3216
3217
3218
3219
3220
3221
3222
3223
3224
3225
3226
3227
3228
3229
3230
3231
3232
3233
3234
3235
3236
3237
3238
3239
3240
3241
3242
3243
3244
3245
3246
3247
3248
3249
3250
3251
3252
3253
3254
3255
3256
3257
3258
3259
3260
3261
3262
3263
3264
3265
3266
3267
3268
3269
3270
3271
3272
3273
3274
3275
3276
3277
3278
3279
3280
3281
3282
3283
3284
3285
3286
3287
3288
3289
3290
3291
3292
3293
3294
3295
3296
3297
3298
3299
3300
3301
3302
3303
3304
3305
3306
3307
3308
3309
3310
3311
3312
3313
3314
3315
3316
3317
3318
3319
3320
3321
3322
3323
3324
3325
3326
3327
3328
3329
3330
3331
3332
3333
3334
3335
3336
3337
3338
3339
3340
3341
3342
3343
3344
3345
3346
3347
3348
3349
3350
3351
3352
3353
3354
3355
3356
3357
3358
3359
3360
3361
3362
3363
3364
3365
3366
3367
3368
3369
3370
3371
3372
3373
3374
3375
3376
3377
3378
3379
3380
3381
3382
3383
3384
3385
3386
3387
3388
3389
3390
3391
3392
3393
3394
3395
3396
3397
3398
3399
3400
3401
3402
3403
3404
3405
3406
3407
3408
3409
3410
3411
3412
3413
3414
3415
3416
3417
3418
3419
3420
3421
3422
3423
3424
3425
3426
3427
3428
3429
3430
3431
3432
3433
3434
3435
3436
3437
3438
3439
3440
3441
3442
3443
3444
3445
3446
3447
3448
3449
3450
3451
3452
3453
3454
3455
3456
3457
3458
3459
3460
3461
3462
3463
3464
3465
3466
3467
3468
3469
3470
3471
3472
3473
3474
3475
3476
3477
3478
3479
3480
3481
3482
3483
3484
3485
3486
3487
3488
3489
3490
3491
3492
3493
3494
3495
3496
3497
3498
3499
3500
3501
3502
3503
3504
3505
3506
3507
3508
3509
3510
3511
3512
3513
3514
3515
3516
3517
3518
3519
3520
3521
3522
3523
3524
3525
3526
3527
3528
3529
3530
3531
3532
3533
3534
3535
3536
3537
3538
3539
3540
3541
3542
3543
3544
3545
3546
3547
3548
3549
3550
3551
3552
3553
3554
3555
3556
3557
3558
3559
3560
3561
3562
3563
3564
3565
3566
3567
3568
3569
3570
3571
3572
3573
3574
3575
3576
3577
3578
3579
3580
3581
3582
3583
3584
3585
3586
3587
3588
3589
3590
3591
3592
3593
3594
3595
3596
3597
3598
3599
3600
3601
3602
3603
3604
3605
3606
3607
3608
3609
3610
3611
3612
3613
3614
3615
3616
3617
3618
3619
3620
3621
3622
3623
3624
3625
3626
3627
3628
3629
3630
3631
3632
3633
3634
3635
3636
3637
3638
3639
3640
3641
3642
3643
3644
3645
3646
3647
3648
3649
3650
3651
3652
3653
3654
3655
3656
3657
3658
3659
3660
3661
3662
3663
3664
3665
3666
3667
3668
3669
3670
3671
3672
3673
3674
3675
3676
3677
3678
3679
3680
3681
3682
3683
3684
3685
3686
3687
3688
3689
3690
3691
3692
3693
3694
3695
3696
3697
3698
3699
3700
3701
3702
3703
3704
3705
3706
3707
3708
3709
3710
3711
3712
3713
3714
3715
3716
3717
3718
3719
3720
3721
3722
3723
3724
3725
3726
3727
3728
3729
3730
3731
3732
3733
3734
3735
3736
3737
3738
3739
3740
3741
3742
3743
3744
3745
3746
3747
3748
3749
3750
3751
3752
3753
3754
3755
3756
3757
3758
3759
3760
3761
3762
3763
3764
3765
3766
3767
3768
3769
3770
3771
3772
3773
3774
3775
3776
3777
3778
3779
3780
3781
3782
3783
3784
3785
3786
3787
3788
3789
3790
3791
3792
3793
3794
3795
3796
3797
3798
3799
3800
3801
3802
3803
3804
3805
0.2074368659206586 0.4990668832969465 0
0.9826983926053596 0.4101044531662149 0
0.9839869541283236 0.5906111623152424 0
0.5698529646790107 0.01729275247908751 0
0.5701663984020542 0.9828104281186653 0
0.4503154049286501 0.9821947456800391 0
0.4498075264877232 0.01729121485608465 0
0.204128676244184 0.4893499184799192 0
0.2148344892080094 0.4917582858609686 0
0.2182509296101715 0.5025145315984637 0
0.2252863555194733 0.4946840731345921 0
0.2288526087360541 0.5041745530053865 0
0.2361057208566866 0.496936219796572 0
0.2392286192991607 0.5063448354214011 0
0.24696558889882 0.4985041458049898 0
0.2504642641688742 0.5101343602432934 0
0.2578085589014154 0.5005640981937637 0
0.2613523221394352 0.5110635760510138 0
0.26900913063886 0.5024076671613874 0
0.2728179590993997 0.5134913336953176 0
0.2806889407681672 0.5046279721767882 0
0.2845810105260975 0.5159624564960668 0
0.2925564405785835 0.5068841691295294 0
0.2965236214914204 0.5183486809907856 0
0.3044986272858531 0.509888438630853 0
0.3085704689602436 0.5209130614494795 0
0.3166814217395532 0.5123595765246084 0
0.3208582064129925 0.5234616592917918 0
0.3305523072980808 0.511680700038851 0
0.3335646497987558 0.525377467415695 0
0.3431350749371199 0.5159231408480003 0
0.3460631224059843 0.5282135959547166 0
0.3550238083023802 0.5189773563753302 0
0.2220631902139716 0.4844713042435221 0
0.3588288646714545 0.5309094528686243 0
0.3672837598979798 0.5213935029030303 0
0.3715387681349607 0.5338986155107385 0
0.3803392337642977 0.5239276919478946 0
0.3846788881832451 0.5366258308792613 0
0.3935693719776039 0.5267027772066982 0
0.3978457845801992 0.5392911362481038 0
0.4069869493975083 0.529100764386061 0
0.2881554116271717 0.495400553801867 0
0.4109059798675299 0.5421539466023702 0
0.4205309493305451 0.5317452434156379 0
0.4246086446944454 0.5451345066711387 0
0.4343118586339235 0.5344496520058291 0
0.4388593437555429 0.547858096015677 0
0.448347740613812 0.5371449393898573 0
0.4529678864073849 0.5507256445984074 0
0.4625091252038423 0.5398876623391661 0
0.4672185058352024 0.5536436538255435 0
0.3638683253837988 0.5096537808725486 0
0.4580292666049519 0.5263873721983592 0
0.4721677069530548 0.5289647434787397 0
0.6932293584134426 0.01595057238345654 0
0.2886581269866011 0.527599654485241 0
0.467596885362257 0.5152699748426096 0
0.4818871716592643 0.5178829039870799 0
0.9826932770580328 0.7100878100799639 0
0.4774134121155491 0.5041650046899195 0
0.4917493048202465 0.5067329069101909 0
0.9814023748472663 0.311249001010589 0
0.6907812516040536 0.9823800136207823 0
0.3611046708473899 0.5427223932372782 0
0.4870916047550359 0.492847522951828 0
0.5016925055541909 0.4954324690573252 0
0.4285366137696799 0.5588353574698248 0
0.2905774875009297 0.01931125320644073 0
0.4966237537575486 0.4809878976207759 0
0.5116152474409934 0.4838682512915767 0
0.5166186402737951 0.4983917335736529 0
0.5266657520192138 0.4866397076006198 0
0.5317220974106374 0.501414008398405 0
0.232389697200274 0.513096850792733 0
0.5065941398814796 0.4693595785000682 0
0.01797469768794979 0.2501228973257278 0
0.5419215011129677 0.489532015152565 0
0.547008610076655 0.5044596924330872 0
0.251020788885423 0.9837879003990517 0
0.5571868876784036 0.4934925169710326 0
0.5623978015142708 0.5077605033415901 0
0.01773464966168431 0.7510386259903622 0
0.5726835602716853 0.4966971815914633 0
0.5779514916521598 0.5109927698915094 0
0.3511723411663145 0.9801229245884133 0
0.5882242473477753 0.4990478342996481 0
0.5812703829458433 0.4830337902408775 0
0.5936913570181832 0.5139213866903816 0
0.5984265552258593 0.4874624519399485 0
0.5938844995453344 0.4713356067065233 0
0.6097241289937897 0.4753329120362305 0
0.6041412589891064 0.4587155629150421 0
0.6206256548839523 0.4621634231873878 0
0.6148626797029233 0.4460340114189443 0
0.6315653416586658 0.4495229105469849 0
0.6257738392608518 0.4333084302760426 0
0.9831884852954202 0.2091110397306275 0
0.7871688368987781 0.9833976698889989 0
0.6425414303480986 0.4369063517555951 0
0.6367766380823738 0.4205228653161769 0
0.6481142349866482 0.4528998976743092 0
0.6537814675032633 0.4242970400507121 0
0.6482462004365451 0.4080488031616667 0
0.01728586705953733 0.6706599999999995 0
0.01629888322809031 0.3280764785346653 0
0.790635857350672 0.0166387214531083 0
0.6650839649331293 0.4116116760697057 0
0.6595184617479151 0.3951951993762849 0
0.6426545201521596 0.3919068380296974 0
0.6539059283797958 0.3788770886416826 0
0.6368641705019014 0.3756112738413275 0
0.6482336794983731 0.3625307013680381 0
0.631094673335411 0.3592290255810761 0
0.3690989492405272 0.01674166966104262 0
0.2116019886167575 0.01694244809852019 0
0.9826957137870458 0.7899730055722474 0
0.6425346248136692 0.346025022726515 0
0.6253837280992024 0.3427783697019372 0
0.9826794919243111 0.51 0
0.6597394362014345 0.3493316930165538 0
0.6540026055132916 0.3327124147330762 0
0.6713438417146136 0.3360684017890717 0
0.6655574441143272 0.3192983632810818 0
0.6830367291636358 0.3226594037587063 0
0.1702417880459332 0.5176088138307342 0
0.1699315059748817 0.9832710818613277 0
0.4914197681547333 0.4664933400322252 0
0.6772056595662448 0.3057595985016254 0
0.6948332181044317 0.3091473452557862 0
0.01639958301447342 0.1722586766193382 0
0.6889470592519434 0.2921229597602744 0
0.6712320980670391 0.288747820569328 0
0.7067182326155621 0.2955319760194162 0
0.7125893054163286 0.3126580311244174 0
0.583069036062337 0.5260532933685409 0
0.5985806556759103 0.5293058662945211 0
0.5881348604504755 0.5413686194528375 0
0.6036535348750079 0.5447031601528867 0
0.5932328847067533 0.5568105607721056 0
0.6088816270171509 0.5601766742118379 0
0.5989365956589625 0.5721882616257307 0
0.6141664711301785 0.5757836286256308 0
0.6042285770348429 0.5878721709618658 0
0.6195598332050888 0.5914998052295821 0
0.6089491049964119 0.6038692715131335 0
0.625400968808427 0.6072221365362568 0
0.614197080918447 0.6199428054548043 0
0.6308675215684708 0.6232950116471114 0
0.6421383977182177 0.6104835936326228 0
0.6476302351292813 0.6266820011637605 0
0.6196015807191902 0.6360495864732286 0
0.658954495107867 0.6137831293470928 0
0.6645098862865978 0.6300970085268572 0
0.6759086873807605 0.6170412440936388 0
0.6815219547837316 0.6335255509408015 0
0.6930163917344629 0.6203414451268825 0
0.6986667462324382 0.6369772110023528 0
0.6870781981885776 0.6501486660117854 0
0.7043401150960377 0.6536606506326403 0
0.6924476015530174 0.6670052955158012 0
0.7100111798389642 0.6704715291365511 0
0.6978913361166761 0.6839422962787908 0
0.7157290286570156 0.6874002040615887 0
0.7037054162591532 0.700907935712472 0
0.7215433413926384 0.704437735272115 0
0.7100919216670245 0.6236309773592114 0
0.7245551987490776 0.2989972754882934 0
0.7300989735317159 0.3159156996411454 0
0.7186418510186887 0.28174982607482 0
0.01713552898925269 0.8297703029182886 0
0.7334810633029103 0.6908682939312824 0
0.7393390014343859 0.7079935563187615 0
0.7094689246236938 0.7178804156183509 0
0.7366126075531969 0.285226366442209 0
0.7306494095740935 0.2678597099638624 0
0.6029049865425389 0.6326761874773181 0
0.6081667455431907 0.6486853586665646 0
0.5881825612696191 0.6442111194414089 0
0.5961249621005074 0.66106235399063 0
0.5774687098816006 0.6583163987814376 0
0.5849464583247224 0.67408506700865 0
0.5674381717596578 0.6708080269257954 0
0.5738303915005284 0.6867911904740089 0
0.5577111749596154 0.6835523508816488 0
0.5628161549463827 0.6995448545017326 0
0.5463241745710672 0.6962953971064243 0
0.5517163357651124 0.712492687275277 0
0.535035934611522 0.7090738510687351 0
0.5404089800570471 0.725358949897229 0
0.5236185668354019 0.7218957343854344 0
0.528998804569408 0.7382684638008938 0
0.5120912174794038 0.7347682636261278 0
0.5459568443869898 0.741758427260417 0
0.5344376494152465 0.7548185593293504 0
0.5515891836321797 0.7583098569635157 0
0.7513428216977687 0.6943469170476161 0
0.7572255722302175 0.7116082303681098 0
0.1484215750379296 0.4811875414157556 0
0.7487402363548337 0.2713707787949312 0
0.7427430382063678 0.2538722131085432 0
0.5013956624639239 0.4555781409819095 0
0.4863535651681374 0.4520297895235775 0
0.4976058840830967 0.4400584687234815 0
0.4814494893175324 0.4372902933331897 0
0.491079337422507 0.4250597122916756 0
0.4761249067620593 0.4226810150069493 0
0.4862309144518471 0.4107790656355021 0
0.4709473017525748 0.407987699450078 0
0.4811546857811527 0.3960677050234229 0
0.4657080149291272 0.3931509958514882 0
0.4760014328057358 0.3811741257773319 0
0.4604045213157434 0.3782127458657407 0
0.4708005210635887 0.366133140913223 0
0.4550663596904386 0.3631564994054655 0
0.4655542680479594 0.3509501863709098 0
0.4494593536373133 0.3479508163212301 0
0.4602171697828293 0.3356250362392512 0
0.4438948808597466 0.3325827741555513 0
0.4548377680281972 0.320151343991628 0
0.4385660401724897 0.3170796663043652 0
0.4494564515352603 0.3045306019473352 0
0.4331338694098572 0.3015641257842711 0
0.4223256016392484 0.3140400306788586 0
0.4168550350491624 0.2985831704542581 0
0.4061711447791768 0.3109904793472001 0
0.4006833279575591 0.2957077597966773 0
0.390200989713547 0.3074532978171594 0
0.3846822619697561 0.2927272553511309 0
0.3742106960722238 0.3046745669212573 0
0.3688226010402471 0.2897832476140036 0
0.358504767506534 0.3014067144436012 0
0.3530822303298252 0.2868110727428002 0
0.342701804658839 0.2990054192865187 0
0.3373307899524065 0.2839263067296123 0
0.3268182994007094 0.2961843029415721 0
0.3213738575638975 0.2809349128138218 0
0.310718854490416 0.2933659516583235 0
0.3051738114521649 0.2777414308620061 0
0.2943464537902219 0.290472271978062 0
0.2887025655463951 0.2746047051206532 0
0.4435237319285517 0.2887817859615595 0
0.3799294106862521 0.2774608552943205 0
0.2775728054684733 0.2876672679459744 0
0.2720101594719554 0.2715260580818172 0
0.3166591653741957 0.2653527929812646 0
0.2606446489405808 0.2847700585670268 0
0.2551345175506663 0.2683910429547029 0
0.3476231313325078 0.3131188655821344 0
0.2818097789517112 0.3054936329794495 0
0.2438421462005702 0.2816212315756131 0
0.2381258223090079 0.2651826608579564 0
0.2494615745524066 0.2519560646578028 0
0.2322621446305541 0.2486912877078851 0
0.5392194387397891 0.7715139972142026 0
0.5571341735576482 0.7750536222015566 0
0.982674347911715 0.1300137461383161 0
0.9831774204511495 0.8672789197169271 0
0.2436665744809258 0.2356100619688688 0
0.2267315759110476 0.2319364723567106 0
0.4604090209012709 0.2919104254145743 0
0.4549958346757321 0.2759938831817093 0
0.4718136896102533 0.2792436749040412 0
0.4661259145402042 0.2630476835487524 0
0.7692705676784539 0.6977639794220832 0
0.7752439038580305 0.7152418647382517 0
0.2269229627693859 0.2784107981848828 0
0.7609631929331758 0.2574100497837489 0
0.4831503869888089 0.2663412349462986 0
0.4772448158329885 0.2499682678698592 0
0.7556426439569842 0.2404193149592264 0
0.737130962587805 0.2354306024219266 0
0.5066779451857273 0.7183697762088137 0
0.4952591773044725 0.7312048480781949 0
0.4950675217146945 0.2537330090157509 0
0.4886780893932304 0.2366795542011944 0
0.4506966762393265 0.3902256234806989 0
0.5067021453226874 0.2405866343259222 0
0.5002968400709269 0.2233658488138623 0
0.4826665472940092 0.2200019748815885 0
0.5177295356733468 0.2267160825361439 0
0.4900218944782547 0.714962217265054 0
0.4785711615294672 0.7276770936144086 0
0.4732568077179121 0.7115695259134931 0
0.4619167294300168 0.7242110842044689 0
0.4665401759040286 0.7402818254895378 0
0.4501039250778124 0.7364944061892628 0
0.4448187149511482 0.7206579205426684 0
0.4335960451760139 0.733158011663869 0
0.4380607759877468 0.7494180272589837 0
0.4224132410618952 0.745717773037254 0
0.4170162303898021 0.7296027707784171 0
0.4059003813665325 0.7421318221097617 0
0.4008293505021747 0.7260576475883382 0
0.3895228299089107 0.7385164077238184 0
0.3844593329606354 0.722572956310424 0
0.3731878858393417 0.7349271195280602 0
0.3681188065672066 0.7190387510108571 0
0.3568648996256098 0.73135895949536 0
0.3517031970229464 0.7154805595737963 0
0.3403976679862299 0.7283036085261451 0
0.3353139127925273 0.7120091071965615 0
0.3240095389830012 0.7248555074720421 0
0.3190355272055125 0.7085112342117004 0
0.3076135001190595 0.7215429443961379 0
0.3026797859232762 0.7050216523628343 0
0.2912531989782449 0.7180531392205444 0
0.2863137115477613 0.7012563926345052 0
0.2750215859820989 0.7137807563266059 0
0.280155572526578 0.7308106604086091 0
0.263481720756741 0.7263369724224278 0
0.3462936893243117 0.7458371589944877 0
0.2688988421729321 0.7433533103870479 0
0.2519753033693648 0.7390970449631619 0
0.2456265268599157 0.7235355650794342 0
0.4110437903989276 0.7583903770779801 0
0.2570783689722387 0.7553190910538212 0
0.2401386127334765 0.751777525584853 0
0.2453127336437371 0.7684044845802871 0
0.2283216078235525 0.7648898400522451 0
0.1305569711336113 0.01689763742127781 0
0.2330612229058977 0.7812846599775479 0
0.2378219476550826 0.2188622122548882 0
0.2208554013099237 0.2146165472273789 0
0.7735087715782996 0.2434560242738972 0
0.7810749602755396 0.2608569232939876 0
0.4943634520395809 0.2064815406924274 0
0.4766912743987888 0.2031552627221224 0
0.5446034100730011 0.7881349760146547 0
0.5629409101446081 0.791902519786021 0
0.2489394952027204 0.7850278881176448 0
0.2161759065705678 0.7779973197157154 0
0.7873814260035029 0.7013012741125018 0
0.7933604061425211 0.7189021103139509 0
0.7811331865117462 0.7328217331534985 0
0.7664947272546114 0.2237351096996419 0
0.7992478737284308 0.7365595442632797 0
0.7868587344451009 0.7506098820492406 0
0.7045193916465354 0.6070453017398586 0
0.7216915819019973 0.6103385057553267 0
0.7160978186217639 0.5937158290616132 0
0.7332927598928196 0.5969495491624495 0
0.7277240143662388 0.5802967496774177 0
0.7450047782887582 0.5835428158967753 0
0.7394155860446815 0.5668100376765718 0
0.756608015719631 0.5699154059038605 0
0.7511392406714524 0.553223555840911 0
0.7684271392475021 0.5563437739663742 0
0.7629228920618493 0.5396120289644253 0
0.7802571503291436 0.542651256549506 0
0.7747892542002461 0.5258809177156206 0
0.7864892519484601 0.5571130942054153 0
0.1092857435708626 0.5185364038800974 0
0.805250188326175 0.7543050287666695 0
0.7926563927470438 0.7684709901251865 0
0.7865102528482852 0.2289602067995032 0
0.2975469963872133 0.6891579491618731 0
0.8699935252207416 0.9834299575277203 0
0.8737644302170323 0.01865887374742192 0
0.2213428322016466 0.7948504960605258 0
0.5082231939680322 0.9814277912274005 0
0.8113827404747609 0.7721193968253415 0
0.7927967195997875 0.529452830432337 0
0.7858672444336434 0.5120099885803636 0
0.232030753908861 0.2014904856512956 0
0.2143733946196859 0.1976036125707988 0
0.3626334406867396 0.7029918705302853 0
0.7987690685418765 0.7863431828752637 0
0.2326274076442786 0.2947584750305843 0
0.2158411779764001 0.2916630758788538 0
0.2215152507465053 0.3077098308504198 0
0.2048821685433321 0.3047171698885943 0
0.2105158830252801 0.3205378834461908 0
0.1939730196996888 0.3176117027330432 0
0.1882780230385648 0.3016093688303889 0
0.4884985612743407 0.1895184754356661 0
0.4706615494333797 0.1861849470711504 0
0.2041182718805268 0.7914440081326795 0
0.1982990608945198 0.7765020882247529 0
0.6301774085629258 0.0170066576482541 0
0.6308341240804365 0.9847744454633583 0
0.9826794919243111 0.65 0
0.7803828617054451 0.2106780120545051 0
0.3227968630397516 0.5016000588168039 0
0.1067206940861002 0.9850775194227492 0
0.2541440587412263 0.4911017176964373 0
0.326193473323615 0.5353911537942748 0
0.2815348250965801 0.6856048888971593 0
0.7980937905909149 0.2149780447024247 0
0.5505311766077393 0.8050223173950936 0
0.5686450371414886 0.8089048614452533 0
0.8175097589289111 0.7900532777889102 0
0.8042267963798861 0.5151924908040802 0
0.7969203162847089 0.4956150730666171 0
0.805605773448544 0.7049386926064964 0
0.01896240342270633 0.3871965494778762 0
0.2087947259679996 0.8080501799620829 0
0.7920847188330159 0.196888991752832 0
0.7735045899359009 0.1911062058635046 0
0.8106511792100977 0.2006320201864999 0
0.8176910966943008 0.2183521130624851 0
0.2924782842082991 0.6736550474552857 0
0.2768639201809601 0.6701908612130377 0
0.1913098925223227 0.8044196014429867 0
0.8049475852566638 0.8043106625825123 0
0.7861473312780904 0.800575505311773 0
0.8159718696920853 0.5006993908331738 0
0.8110365315458367 0.4842749340328884 0
0.8226979313778991 0.51916128882209 0
0.1772575749373005 0.3147576161325656 0
0.1714291856202592 0.2985237391911121 0
0.8236719708046327 0.8080608140173378 0
0.2260937289883919 0.1842770107819672 0
0.2437400282927911 0.1876653547006742 0
0.2081163763414524 0.1809949235085229 0
0.1962758728378443 0.1946407169984598 0
0.1900305987476105 0.1776396565074094 0
0.1781626665715529 0.1910928150600622 0
0.1718764756071503 0.1741321551817397 0
0.4825069050770024 0.1724755561329492 0
0.500378003204985 0.1758322698023441 0
0.4646362699723585 0.1692130830650529 0
0.4011332596107716 0.5163496726688922 0
0.1996885608794549 0.3333912597374263 0
0.550169764418351 0.6674754187614587 0
0.8284706209362436 0.487071103641163 0
0.8230914155158299 0.470082458303599 0
0.01626725666340945 0.1093542449970282 0
0.5566374133067445 0.8224153502079543 0
0.5385069500762615 0.8184740550263182 0
0.57451287094128 0.8260094572579258 0
0.5864213188729847 0.8125216265661321 0
0.5923933029221462 0.829693396473078 0
0.4805475755404244 0.3549656914361604 0
0.8044029287381846 0.1825358567001478 0
0.8054692104908305 0.4664750195460161 0
0.8172073148457818 0.4525500273145678 0
0.2379368876015013 0.1705091268712071 0
0.2557887838616632 0.1738176733623142 0
0.2875224157241425 0.6585176313829502 0
0.272282481747781 0.6551306810857808 0
0.8232683852939418 0.1862655416389146 0
0.5016420934080232 0.4137790833525932 0
0.0176528157684297 0.6085386222160847 0
0.8236779040502202 0.7579935780720578 0
0.1961275917875898 0.8213485628067556 0
0.2110213227475322 0.8255165127747877 0
0.1791127324426289 0.8183359233401805 0
0.792341662485219 0.8185848839372908 0
0.7736126703234434 0.8148037358517466 0
0.01669949394185805 0.8909036410630213 0
0.4942604273013267 0.1586545033288057 0
0.51239208271381 0.1620429339311119 0
0.6043681308350765 0.8160760636123717 0
0.610401355037382 0.8332318615882832 0
0.5006468831201489 0.2702641315376834 0
0.8000225995623442 0.4486715399934803 0
0.8110484430283937 0.435025349131323 0
0.2160960157269757 0.3362093909362007 0
0.2052729141920005 0.3488859209448284 0
0.221372241295807 0.3516501342686571 0
0.2107558226361106 0.3639426888692506 0
0.2263415381288557 0.3667770651210674 0
0.1951345601651073 0.3612505541560612 0
0.2004658579473839 0.376099628647524 0
0.1846715550674625 0.3733556868096453 0
0.8169531793519664 0.1679854542142376 0
0.8294100411735409 0.4385316827604558 0
0.8232491314359962 0.42084819879154 0
0.6226088308809645 0.8192732754844884 0
0.6284480563726019 0.8371043292494689 0
0.1599070458485429 0.1876306700882406 0
0.1603194022385132 0.3119230584549476 0
0.1542882032521768 0.2955918143328642 0
0.1536419051734311 0.1706100925632776 0
0.2826278046276902 0.6438504889707275 0
0.267609708695942 0.6404031210688602 0
0.2984570727951141 0.6472210328920013 0
0.5446747186574815 0.836063539333291 0
0.5266378050600401 0.832272653821957 0
0.5836647113221867 0.56806421423443 0
0.7797372327695049 0.8328514514116996 0
0.4660802956506159 0.4344507571901085 0
0.7219357563395883 0.5635047068302542 0
0.2572766170850276 0.6516827516033883 0
0.2526025168797656 0.6365969477090292 0
0.2421792742685793 0.6482143765285735 0
0.2375374678903647 0.6331305877552708 0
0.2268383823752582 0.6447995807819557 0
0.2221678672908406 0.6295681752170544 0
0.2112379809511418 0.6413427956799403 0
0.8359902626999139 0.1717540520135696 0
0.1843755840783738 0.8356871990412222 0
0.1661743899770093 0.8317766547146288 0
0.1611295955666269 0.8149009389362181 0
0.4528268655015823 0.1828948319490482 0
0.4467896233410903 0.1658777319271559 0
0.4350329547239139 0.179597062450823 0
0.4289646482117664 0.1626527183975321 0
0.4172642385770463 0.1763020185669998 0
0.4111712584634121 0.1593790253988851 0
0.3994469063928509 0.1730191468642125 0
0.3933953044209456 0.1559736805209114 0
0.7666112833756712 0.5093076408430504 0
0.6162078037817525 0.8015558752441304 0
0.2498580881463398 0.1565596009120794 0
0.183882022063815 0.1603717937154372 0
0.5061816770132871 0.1446602366051559 0
0.5244788615621103 0.1481125374024003 0
0.5894533797234217 0.691335005310197 0
0.8417207486442517 0.4243955196789623 0
0.8357467133589501 0.4067683248286404 0
0.6084519767491634 0.4296107914074728 0
0.6139677148266012 0.3559535248628166 0
0.2064823259439836 0.6258261452588757 0
0.1953330509914138 0.6377758493934311 0
0.2329286377686396 0.6180055103422708 0
0.7924700509361627 0.431863396009193 0
0.6082441795256307 0.3395700156070489 0
0.3937872958189623 0.3237402163039956 0
0.1905752476892836 0.6220865588428124 0
0.1791774962973002 0.6341444767741111 0
0.1841560607276977 0.6500585630909268 0
0.1683415397828255 0.6469176929348635 0
0.1627815329699936 0.6302358170147626 0
0.1510812546115571 0.642772627529455 0
0.1573637783982219 0.659977582357785 0
0.6407853087294394 0.8228430502545989 0
0.6467134944559696 0.8404953801605736 0
0.5987856335705107 0.8466208246565126 0
0.8297012376090261 0.1533710571715727 0
0.8106052059754596 0.1496911130893765 0
0.278041022458494 0.6291752623882131 0
0.3816207029391035 0.1697208173959601 0
0.37557054171882 0.1526403094542003 0
0.4050112370889161 0.1424407580119545 0
0.5326049481633054 0.8497673465940522 0
0.5144575032924787 0.8459750716846841 0
0.7995817992416047 0.6872477332742041 0
0.8178713128637392 0.6909478511207806 0
0.1430261255705898 0.3091531726867143 0
0.1369401817603454 0.2925360676085851 0
0.1414934451407889 0.1842744366800976 0
0.09006091227256513 0.4811234373429314 0
0.171099054903813 0.8490157605306763 0
0.1532317183623119 0.8454333779838503 0
0.8487456118507201 0.1570491374283173 0
0.8550402660533247 0.1755526494539789 0
0.8541060319937145 0.4101535428397762 0
0.8478940038072207 0.3923011521925356 0
0.8602806754629224 0.4280318185041724 0
0.1351546107259108 0.1670855915850525 0
0.6143154171562759 0.5346752588437925 0
0.1459734067311492 0.6261445439630642 0
0.5969083684325425 0.3527359988757693 0
0.1394878294788469 0.6557324397975959 0
0.144568590512807 0.6722772248079812 0
0.5183573059969052 0.1306229843633176 0
0.5366022311529577 0.1341214521691223 0
0.5427176883526872 0.151640565862427 0
0.5548762119562424 0.1376238241351544 0
0.5608232929185613 0.1550618350038458 0
0.5731415117432779 0.1411288736359587 0
0.5791291931745629 0.1584062114640749 0
0.5914707589937028 0.1446489859130811 0
0.5976075231567173 0.1620535623104161 0
0.6098495414857762 0.1481504441929126 0
0.6159264728806829 0.1658147253517814 0
0.6282721043689261 0.1517710624023438 0
0.6032384844742604 0.1794680885598765 0
0.4999610475805079 0.1271521770801667 0
0.6218848080636525 0.1834057768084291 0
0.609211764605457 0.1971800195214175 0
0.8118558279395269 0.673254186881115 0
0.8301777686809768 0.6768851203599675 0
0.6764641665023273 0.3984674836052298 0
0.6820163561215042 0.4151829946647301 0
0.6935245606326248 0.4018099575258151 0
0.8282054422215068 0.3882423853868168 0
0.8423133954703954 0.3739860966123626 0
0.8603462764729992 0.3778237738875722 0
0.8540845307227193 0.3598429662254765 0
0.6916698015531877 0.7144093880653374 0
0.8234075886578867 0.1350124625566644 0
0.8043230858123248 0.1313284221101463 0
0.5910392841010608 0.3363748407689834 0
0.1598571371756828 0.8641569511703231 0
0.1789633381931752 0.8637448772631388 0
0.1404877163747784 0.8595610419619049 0
0.8241093662252227 0.659190861527166 0
0.8425257540646862 0.6627749727480811 0
0.8486444801637933 0.6805796312282373 0
0.8610662941566286 0.6663678687826549 0
0.8549132233889538 0.6485302281102266 0
0.8672165496564033 0.684297085257958 0
0.8727240064000603 0.3634340052921435 0
0.8663927985483799 0.3453892136082631 0
0.5203244073209021 0.8635565772591568 0
0.5022621750857067 0.8597778010318997 0
0.4960873009492818 0.842211435285702 0
0.4840412926675812 0.8559824185204516 0
0.658966679439323 0.8267375783897577 0
0.6649489472899098 0.8444640609847641 0
0.6527572815443539 0.8584848852078808 0
0.670982410037726 0.8622976215724196 0
0.4844681403258024 0.6989215355445065 0
0.4899533520723131 0.8735298752559444 0
0.471834802959144 0.8696571588368495 0
0.4660269949533832 0.8521591009689721 0
0.453781596434593 0.8657794718582787 0
0.1273006911214583 0.6685771188244987 0
0.1326178156583253 0.6855996947905585 0
0.9287611542589684 0.982478688954094 0
0.9302800695192521 0.01816213376785603 0
0.6220376205024329 0.133970057289227 0
0.6406822789729207 0.1375803105978151 0
0.3638490009945742 0.1664706048578291 0
0.3577060758519438 0.1493314123141063 0
0.1256236419447627 0.3061495028427113 0
0.1193577626055301 0.289462894264128 0
0.8357646790028224 0.356245209635318 0
0.536436753192627 0.5157357484911925 0
0.1318667659390277 0.322775374981381 0
0.867846777539552 0.1607613029659427 0
0.8741593665948054 0.1792793682067303 0
0.6024460393260249 0.3231483901673623 0
0.4626211850919758 0.5002969900849468 0
0.5795979248409561 0.3494014936283525 0
0.6991447563637848 0.4184949322087659 0
0.1901396608420628 0.3885413588966928 0
0.1744023775066852 0.3861288681228386 0
0.1228242977275272 0.1815240486139641 0
0.5122629289964412 0.1129628863423657 0
0.1164039591327321 0.1637672203844062 0
0.1288815527425464 0.149266957829971 0
0.06664173121432437 0.01628913286600636 0
0.8735182079644368 0.6520837693846987 0
0.8673445425069051 0.6341245102228803 0
0.4481103339756913 0.8482824507103714 0
0.4357889876264841 0.8619128913244585 0
0.5851934960757218 0.319963625190507 0
0.5966568313213287 0.3066637263710101 0
0.1486861392670318 0.8795629385404162 0
0.1284534210460146 0.8745154667739421 0
0.1218664531034291 0.8554293527325277 0
0.658726855234282 0.8766838050807552 0
0.6771428637385348 0.880266618202472 0
0.4936952730548381 0.109496450153821 0
0.6974552146917442 0.7314360714189648 0
0.6797525590165782 0.7279277663160997 0
0.114921596894087 0.6815893761789192 0
0.1204995730291336 0.6990088186126 0
0.1100220230704378 0.6650072339720461 0
0.4301392566793454 0.8444362285952115 0
0.417762414330359 0.8580206941384151 0
0.4234341559725276 0.875605043309798 0
0.4053855505776677 0.8716696975055311 0
0.3997462577968512 0.854096457825587 0
0.3873540880584711 0.8677130264576278 0
0.381710928717932 0.8501703832330865 0
0.369355449703467 0.863756706469869 0
0.3637171819386635 0.8462338461625774 0
0.3513732914129112 0.8598125878470181 0
0.3457266359632281 0.8422156088319428 0
0.3331801013818851 0.855715694805111 0
0.3389701356596945 0.8734769152366508 0
0.320695332070671 0.8694353556064481 0
0.4109947416929396 0.8893743343468998 0
0.8171015611770847 0.1165956946720453 0
0.7979252238162386 0.1129136412825557 0
0.4232833623423892 0.19329082794928 0
0.6278505165953503 0.2009735153227924 0
0.56697666887933 0.1235570997714599 0
0.1507787738911518 0.689781931922956 0
0.7107476012412677 0.4051206595038582 0
0.3699101978210869 0.1835287712274722 0
0.3521953283575588 0.1802543464481452 0
0.3264798517313712 0.8873439500427216 0
0.3081451031562091 0.8832889485271525 0
0.8860450720054014 0.637737169621003 0
0.8798247797136125 0.6197256010781778 0
0.1142494366345433 0.3198563626710912 0
0.1206153633571482 0.3367124703328068 0
0.6344318473300155 0.1196282013005392 0
0.6531152839311606 0.1232174100353328 0
0.6592857577735893 0.141200182919881 0
0.6718065196296732 0.1268428028493291 0
0.6780083280464058 0.1449220454747457 0
0.6905265731491662 0.1305069597149737 0
0.8852211832353452 0.3489708534282768 0
0.8788633368852011 0.3308719292060194 0
0.1025122500289072 0.6949081653437474 0
0.1080593166892292 0.7124541432861615 0
0.1099943844009025 0.1458207564578788 0
0.1224993437934569 0.1312474502299807 0
0.8915363608247784 0.3670458916011567 0
0.3024497187464842 0.8653702694686323 0
0.2898321919866892 0.87920177523156 0
0.6772752942078921 0.8304836730841818 0
0.7817914792769642 0.4482718984950622 0
0.4776594827370755 0.8873186929153363 0
0.3138054940389343 0.9012387450132742 0
0.7393412401972036 0.6126294017033563 0
0.6157509450937291 0.2149063853095706 0
0.8870168540665695 0.1645142762639279 0
0.8806687484822388 0.1459775728796941 0
0.5689419541150116 0.7617340121899825 0
0.1656902751843544 0.282132208072187 0
0.5794630412091197 0.3034796773328215 0
0.7851657016367551 0.1276576136055466 0
0.7787683808157193 0.1092489444641308 0
0.8933393485303792 0.1830265377090106 0
0.8804702068724866 0.1977912001841159 0
0.3582017893936942 0.8287289967461262 0
0.3402949750266351 0.8247422347289763 0
0.538534331145888 0.8673069847567776 0
0.2679567557832857 0.1600089963749772 0
0.2619365620457288 0.1425455537403082 0
0.2728875775195181 0.1784952864054937 0
0.2436944501893635 0.1391031321001014 0
0.2558637838711287 0.1249439855414078 0
0.237442529912954 0.1214713886813676 0
0.249711530616591 0.1071946890843425 0
0.2677388309262703 0.1111319172826786 0
0.2311264310189022 0.1036663012896668 0
0.5061311646464198 0.09515970781316452 0
0.8611178684014054 0.6161191450593866 0
0.873581613152059 0.6017251181741095 0
0.6649607067177441 0.8944234374640092 0
0.6832747747524439 0.8983099239303844 0
0.6958403904816548 0.8839510639035966 0
0.7019895703456289 0.9021145484706927 0
0.6477427506409716 0.8907948046646021 0
0.6843738698756495 0.1124233779068349 0
0.1035254587428768 0.1277258722456662 0
0.1160692968288487 0.1130764394107021 0
0.1350826136700065 0.1166473696067076 0
0.1028080278721073 0.3337010551133597 0
0.1091489096205273 0.3505438260083441 0
0.1796492394624165 0.4013371733374186 0
0.1960123522361124 0.4040636282539502 0
0.163007052376017 0.3984773185608618 0
0.1304446563768741 0.1979922903719176 0
0.1105681639159081 0.1961321789061233 0
0.09700998956530216 0.1094869900331811 0
0.8991153940366942 0.2017343451610121 0
0.8866906341990106 0.216315907680622 0
0.9053173885019579 0.2202879215337897 0
0.8929404531921326 0.2348561790834817 0
0.9121247912058053 0.23869730149041 0
0.3581166376329171 0.1971279029977592 0
0.108840174026829 0.8696938778935981 0
0.1029410295207274 0.8511444931852032 0
0.1152180641617146 0.8886790232245152 0
0.8922854139238933 0.6053124368709873 0
0.8860311799534151 0.5872844316014607 0
0.2369759255947874 0.35482418076483 0
0.2417317242580366 0.3697440377215322 0
0.2520717224405299 0.3581225565710077 0
0.2569009250252483 0.3727071628327782 0
0.2666703773744508 0.3613105575132943 0
0.2718459158925587 0.3756496540791266 0
0.2619042891394938 0.3870219658397075 0
0.2766402907676541 0.3898551368844351 0
0.2668574802467521 0.400970867172567 0
0.2812681097697275 0.4038236518762716 0
0.2910893901147492 0.3928486751297845 0
0.2956199225505114 0.4067554473091897 0
0.3053636983398836 0.3959062868580192 0
0.3098902930691058 0.4097056199303925 0
0.3195956430331379 0.3988943189881629 0
0.3242106627395431 0.4127203254416275 0
0.3338398493705732 0.401873295833319 0
0.3384236167100898 0.4156809235655012 0
0.3480818111656904 0.4047976191953042 0
0.3527302588533289 0.4186905810484641 0
0.362398983083775 0.4077374028723122 0
0.3669270014185074 0.4216559827903983 0
0.2854849335989368 0.417082516809558 0
0.3573227037034916 0.4325162629174998 0
0.3714508817470634 0.4354709582532049 0
0.3577693732291335 0.3937394828394396 0
0.3147752757176843 0.3850540077614089 0
0.3722680194228862 0.396712038178732 0
0.6967013654045791 0.1485642290350684 0
0.6854074508576804 0.7449715783533561 0
0.7023276516494215 0.7492189255648611 0
0.6677574225979733 0.7417057876267641 0
0.3323047482080977 0.9053086107480428 0
0.2435143361169991 0.08925234506985336 0
0.4424228604935129 0.8309189641536897 0
0.7146374346272913 0.8878067145455647 0
0.7204314954212984 0.9055794438790659 0
0.9041312593768185 0.3525289304356429 0
0.9834184948826572 0.9300521866317382 0
0.9826747859350911 0.07001781952106567 0
0.361764974151589 0.446118524901285 0
0.3758644853856945 0.4491544496543715 0
0.3855723870573167 0.4384673221701109 0
0.3900474612176796 0.4522641063249657 0
0.4873748718151006 0.09167185299491648 0
0.3998147340191413 0.4414699958750897 0
0.4042351854994179 0.455322543772564 0
0.3301160438724362 0.696033899228804 0
0.6620611256576241 0.7243866254413109 0
0.6501102708299982 0.7381093653351669 0
0.6338930914563261 0.2184754985165978 0
0.0911778941745035 0.3476484379792399 0
0.09769243924692972 0.3649209849697926 0
0.5966740476102543 0.2108730304978029 0
0.8107088608597837 0.0981196250186766 0
0.8299664734319143 0.1018371337856719 0
0.08994233291971798 0.7083983352252667 0
0.09551116962841655 0.7261034235762894 0
0.1137045879807181 0.7300985416354897 0
0.1011415334202108 0.7438485513816583 0
0.5855738917833995 0.3656790269271593 0
0.5685888045948275 0.3623856212436407 0
0.5743627161604349 0.378472110695385 0
0.3478598066789795 0.4433076939097451 0
0.207447163629772 0.5090019171104437 0
0.3937542909482437 0.8364559812086132 0
0.1854726707616681 0.4162795148788102 0
0.200739492530821 0.4193534050389326 0
0.1911548236886214 0.4306439751484251 0
0.2057162598960066 0.4327307104223995 0
0.395604762736089 0.7102467931531716 0
0.3130868260438548 0.4257558263049427 0
0.4487451669633908 0.2598076286272717 0
0.2894599360754198 0.9830713863928553 0
0.01597629337052564 0.2886936098995493 0
0.07022616787209546 0.5183045534882126 0
0.5855636651611245 0.6265749058015472 0
0.590820776552476 0.2903186208229805 0
0.5735633427572933 0.286960648576802 0
0.5622035116663296 0.3002763532487449 0
0.01624733793278188 0.7905489134095293 0
0.202198624161998 0.6103745168310615 0
0.4680473963132246 0.6956170156364589 0
0.4793566905165147 0.6830330600232015 0
0.4626437776738925 0.6798573822443997 0
0.4740421472660359 0.6674418913958513 0
0.4575844052706187 0.6643042996170855 0
0.4685789921784868 0.6522209081612236 0
0.4529345199199975 0.6489657644202884 0
0.463616274560913 0.6367050198210998 0
0.4481234547468457 0.6334810797275072 0
0.4791338489661024 0.6401829960184454 0
0.4374934404001394 0.6455884959399217 0
0.4327072145286498 0.6306585842201941 0
0.4222600293596053 0.6422877293870972 0
0.4174744802731091 0.6275614888716581 0
0.4071275928498333 0.6390411315901297 0
0.4023789223027794 0.624446044562623 0
0.3924853661079793 0.6357252182626056 0
0.3874707952303936 0.6213302214658971 0
0.3783230075951762 0.633031456225827 0
0.3728321510609389 0.6182984005647184 0
0.4743291460177503 0.6247773040268394 0
0.4895814104027103 0.6282283334000578 0
0.3816622230412832 0.6076843221430671 0
0.3672868527070835 0.6043763263738559 0
0.3580152963678301 0.6151330573387178 0
0.3533330196126354 0.6011179580023043 0
0.4100440662457405 0.01628266468102579 0
0.4105461709219411 0.9847515908141617 0
0.3299974768822763 0.01651866330412582 0
0.4392069783174405 0.3602640045734495 0
0.7452956513584488 0.5362911161824585 0
0.9801315640706278 0.4514358554311045 0
0.9824866900316709 0.5501486849676169 0
0.728484004462455 0.01768222673116338 0
0.9827899412144597 0.7498622347356744 0
0.01835464476683257 0.5707199571919899 0
0.01716650944636683 0.4288911663177525 0
0.1713135137033204 0.02005476537330841 0
0.6842172873092384 0.1629570215188678 0
0.6987976748001722 0.5903560872597216 0
0.5202116335205828 0.8148060804176092 0
0.8600009820259669 0.3273183944391204 0
0.2124293806664173 0.9807396399503434 0
0.0180507175258382 0.2092980215327257 0
0.01633858840149804 0.06993458015867898 0
0.8309527724194985 0.9816170558967059 0
0.07291751287143156 0.9843108709154277 0
0.984547366838232 0.8298063219519864 0
0.9826808881770406 0.1700112372340319 0
0.01728586705953739 0.93014 0
0.4444728865220559 0.6174829919830636 0
0.4847554689216777 0.6132927216496243 0
0.4999609794282207 0.6164323635942762 0
0.6243192322584058 0.6523155872122143 0
0.6469156566376373 0.1051809995384372 0
0.6280205165930115 0.1015894319085263 0
0.7610451706965884 0.8290414097008257 0
0.7128160153348164 0.2646113051115784 0
0.4998289820821828 0.7476328332362632 0
0.6543674611243703 0.5960120549226836 0
0.7984784717227086 0.8366925448064149 0
0.7857822730803199 0.8510542427198661 0
0.8046171433455986 0.8548917294268559 0
0.791807317550162 0.8693673683703862 0
0.810782284667804 0.8732170146550614 0
0.797896747332574 0.8877560229917042 0
0.8169681786392423 0.8916170492240736 0
0.8298351044390482 0.8770403320386158 0
0.8360672289743013 0.8954994667061648 0
0.8489936384982496 0.8808482193199484 0
0.8552333876501373 0.8993897896536278 0
0.8681981190237722 0.8846859891709694 0
0.8744655393913481 0.9032944850814469 0
0.8874608079843189 0.8885474164412266 0
0.8811575585479907 0.8700132226390589 0
0.8937496231154725 0.9072055501216276 0
0.8362781629475391 0.7937358708090881 0
0.5261777241836507 0.8811978278841872 0
0.5445163792911162 0.8849931511616976 0
0.5320212152120333 0.8990327431297561 0
0.5505281369478024 0.9028580801162609 0
0.7544645063364146 0.2886437695809043 0
0.89224015774511 0.6557882500013026 0
0.3675612242307071 0.3825101664640965 0
0.7458992310305993 0.9829102633486795 0
0.5879292217201986 0.4552539883466251 0
0.7549785067749072 0.8110214284775685 0
0.516071158506248 0.4595450833407349 0
0.2222431923692069 0.7496959018239578 0
0.4865928216779311 0.5317097172785207 0
0.1309598092929336 0.2757011902697472 0
0.1130776866978681 0.272569998554635 0
0.1578432223643217 0.6135171977404008 0
0.1409708565061077 0.6094076366843239 0
0.1529558415208902 0.5965226720320838 0
0.1357045343956671 0.592332446263479 0
0.1234228197474504 0.6054624890916617 0
0.1181130563184762 0.5880135316825733 0
0.1055321220872776 0.6014900526583726 0
0.762738170309093 0.5850150960070484 0
0.4727842102266819 0.3225446819220139 0
0.8999165543622089 0.1497397549766113 0
0.8935397786899734 0.1311535995004053 0
0.2607586095990151 0.2394809234535109 0
0.3163862977117783 0.3087134106516977 0
0.6258422599024578 0.479879592506868 0
0.6255915825364514 0.5627831620672975 0
0.4398947983184253 0.1486627860750235 0
0.2740136188791356 0.7607674971468046 0
0.09658486556001034 0.316718526158203 0
0.2795728863218581 0.1465269617420491 0
0.3695452123724379 0.1354271202202719 0
0.3515023167684347 0.132056574069935 0
0.3635382202806455 0.1179674161496291 0
0.3451419341737978 0.1145810285857863 0
0.3573144013661221 0.1003817861933287 0
0.338876452392564 0.09695139980043177 0
0.3757595274119588 0.103824403582334 0
0.805805130834325 0.6556044179752443 0
0.9048575603273148 0.6413527777221755 0
0.9111168109784633 0.6595027187751531 0
0.8235598257581356 0.08327125206125835 0
0.8427756788640842 0.08705221227848087 0
0.4911071607924593 0.3854106952911835 0
0.4950902974950342 0.6016324498982691 0
0.510377799809711 0.6046547628920772 0
0.5054692066762965 0.5898588596115673 0
0.2842806228513237 0.8613050657631696 0
0.2715540420427608 0.8751189330869593 0
0.277109781163166 0.8931293513771835 0
0.2586521260800448 0.8890113095599727 0
0.5299663808305141 0.01654259840815681 0
0.9105051480448751 0.3707156926000759 0
0.2160452359568384 0.6567467482005449 0
0.340682457049296 0.1939074819940397 0
0.2649577243366983 0.5223246615280828 0
0.9004551033987533 0.8737980157447172 0
0.8941359088462473 0.8552474746076288 0
0.1193697702615907 0.7478236710920574 0
0.1067970249041407 0.7617259473933975 0
0.6887047085868975 0.3394495826876965 0
0.3482271831848381 0.2716649392221309 0
0.1682775535773585 0.2039361972362674 0
0.8673154459273972 0.5837376864520549 0
0.8797213625624887 0.5693066483081872 0
0.8985112918217493 0.5728303458804116 0
0.8921518504753643 0.5547818640885736 0
0.3781949391593505 0.7509670844232432 0
0.09539976500903136 0.1600660951790509 0
0.1758195156282517 0.4285940813709301 0
0.872395891432973 0.313252745203937 0
0.8536096684954023 0.3093161407072039 0
0.8913927241793649 0.3162861957450021 0
0.1286780858538885 0.09840549698682333 0
0.1474414483462465 0.1017470592755294 0
0.5207950541561071 0.5928481972280182 0
0.5157117429250193 0.5779815400747662 0
0.5258568214726275 0.607821319801813 0
0.2247641908161779 0.08569590615952694 0
0.7028074055610112 0.1665748799545728 0
0.690377070733485 0.1808596701701524 0
0.9826794919243113 0.27 0
0.3882690647311711 0.5492080117753056 0
0.5574336656576303 0.3751195488672029 0
0.5513508269044869 0.3589317014747428 0
0.563292458828878 0.3911180337642027 0
0.09566287370778548 0.883961959050898 0
0.1019418584306626 0.9029458816044057 0
0.1221121836163367 0.9079024258791011 0
0.3823106390301348 0.3855178261735542 0
0.3522316919332001 0.45667088440663 0
0.3385892039034539 0.4538868594235039 0
0.343685598706867 0.6118563150966582 0
0.3391021816726069 0.5980336562916001 0
0.3485396954973952 0.6267037720842954 0
0.6723691689229443 0.9124927137360611 0
0.7031778079040604 0.1160745221852635 0
0.6969674507674416 0.09787670842020874 0
0.2642863068806746 0.9071323576031496 0
0.2456950023494268 0.9029506729760277 0
0.716430580779651 0.4217935230883582 0
0.7047554003688767 0.4352037117949029 0
0.7280996738047157 0.4084410601771062 0
0.7223566011825902 0.391633456799598 0
0.7398959959382588 0.3949949916153376 0
0.9231485645674363 0.356105908624943 0
0.4949104111043259 0.6430669082176566 0
0.4270057622407281 0.6572140635489871 0
0.08445033575673777 0.6907084633477698 0
0.2149485897247964 0.4223082418108641 0
0.2196177903147648 0.4350732120546826 0
0.1004817042645296 0.5839425649112953 0
0.8040877332203868 0.9062044935465924 0
0.08840489258090345 0.7577231631511729 0
0.09337111697988998 0.7750607675158895 0
0.1956874590667474 0.4437545731421492 0
0.7153697293542991 0.1522720142584834 0
0.4113547039497258 0.6138199308750221 0
0.0844180177321327 0.1242607906711775 0
0.0717251047476235 0.7043424981405521 0
0.396777803501082 0.6504829295215651 0
0.4889426234053822 0.01706613104563615 0
0.9134334381716214 0.8590108211779337 0
0.9071509030938127 0.8403709622029236 0
0.919819586787113 0.8775618879772236 0
0.6725083516619668 0.7593359374165323 0
0.4575274564143836 0.564578407062825 0
0.9110181934294772 0.5582965881845769 0
0.9046389010729807 0.5401794014225569 0
0.6406539449144849 0.08709071359101611 0
0.621703038577635 0.0834566643547569 0
0.5254128048270981 0.2453151630638779 0
0.3525449268692283 0.8114295254759555 0
0.3350322845913313 0.8075622130908553 0
0.08744748151620513 0.5972357668763086 0
0.5382005930799334 0.9169316005590352 0
0.6218684473013417 0.2323907908565752 0
0.3944984176201161 0.4660642614094012 0
0.4086405830273317 0.4691316105507783 0
0.9173953258425205 0.5764501404072822 0
0.1488763686115054 0.5808389238144943 0
0.5565527133502585 0.9208642243405475 0
0.5691101375818041 0.9065966283432844 0
0.5751974633373051 0.9246798695572873 0
0.2507427957618495 0.01909152803283398 0
0.3275271303849832 0.6089617044714514 0
0.3249658451834601 0.5941497974658867 0
0.3346880262964912 0.584277596164279 0
0.3208308041336605 0.5812383243121936 0
0.3114254276331787 0.5908557974455499 0
0.3069982321983203 0.5783593971054305 0
0.2977496307489765 0.5878864539140419 0
0.2933477649101282 0.5753883616909132 0
0.2841706059824444 0.5847988393919319 0
0.2797619097993395 0.5723481624310965 0
0.270479674799316 0.5824840189434012 0
0.2661664238348775 0.569528560568914 0
0.5487537576733321 0.1691982668781774 0
0.2469475694246633 0.6641921682451942 0
0.7220744345963875 0.4384861302435761 0
0.7103957873200025 0.4518407151137344 0
0.727743052507255 0.45525690941831 0
0.7160319082225834 0.4685384419418952 0
0.3195482769243898 0.9193739510947604 0
0.9125730127449512 0.1868032613232264 0
0.2573904135194344 0.579569826819478 0
0.2529037094205472 0.5666637209512503 0
0.2430205062960797 0.5785427098252385 0
0.2393666028598458 0.564071121404817 0
0.8042852068121633 0.07959692530523943 0
0.8857589602539832 0.5366642566595281 0
0.8982148403491768 0.5220276205720766 0
0.5350367719914521 0.2299930662448588 0
0.3695494681539165 0.08612183362747422 0
0.3875181549889093 0.08976844818577651 0
0.08202569388454112 0.5792471528387175 0
0.4184577283489569 0.4584023090913376 0
0.6082005534948055 0.2937389908964433 0
0.7682427688487057 0.7470200018989921 0
0.07785441829878176 0.1059253504331329 0
0.09053514269326923 0.09106523594026883 0
0.9128649354436549 0.1349291210582075 0
0.9064630051361048 0.1162702090395232 0
0.8547100652284488 0.6985466833029541 0
0.8733472372637455 0.7023052969649268 0
0.7454646742029769 0.6767430382698727 0
0.2400828320070091 0.8847961089544315 0
0.2270943009455479 0.8987229162999076 0
0.2327207492126275 0.9170404428140051 0
0.2139748215022635 0.9127762941388682 0
0.3466427549800314 0.2105998016227063 0
0.3638944919520052 0.2138085176221887 0
0.3292767701632279 0.2074310433758687 0
0.07939674851611356 0.3618438617569 0
0.08596942294509269 0.3792391616738952 0
0.1413114851487299 0.08366293859620644 0
0.2161502874536608 0.2449394312200842 0
0.8422760429038754 0.9140327651173655 0
0.1043397575149573 0.3822996163254241 0
0.0925926879893933 0.3966573663868732 0
0.7424431348089153 0.8252103555929444 0
0.7364787003399503 0.8072199237701256 0
0.6444683593509275 0.7208327216663661 0
0.6325438501497744 0.7342288966514803 0
0.3381603614783124 0.9234295565526696 0
0.08237131768446548 0.8983108532891113 0
0.07642563929299728 0.8794925565401064 0
0.2301768300100817 0.5738394384647585 0
0.2261219192852786 0.5607920381232829 0
0.2166495221099639 0.5710141098594839 0
0.2125563124868237 0.5575962449096795 0
0.2027607136148003 0.568218156427613 0
0.3344286533353379 0.1772785091848768 0
0.8424676986659113 0.8118561691624019 0
0.8551374434704595 0.7974303245054767 0
0.734058547086292 0.3780007821996351 0
0.7518069098280907 0.3814087222570008 0
0.6393312197678711 0.2361735091073971 0
0.9171408958455616 0.5255589855300578 0
0.9107071784474156 0.5073858617137927 0
0.8917688516553492 0.5038918338177848 0
0.9035718933018935 0.4886582818027821 0
0.9231303388096121 0.4925939573879727 0
0.9159285378778161 0.4737845850339389 0
0.7158954121256547 0.101560591265241 0
0.7103595880931519 0.08297777446044574 0
0.2123476979543257 0.1002069213465927 0
0.2059264476197627 0.08217573611163387 0
0.8655272341784458 0.2954255936755604 0
0.847148004568165 0.2913230115537456 0
0.8348008631586322 0.3057287616107207 0
0.08870275306994091 0.9174151404057133 0
0.8852907677022106 0.4858015466480912 0
0.05000000000000021 0.4816794919243112 0
0.1691085573286393 0.3722928621600731 0
0.7849573973676254 0.902286019149891 0
0.5363593301890002 0.5958898301040061 0
0.5850080186164803 0.2734817184260031 0
0.4228496043302442 0.4722965788584885 0
0.8309875808895186 0.01702075672983561 0
0.3624910076316948 0.5903262709938195 0
0.5908217041176999 0.3816387956550275 0
0.7080265156484453 0.9203630032388236 0
0.7261118306833891 0.9235461171522167 0
0.3776275425550437 0.3712024196169593 0
0.3627104939164988 0.3681694692791425 0
0.4961392344809558 0.6862070397821043 0
0.2381484774051017 0.3107933581160281 0
0.6563378173127499 0.7073900186343258 0
0.7313012289246572 0.08545699987984612 0
0.1109989230063161 0.3997280912255611 0
0.09920309403587391 0.4141564828323449 0
0.1176566364264412 0.417198768953992 0
0.08123851494881562 0.4108060218128708 0
0.9295262951837784 0.3744368341463236 0
0.9168204718420631 0.3889155686284697 0
0.6987638215515284 0.4650791664471809 0
0.7043377474650263 0.4816661798565099 0
0.6872436480148472 0.4782323130195616 0
0.6927293463568831 0.4947347733791437 0
0.6757820004728115 0.4913046281548776 0
0.6812279771344069 0.5076483601270358 0
0.6643805695755702 0.5042460945823524 0
0.6698031087267081 0.5204981154294351 0
0.2285594716137503 0.4249212071857903 0
0.2328599976218365 0.4378036146619331 0
0.8743813685638369 0.2305004376801366 0
0.4752921791987682 0.4640915882262296 0
0.2968305718114288 0.8475724015397753 0
0.2787691077407932 0.8435120462183272 0
0.291261421146572 0.8299460853790721 0
0.1318649269445165 0.734080968758106 0
0.1375187905218228 0.7517143067510584 0
0.149958518676656 0.7380278474727864 0
0.8180234938054808 0.6415504837134076 0
0.7998273649694156 0.6378087433690974 0
0.8119930628167822 0.6232357782809071 0
0.4998451216134968 0.07721408953804038 0
0.5186440195764057 0.08076991340479406 0
0.4810894008550445 0.07369671183825871 0
0.4686329034240702 0.08820507578436237 0
0.6518814229831463 0.2220742376388553 0
0.7729437972214496 0.8654459957238407 0
0.7089052895831617 0.1845039891146696 0
0.6961383348482376 0.1986195835104254 0
0.1159723446618151 0.8369003060069327 0
0.09713115033285752 0.8326654211851364 0
0.5726590353511067 0.5380237964183948 0
0.5461462118843463 0.3874702162285333 0
0.552036988197964 0.4033332425281817 0
0.1249557951843867 0.2585937668870123 0
0.1068351993425884 0.2553996148371728 0
0.09499960256583218 0.269534927576881 0
0.08862378139805427 0.2521705293137191 0
0.0767006386118706 0.2664872179960422 0
0.0729466416467266 0.3444749273128313 0
0.4285752769696392 0.5212521638574333 0
0.4096101163813337 0.2826595113584331 0
0.8610285610950634 0.5658205285856209 0
0.8487059497433023 0.5801586565338124 0
0.4650716152929111 0.2167499338076083 0
0.5527993164005582 0.4768863747906494 0
0.5878429807768057 0.9103594062578573 0
0.5939438147871761 0.9285102271897386 0
0.2807651689331702 0.3641532888927862 0
0.07022116118716459 0.2489092616214168 0
0.3266699653478664 0.1112511799634778 0
0.3203524357209852 0.09354860315090074 0
0.3325916098496756 0.07912693734043413 0
0.3139031509322172 0.07568965560510538 0
0.6907807577168561 0.07950229417330068 0
0.6746961518841686 0.6636887257383064 0
0.5671350697255606 0.716784146452552 0
0.9231475929258267 0.64521093447102 0
0.929830151255021 0.6633682076219741 0
0.9173147756203497 0.677727750715881 0
0.5204892085527129 0.9130073712046594 0
0.4292233115703958 0.8933166947236528 0
0.4166804810673058 0.9072277961672595 0
0.4350979729671543 0.9111790219579856 0
0.3987196802857722 0.9030888282962147 0
0.4040136651867872 0.9212248269477717 0
0.3953208805258879 0.4275495064271144 0
0.4095294356044016 0.4306320466086 0
0.07560288906305856 0.7716834026531609 0
0.7911552228628198 0.920828838440758 0
0.5450732671665883 0.934946784221197 0
0.3128432965080626 0.7386618959464771 0
0.860764216738247 0.7166564800409708 0
0.8795143683592896 0.7204027912318427 0
0.8668686617192468 0.7348047241549767 0
0.8857143580501985 0.7385956370550933 0
0.8983964176737114 0.724108988123886 0
0.9046444370747053 0.7424054253961845 0
0.9173331882700293 0.727846385006411 0
0.9236586130365374 0.7462053210899633 0
0.910839892657737 0.7608325301708936 0
0.4622915815563894 0.07029345553898891 0
0.4499590736180623 0.08476829502031646 0
0.4430227584128804 0.0675170642282068 0
0.3925391271157088 0.3743061689140502 0
0.1108448923134841 0.7809508268598639 0
0.3969775351781344 0.3886136880978893 0
0.9258530486961558 0.1200500674459412 0
0.9194281825605588 0.1013405258171134 0
0.900006551907693 0.09757274440578323 0
0.912977032339759 0.08261159249347771 0
0.893619991719652 0.07892172443798157 0
0.8807093637182586 0.9219912513652937 0
0.9000891941043283 0.9259245052028926 0
0.2241870649114798 0.411800132928187 0
0.06997423823649607 0.7536554804128085 0
0.6372556467649323 0.7517925555642341 0
0.7081408679527372 0.8693286550334862 0
0.6974072065510393 0.5104331273977921 0
0.2622621351085005 0.3465251254444853 0
0.6578869394314926 0.2391710844130908 0
0.5414870913664459 0.6110231408678217 0
0.5308716013788316 0.6230452061772391 0
0.9840411673370133 0.3468922588983433 0
0.09288040959352867 0.6151422315167469 0
0.07456684446576745 0.6109259857431524 0
0.08006061276711562 0.6289242824910837 0
0.929950996447469 0.7646792140057477 0
0.9170259529182084 0.7793485120422927 0
0.7660567625151486 0.1240020294157679 0
0.325303404275745 0.9376531007459086 0
0.3066786683662045 0.9335106461886504 0
0.7224388725990913 0.4877387563169573 0
0.3817476359887001 0.07174621412906579 0
0.2228607314330577 0.4495257230775769 0
0.2372916233704936 0.4508563035142141 0
0.2458804809419864 0.4405804541520852 0
0.2500010798983958 0.452964689661516 0
0.9336937260612606 0.1403662332621097 0
0.6202934945474998 0.7474218456377291 0
0.9234737676990088 0.2249738504537643 0
0.07127018268449076 0.0874602800053183 0
0.08404455845750625 0.07253333772794768 0
0.432713186114763 0.4615518315972759 0
0.3428965823748287 0.4670640539462279 0
0.3295144265456844 0.464234543414637 0
0.3564205668805679 0.4698621503062163 0
0.6525011555159406 0.8077716839254707 0
0.8284362285785434 0.2877005549950187 0
0.8169646601179845 0.3014325599745072 0
0.2356191119663292 0.5509507401980415 0
0.5563041818622411 0.2837783996883379 0
0.5449721725105957 0.2970991943907906 0
0.9307542211903891 0.242795138580651 0
0.9184003794284921 0.2573074781442427 0
0.6388773766603454 0.703855085826534 0
0.8408406220986945 0.273198963935667 0
0.7458314088417517 0.3646042820909517 0
0.763770195238619 0.3677248128781283 0
0.1985744811348454 0.5546542658993231 0
0.7697028004427718 0.3849837756981426 0
0.7817888455856704 0.3712031080714861 0
0.7758116756193217 0.3537730671375566 0
0.9264512420829676 0.8442086232781716 0
0.3471461109012204 0.7944149269680739 0
0.3645251474564841 0.7981608685664077 0
0.3297191118004719 0.790567921427715 0
0.9377867722510376 0.1052881194024757 0
0.2584351994593713 0.4432532031803586 0
0.2627169828160338 0.4555363151027225 0
0.5686636527591935 0.4067810574307419 0
0.5578446828728746 0.4192078877589897 0
0.3027854471913619 0.5652555385794737 0
0.2372552992410426 0.07114474142419702 0
0.257739191451562 0.07395776960209277 0
0.06615210960699941 0.686924969457605 0
0.2622461256745006 0.591925411793876 0
0.02017985584638049 0.7112269523069127 0
0.06096816910923442 0.3587945474553096 0
0.6454804128079538 0.2532705568641082 0
0.9356617162051198 0.4777814452396928 0
0.9290789118895126 0.4594954469030219 0
0.910102459615694 0.4561981195521776 0
0.1121532829476534 0.5693090466356557 0
0.9343585910155693 0.6828994712824563 0
0.929999183986805 0.5618240924789081 0
0.5520842464753448 0.5989570430585081 0
0.5468290520709503 0.5838926604579433 0
0.9216500677208525 0.4409666794464862 0
0.06904626216707127 0.9127759028086728 0
0.1058259344554455 0.4316546852055907 0
0.1242780476553635 0.4345552773058065 0
0.3303190270227489 0.5709347172045879 0
0.06467042670974876 0.06890169294646564 0
0.5508490242166042 0.3134872443904771 0
0.5338139051750632 0.310331573028884 0
0.6150285507319632 0.7305265370988057 0
0.7489388433549068 0.793106194145762 0
0.4806153220951644 0.5977809459122411 0
0.2620135296416093 0.5567390142070295 0
0.634235679189787 0.06889223318909776 0
0.6153457571007324 0.06522653459964733 0
0.6027309192006876 0.07986756515009541 0
0.5962343709395538 0.06229303827857224 0
0.5837780454745567 0.07641339448728812 0
0.7876332183287219 0.6519558483505989 0
0.6402260836552893 0.1872566496899103 0
0.3728452808540859 0.3567513806601226 0
0.357872125592379 0.3537355788217102 0
0.2714703815074699 0.4458142008946052 0
0.2755776538505439 0.4581908978755372 0
0.2846980475184638 0.4486707072618701 0
0.2884155477563248 0.4612380770468253 0
0.06518309147352552 0.1208031331367527 0
0.5293428791696684 0.2132178792719145 0
0.5468605178682505 0.2166004341751098 0
0.5535923069426877 0.2339414281428325 0
0.3353281664215929 0.2239553590413092 0
0.3180030264516318 0.220861430104535 0
0.2196434038603096 0.9312076469938591 0
0.2007765708424163 0.9269059858767453 0
0.2382269871364642 0.9352208566186282 0
0.7724362581185786 0.1423201892666109 0
0.5466890636433513 0.6263234439931963 0
0.7456097179861008 0.4118714396287762 0
0.2971750324908619 0.4509067262790182 0
0.2093588564039293 0.5452210479895137 0
0.9060485632541313 0.06403069968465436 0
0.9249904394055899 0.06795048453486369 0
0.7305084845022976 0.7893299665734159 0
0.8364531548705052 0.06839204711835817 0
0.718087984264173 0.8034034917991051 0
0.3017051375252276 0.6021730754703638 0
0.8613062903886288 0.8156386873062655 0
0.08227371823663965 0.2345290829889469 0
0.0636799954079128 0.2311906224616596 0
0.8727170937378654 0.4136786757091505 0
0.7042045768900068 0.06452092461192038 0
0.6843751730297359 0.06104036602553475 0
0.3988929946765506 0.4797216753044414 0
0.1533916659991331 0.1201661939818873 0
0.1226776482785558 0.385533418732831 0
0.8424532011305448 0.5623648988863256 0
0.8301722664627318 0.5765916917631134 0
0.2419231583468785 0.462830827047105 0
0.7816941048527697 0.6342794513067959 0
0.8742684141470274 0.1274518096269129 0
0.9353258708587172 0.3922568046212065 0
0.8486041679677195 0.8301208804500908 0
0.8728837453353429 0.5004309324001083 0
0.1883534798126023 0.5653223618112173 0
0.0616171701583576 0.6247031568485309 0
0.2732828920409779 0.8258952051712718 0
0.286064825590115 0.8124864073078071 0
0.2607910109270141 0.8394190733594504 0
0.7140683400861649 0.9387332458050084 0
0.8414208335469657 0.4736623442116697 0
0.64820397596363 0.316077452787178 0
0.4562575955938789 0.1026471535408934 0
0.4376845345147074 0.09922827731182471 0
0.3119587329165873 0.2043064963696507 0
0.6877619635475579 0.3852796795516123 0
0.07532478586235747 0.9320141636049832 0
0.09553815387835735 0.9369038603278309 0
0.5007035166951666 0.5749309133185794 0
0.5108039249859606 0.5632555837770044 0
0.9357509566169164 0.7296008700383614 0
0.1556169847000167 0.7555493025987891 0
0.1678894385289664 0.7418769876270259 0
0.5414219604099741 0.4158226690557457 0
0.5471164115363025 0.4314977400520238 0
0.556946582799716 0.8709121740250285 0
0.2252263140711972 0.1358559607647714 0
0.3477797446319701 0.3651826224141265 0
0.3428175021427187 0.3512069880063775 0
0.9355939374050337 0.7834428499380121 0
0.9363900753687786 0.580100765731786 0
0.08173955474543332 0.7913980656587264 0
0.3006085021810926 0.2177595051590586 0
0.3508146734477323 0.9093416471971133 0
0.3568401913301848 0.9274235922527088 0
0.3472643827777068 0.4800973586204091 0
0.512321826213393 0.06266787181528927 0
0.5308409280435616 0.0663911829725447 0
0.5372619302762586 0.08452436851636513 0
0.05819609646645557 0.2633598423507865 0
0.06483731448767993 0.2808363924332951 0
0.2214959773836974 0.8805146364859437 0
0.7280415022303061 0.3610826831825651 0
0.8730033343060836 0.7530096419807478 0
0.7877546999459039 0.3886236239899648 0
0.07590276814668195 0.2165983260711528 0
0.8738947411137468 0.8012096178688602 0
0.7322545819079231 0.8904014459683336 0
0.1664093410078894 0.3282410993566678 0
0.9386972012885522 0.2607759116263894 0
0.9249762281972562 0.2757781714153563 0
0.9453150276439137 0.2792587658154733 0
0.931288599298547 0.294096505952447 0
0.880819700416182 0.2492169066627444 0
0.9507066982024892 0.2445555078684916 0
0.6530786229394516 0.5170510764404733 0
0.6584655814913104 0.5332461395635278 0
0.6752283337563739 0.5367177307381906 0
0.6638375298921826 0.5495194260155096 0
0.6815223283441499 0.5566364365561667 0
0.4370957413350328 0.4756178843772569 0
0.4269837827851534 0.4862654495964849 0
0.8220743519908567 0.2696937523599306 0
0.8871649572290261 0.06039581140616129 0
0.5390770885943336 0.280617297218458 0
0.3679992595575695 0.3421767346674277 0
0.6066017627360452 0.9141081063902199 0
0.6128319852163407 0.9319647937487116 0
0.6004020373930078 0.8959939369997751 0
0.6000032350581621 0.9467822299871109 0
0.1938788410892782 0.09659990160363846 0
0.1869856136187605 0.07861419129517605 0
0.1995555727902831 0.06391112964658291 0
0.1804621649719961 0.06031246358112974 0
0.1951224881950586 0.9084074381968057 0
0.1818217885866064 0.9225281599307349 0
0.05681738508020284 0.768022027546166 0
0.05648169120507029 0.6064686341322024 0
0.7719850625036504 0.9168814875958203 0
0.7781295291199571 0.9354893341165031 0
0.7974027151259415 0.9394433618976731 0
0.5773683279721575 0.05807143942075765 0
0.2544641292942865 0.4308729622964826 0
0.1185424627390145 0.2420211676925995 0
0.1367307832080058 0.2446230567166358 0
0.06676157372240427 0.6424521936554513 0
0.04854840887472134 0.6385243087604198 0
0.9232704020412366 0.7979506059553902 0
0.9425452886217919 0.8018295424499934 0
0.4072149094936212 0.3777633516161285 0
0.4116349765586257 0.3918740161530927 0
0.4017589917894703 0.3639157752296431 0
0.3027260820275138 0.4639892733037355 0
0.5740790690102469 0.4224510568715234 0
0.3992069797112647 0.07570510054038726 0
0.5312148128497253 0.4284337067850802 0
0.9477288761493874 0.3773329255760335 0
0.8344502054494336 0.2551808447044214 0
0.1864240101710321 0.9398810589744816 0
0.1677654687656528 0.9360650740115835 0
0.1626906115144319 0.9179587696275679 0
0.1490929417024019 0.9320516105682017 0
0.7321997488652432 0.9420167169134396 0
0.886966343530594 0.9407619609325959 0
0.9064076552060035 0.9446731530267156 0
0.9195366570355377 0.9298234673832919 0
0.3260708533768742 0.06207813381544275 0
0.3071983353020555 0.05879046367060425 0
0.3245914367226232 0.4518342337421369 0
0.793969452030814 0.3572898489500874 0
0.7879236079639822 0.3397686193774687 0
0.7700350096969097 0.3361616836312432 0
0.7819042804694774 0.3222203507733461 0
0.8240091065725212 0.5589359385306353 0
0.5360113331009247 0.6380619584905696 0
0.1838201968363085 0.5510351895222325 0
0.9423189781337478 0.4961981256409821 0
0.9549793552178873 0.4813765992779124 0
0.3936992568507047 0.05736443737820751 0
0.2553324836418827 0.8218111644370097 0
0.05708533109938396 0.2132817813968758 0
0.06942399279617084 0.1985639368305208 0
0.899507115577651 0.04530924899028121 0
0.02890466257483304 0.0153879360387727 0
0.02940104991875109 0.9845854465009298 0
0.03120137288287722 0.5180878066986094 0
0.9831271312097467 0.03080160299683021 0
0.9676634229848645 0.9807424829261299 0
0.3847321895393501 0.4765348779088422 0
0.3892871770924695 0.4902497221218857 0
0.3087403937384694 0.6771571400723132 0
0.2208740964051777 0.5843816929763804 0
0.1623238158780871 0.7245592301870412 0
0.1800946615241965 0.7284110556838578 0
0.1746042498313217 0.7112821513352394 0
0.1920576403638587 0.7150986525204497 0
0.1866905004102646 0.6981938793607507 0
0.2038500472454232 0.7019115954806923 0
0.5395764006586418 0.3265827983468707 0
0.522778847477247 0.3235036535427995 0
0.5177581646342384 0.3081128726796887 0
0.5284503874184059 0.3394593594817195 0
0.7121403433550736 0.785654806805009 0
0.699993050225278 0.7995353231176858 0
0.2789759259620599 0.4708954851782089 0
0.9433497665220257 0.4442683229340963 0
0.6506624963615448 0.6905536917349148 0
0.6333590239345728 0.6870536619400875 0
0.5297267228529455 0.6928828185767626 0
0.3439261537767473 0.5738365297657712 0
0.3394991276065482 0.560670697464449 0
0.2525526333672746 0.3983444766789048 0
0.6031440085511559 0.7437983818718945 0
0.6087192310057121 0.760316062583122 0
0.7149173402304361 0.2023318036104817 0
0.7018155821020037 0.2161417049120484 0
0.7273943634357514 0.1881678595892112 0
0.6249273253103375 0.3882186095816555 0
0.7429218350631973 0.77531321484441 0
0.7695345546569756 0.6483755421145136 0
0.7202109528623418 0.957280563614889 0
0.3081990464078928 0.1079410178871925 0
0.314516462467961 0.1255723893808606 0
0.8236774617325406 0.3189088149268987 0
0.3608189655134173 0.4831298672808855 0
0.4507253580868599 0.6924055868088339 0
0.1272184339750119 0.3537961683801407 0
0.4246332600301048 0.8270623805039622 0
0.4364112593285397 0.813376238129764 0
0.4181098098980143 0.8094436487993013 0
0.454414753844399 0.8173919083199377 0
0.4483862591391102 0.8000046807569895 0
0.4662131110114366 0.8039904020246372 0
0.4606705687597996 0.7871030692073463 0
0.4781327372307325 0.7907997775510699 0
0.4434254106731185 0.7834571583585653 0
0.483713066590065 0.807674778968601 0
0.4955735829635603 0.7943925008525731 0
0.2346183078734144 0.8667008847972727 0
0.2159448847450648 0.8623984039054947 0
0.05042617213997447 0.195210309025206 0
0.06285284275816316 0.1803937418228057 0
0.5922859589767915 0.6002494175972317 0
0.8363402617960365 0.5943251832603393 0
0.8179864342693377 0.590773977384777 0
0.4744309375828931 0.05374269710458213 0
0.5118741063950795 0.3364578831688965 0
0.5174517069311713 0.3522079042750275 0
0.4815050895525962 0.1237818961491106 0
0.1125092166693162 0.4492282133125894 0
0.09372860918268094 0.4462604546072078 0
0.9056346720289453 0.272013458502015 0
0.1930263359949711 0.5795292394362315 0
0.1863849974478008 0.6061601551807427 0
0.8546777350310548 0.5478194152876373 0
0.1999734221531756 0.1147562989804721 0
0.05445846391840603 0.3411897418920309 0
0.04229079405523828 0.3556714452333638 0
0.04909108879643842 0.372566092915284 0
0.2334613521756495 0.3809878850603007 0
0.6589302307215633 0.4879389836718447 0
0.3393032854662111 0.1462069108231376 0
0.6816756880908915 0.4617215054182529 0
0.3590908035645438 0.7813236902150991 0
0.3763667431341741 0.7850550687122098 0
0.3818466830679954 0.8018574916647828 0
0.3936486560260909 0.7887498302591284 0
0.7532106063149047 0.1387362208038751 0
0.7592535942234662 0.1600577724202347 0
0.6773359181031463 0.1948505543015598 0
0.7484143874931553 0.8432598630267463 0
0.8677491392056234 0.9366767465723802 0
0.07188063182925875 0.1386827554652197 0
0.05267750255272169 0.1346525563105256 0
0.1432139126652074 0.7693408548472223 0
0.161326762545914 0.773125692220602 0
0.5849419675940422 0.410070314196991 0
0.6672181451980923 0.5680747888536426 0
0.9237250929257861 0.5946275792166732 0
0.9433056182125716 0.5978768233504564 0
0.5260041394755012 0.5661844990153746 0
0.5208985720745458 0.5514217638210691 0
0.5359252515205571 0.5544646729350483 0
0.5226759480490656 0.767905026621258 0
0.7451395339550919 0.7253522462633903 0
0.842192286105623 0.7127632199532608 0
0.9441562413831944 0.6482137861753469 0
0.73021149657629 0.8392250113922036 0
0.721767910810814 0.6570746153745182 0
0.6954448809821674 0.9348520387077029 0
0.916717231331962 0.3378172068399969 0
0.9358517455559516 0.3413953275363645 0
0.6842615309558335 0.2754541950206198 0
0.1032664057507036 0.07622605696131662 0
0.0968506752376036 0.05759069480833495 0
0.1160427400416503 0.06137169373909973 0
0.06650993324337195 0.3269019398711514 0
0.3740815620753702 0.05062577765757048 0
0.08399982084577723 0.846853403607866 0
0.07820738213718315 0.8283396339147868 0
0.06499352137414494 0.8426122853557501 0
0.05919992293042997 0.8239828935440896 0
0.2099434386280548 0.2754521850297179 0
0.6527237394659176 0.6430566296304043 0
0.05129576558638654 0.08397510695030452 0
0.283029273077362 0.2588234799027095 0
0.4771812752018802 0.2952595621848917 0
0.8799130864727605 0.4321050354092444 0
0.866999908648947 0.4462719000003851 0
0.3937727849906105 0.1075102674473637 0
0.7395196082053623 0.4419932444066866 0
0.745244829338961 0.4588624664928634 0
0.6922554934682507 0.5407998413276103 0
0.8925335048789317 0.4177369224408783 0
0.5183029544530464 0.1792958237476823 0
0.4287935203693816 0.4480781436033049 0
0.2950175316328444 0.07248504890808971 0
0.2878603330858141 0.05561673366082787 0
0.375049051303374 0.8813451067795404 0
0.1102254356705862 0.818536943525221 0
0.3329788950574319 0.3622468546541705 0
0.3278678259275629 0.3482861054646251 0
0.3184243163746651 0.3592071006215635 0
0.3129987783167139 0.3445668990957022 0
0.26628086979303 0.6817956011878714 0
0.8807680182646123 0.09404547510495403 0
0.5902960880302152 0.09443866173898341 0
0.4719006674213046 0.5675447575364529 0
0.4620376036305245 0.5786134953905424 0
0.4475995145408761 0.5756133335466815 0
0.4521088168777618 0.5897252075329927 0
0.4375374397903651 0.5867325503732196 0
0.4815202748201464 0.5567770200420354 0
0.249852665805831 0.05656981766894298 0
0.2308746156444849 0.05288275695203171 0
0.4726239535460189 0.7739813602329983 0
0.1985790294588863 0.6851876479211965 0
0.2155369501580864 0.6890577093788598 0
0.7756601281226027 0.4014656677964025 0
0.3123548131588064 0.9519149680657897 0
0.2927918246838752 0.949113655446425 0
0.4490838463392665 0.4624117185410011 0
0.814897642205339 0.2514232959913825 0
0.6216567561728361 0.7001627016077614 0
0.1358305353259376 0.42024002610249 0
0.1432218649882148 0.4359941837004915 0
0.3065630263497469 0.2338585233449411 0
0.0556714643500717 0.9273338747273561 0
0.06196306648355243 0.9464718343965803 0
0.05336589486412924 0.7003062046560167 0
0.05935746994291002 0.718040002783537 0
0.8485432856465173 0.7796023259824065 0
0.9485339265284985 0.7709381590366554 0
0.1815329621558152 0.6814935520228873 0
0.05175877051307898 0.7489771444119935 0
0.7056200537888037 0.8173327704125805 0
0.6079236690758938 0.04874519434678154 0
0.5501596443798727 0.2664952421868572 0
0.7237285908971376 0.1218187375518984 0
0.1541627047658273 0.9501806716085226 0
0.1355318681826718 0.9463079912759067 0
0.5645088244307976 0.2199804841711145 0
0.5709043378419176 0.2371435199919437 0
0.5588090358970106 0.2030607657692003 0
0.9490924216895609 0.5653864103108192 0
0.9423568491017825 0.5472052913737966 0
0.05023705050136673 0.9083456705015753 0
0.6253873227218484 0.9182296559250017 0
0.6317130861119279 0.9358039311409267 0
0.5720480765354379 0.09137559634858794 0
0.8980261789554147 0.774655341919845 0
0.9259628875462803 0.9482008575812656 0
0.9381329958209175 0.9328776050277807 0
0.9325101876110179 0.9147987252219877 0
0.9471864160670985 0.9496036714594357 0
0.758709781139484 0.1061694410253916 0
0.7721985166165908 0.09091500720308726 0
0.2259565045263316 0.94952108142136 0
0.04831285750401315 0.3234146600815732 0
0.2091106473910377 0.7184649413941632 0
0.7177194951653476 0.3293337625952493 0
0.7347404552217398 0.3317731028791574 0
0.09844379981501639 0.6326409536292693 0
0.3173107518371646 0.8035117900023068 0
0.312320821927569 0.7865708508471427 0
0.324364142879774 0.7736577152579449 0
0.3071597791214044 0.7697771759840757 0
0.2948359390943812 0.7824731527097371 0
0.04590269018728915 0.2276075903184657 0
0.6453240078126271 0.6735025356117235 0
0.6699992717316438 0.2256546316514582 0
0.6760320813929128 0.2428353454973455 0
0.4032275176908308 0.492969820113596 0
0.3256813712758101 0.5582255977222012 0
0.172981844299884 0.5616141946857377 0
0.1679043231648262 0.5468963789603758 0
0.5979314871216332 0.7271682614046708 0
0.07868489493396708 0.6744959424736479 0
0.01594160545907264 0.470089817600411 0
0.5565203688037672 0.3297698350736519 0
0.6680524407717479 0.6940123606211991 0
0.7372357313314781 0.8575159239329495 0
0.7754447789723509 0.6660293017032803 0
0.05279263167380144 0.6556595143733054 0
0.3094609515689165 0.8339672654014083 0
0.9513861566309263 0.2963481706005974 0
0.7613330078183591 0.779006323308125 0
0.7664233053119973 0.8981352824981285 0
0.7641949511617118 0.3195577014159259 0
0.7786756402242107 0.1605952625973296 0
0.8302619553888566 0.6270135596825757 0
0.2946621802281658 0.2012227006829928 0
0.3063127328617224 0.1880160863033731 0
0.2833308132312684 0.2145115047975961 0
0.7335743213052037 0.2054799271000955 0
0.4213893890113683 0.3813616454961821 0
0.9230949757547625 0.4071179215908067 0
0.9456958679562184 0.4093924625634632 0
0.3529673175746881 0.5638410675061001 0
0.8678021465688222 0.8336710554811133 0
0.1419445834393532 0.9652930196678053 0
0.1852752562535711 0.7453235816718418 0
0.9506307998112072 0.9174574148355323 0
0.9455084020236026 0.8997530398579312 0
0.9653080999261779 0.9038751609077029 0
0.3822395429505369 0.3459002852355741 0
0.1289674265922692 0.8228610773748714 0
0.8933261802653354 0.9578192377717661 0
0.3382941435040774 0.3765921808202876 0
0.4440433791473128 0.1168052228760063 0
0.4262986517735653 0.114102476304485 0
0.8858638600811268 0.6880184611832412 0
0.4514937565510739 0.4782379973057099 0
0.6593422228240025 0.09065459452096791 0
0.8173229924158903 0.8404644261064868 0
0.8853813669560429 0.3994398324079281 0
0.5519021176499053 0.6417634262327738 0
0.495765445911027 0.8911022974465572 0
0.4839080454796498 0.9049365363273434 0
0.6171206759891468 0.6827902089612561 0
0.1929758291686127 0.046174887238986 0
0.2828827369746316 0.9112562785167313 0
0.2688113591695408 0.9259033399015597 0
0.8554948407327378 0.07216349260279054 0
0.8492002692546524 0.05290423948513556 0
0.8299229902797925 0.05008397195773773 0
0.2430672450926554 0.8356457907422379 0
0.4051527341844333 0.416532490627582 0
0.4200746038287951 0.4211728701760551 0
0.1095289902252531 0.04325112180598362 0
0.1286906238828753 0.04774236114590169 0
0.8490159663871794 0.1055653819963387 0
0.8425166434631777 0.8625052792663476 0
0.9167015380538445 0.6271992987184265 0
0.4124058427963822 0.0616008381063593 0
0.6943424346847331 0.781458539483625 0
0.6822256801185282 0.7962062736926609 0
0.4266807072996988 0.3966679970569912 0
0.5625492354162249 0.5873417021584127 0
0.5570326149624828 0.5734389057832664 0
0.3448485577838821 0.06512372771916736 0
0.4475463361329022 0.8971744791891159 0
0.4535883738594563 0.915097882672554 0
0.4409207367841939 0.9292575662752579 0
0.4594827994561503 0.9332621412068878 0
0.4468274296649047 0.9473233615337135 0
0.4656636992012168 0.9512750543276151 0
0.4280091147709336 0.9434664721183942 0
0.478321839941832 0.9371452839637872 0
0.4846032301988312 0.9556048847599238 0
0.4973736005020571 0.9413477628279302 0
0.3313368169179985 0.9552335130941638 0
0.9109342620831431 0.7097700420208775 0
0.6476502711392685 0.5458106134265238 0
0.390867291155131 0.413663428224287 0
0.5059797240907234 0.5486795151266721 0
0.5157753078978891 0.5369204175262047 0
0.3244386599513155 0.3347002870298562 0
0.3094720014297999 0.3309240710978598 0
0.2978820286027636 0.3414637908165964 0
0.7760417211222322 0.3058040875231345 0
0.1490434769792362 0.7864926082148092 0
0.8542137857083236 0.7488209299417141 0
0.763858507935425 0.6312126689986829 0
0.7757336831977115 0.6171138066610755 0
0.7519269258723189 0.6450638662677988 0
0.2933142156504117 0.4393062817565956 0
0.5202578843725951 0.6345718669409854 0
0.5269095114147813 0.6494940876059458 0
0.5367209291828225 0.4428074251531083 0
0.553033528881735 0.4472056750897461 0
0.2165426426155933 0.5140834574566597 0
0.2068208946486546 0.5209690141300454 0
0.2174542567539838 0.5256074239406275 0
0.04623978168875142 0.2786389301353331 0
0.5257036521867414 0.4124726339433505 0
0.5868298706078722 0.7392918109392765 0
0.5683064475145565 0.6027711406227748 0
0.2961078035062685 0.1223171075193267 0
0.2938831402426414 0.3278169717165535 0
0.338121868055528 0.04667695591336191 0
0.3689719246353991 0.9131543073658925 0
0.3749540398381023 0.931203282472572 0
0.3626602956226436 0.9456913709848593 0
0.3808395372751435 0.9494505839450524 0
0.3508765289370031 0.4933501586420654 0
0.5254720253860582 0.04830852348666731 0
0.5439199661271352 0.05166042391895909 0
0.5058444056242597 0.04663851788692952 0
0.09370420556697923 0.2213270294244093 0
0.2374667779888784 0.4156917619942816 0
0.804949369874162 0.3442554057368006 0
0.3887517139730592 0.03859280867913545 0
0.04653416233096608 0.8389701945481496 0
0.051758459253607 0.8571207893404384 0
0.03355681823843282 0.8538138592064437 0
0.2455768825477906 0.9537398803650039 0
0.04655981239518225 0.68464825412478 0
0.04601790526192889 0.0649750659035796 0
0.05810550712901341 0.05022271199297912 0
0.0389993519192558 0.04775200110399047 0
0.6969912447550835 0.04708934693376315 0
0.7167932935646035 0.04904925505036573 0
0.6773802737978936 0.04242704871929948 0
0.6652095357524497 0.05754849652474503 0
0.658150027005348 0.03712333234150067 0
0.1956778683659816 0.5146062777197762 0
0.04587058929878457 0.1172377033722248 0
0.03407617553134157 0.1328373050744358 0
0.04271550157745579 0.1483919045019361 0
0.08071568722979133 0.1850517403477332 0
0.06011983648716795 0.3090902574195268 0
0.04090998592375128 0.3070711588163515 0
0.7746638864901592 0.4280671494201948 0
0.958706456891393 0.885470198564573 0
0.3200023192768013 0.9684289127389478 0
0.1948171684907576 0.5278061003777957 0
0.1295489286100787 0.228319936608343 0
0.1483414449222155 0.2313292704224764 0
0.1548509950613011 0.2479368642446831 0
0.1664364209641321 0.2346270856839731 0
0.1727095982181651 0.2511268593161604 0
0.1840881425636866 0.2370979796915942 0
0.1891810532176437 0.2547673358505155 0
0.3062432712156357 0.4407003301769175 0
0.7845032674829258 0.9532773278281541 0
0.8039201484187963 0.9572578293340001 0
0.8167318545413815 0.9432335712295465 0
0.7662138390657506 0.950191714121662 0
0.09089244828883025 0.03845969957092582 0
0.7948709627657031 0.40473076613911 0
0.1820108268871959 0.1106862286053785 0
0.1887595769273298 0.1290758460024254 0
0.8530640431268677 0.2586954733705423 0
0.8455237411361438 0.2403996260529534 0
0.123877533159814 0.8061341691662391 0
0.696918682833093 0.5557097125580605 0
0.7093902514123143 0.5426660915579936 0
0.4198981759117881 0.09641999156736158 0
0.03949927273233278 0.8713224388350176 0
0.6668270795266436 0.2720217602766395 0
0.6543548207379239 0.2861200042025234 0
0.9282170285876217 0.3234319720834574 0
0.9477296533858207 0.3270903552836401 0
0.2036383419790128 0.8768871213844525 0
0.7451355341580403 0.19146686322492 0
0.9538402502834094 0.3454533232318269 0
0.04298000765176768 0.9426011100388729 0
0.04815860255409871 0.9608108950069258 0
0.02870636374806557 0.9565169389525882 0
0.2395244015073716 0.8169249324176828 0
0.7537916608195452 0.9125609290230852 0
0.4344904057077786 0.9635760848205104 0
0.1658861320221338 0.5860465009930313 0
0.159293868587657 0.08748299034483187 0
0.1530340205667099 0.06957598405562238 0
0.03691984023581318 0.8210119099862883 0
0.05343641715207875 0.8052239354972318 0
0.8436313503470646 0.4920896409600037 0
0.858050644651323 0.4790486237578034 0
0.6437873530705639 0.9226550042478736 0
0.6504447143783597 0.9405688552885489 0
0.6372521094042478 0.9535630697022806 0
0.6569510007750619 0.9583361595019217 0
0.4156095478352004 0.9566134465940954 0
0.1683571733708519 0.7881665191641786 0
0.5623808478029474 0.6295919791768 0
0.7413083545334644 0.173646668086354 0
0.541760002940359 0.4589334950933262 0
0.04669620712893241 0.1789979345564354 0
0.9192216212461242 0.8262142499776739 0
0.8993799164496095 0.8228000765654084 0
0.9388092689574989 0.8302334719425732 0
0.945795847390636 0.8481520732147044 0
0.3873382914003737 0.7712517937516318 0
0.1910803430142857 0.4869680011500534 0
0.2005558827624057 0.477412521678311 0
0.187458795262079 0.4727459950482494 0
0.1984024252524315 0.4646605820468088 0
0.2100068928567976 0.4689311036049623 0
0.186512254844077 0.4567841919598589 0
0.1729596450019296 0.4675344000639543 0
0.1694570746809838 0.452309661617752 0
0.2096984397132726 0.4568624311030389 0
0.6685395587133796 0.9445874153103553 0
0.3388530966637459 0.4899115987189188 0
0.3686044572295479 0.9641810971607468 0
0.3024657450079213 0.1399161451705747 0
0.886695236370128 0.4503527957710825 0
0.03331585169774387 0.6533126285840116 0
0.03012618117032811 0.6345611396311748 0
0.2584594005817403 0.4108638138702165 0
0.2332519558173038 0.4023076665751087 0
0.2194476850183352 0.3983764119403478 0
0.470986567962649 0.9697553213606661 0
0.3864089809470548 0.9677972866015946 0
0.156611412447799 0.558623958970376 0
0.1511356004011137 0.5428040826934007 0
0.1392660330109035 0.5556174486691117 0
0.1339376961545284 0.5385550924038889 0
0.2835166929618508 0.3386989542955873 0
0.2778200130385677 0.3239121051144636 0
0.8028104793381322 0.2654882264576296 0
0.8805765387418162 0.0410807245470296 0
0.8944970777350302 0.02667581571382116 0
0.03573237147794156 0.7630705426865669 0
0.04521069247687959 0.7842810436369159 0
0.1544108896537189 0.4233311649316018 0
0.8113520413813591 0.3618750674535062 0
0.2301700138872678 0.9676238366166113 0
0.1454128534365866 0.5249844125182549 0
0.5327235638312335 0.2634080438440347 0
0.519583470968815 0.2787029268792032 0
0.7535564930448735 0.4463781444948057 0
0.7642384694558859 0.4592830899779646 0
0.7511958353346657 0.4750569595963637 0
0.7690063490117018 0.4784986188432386 0
0.3024237598821317 0.03866838549339019 0
0.1229424841531375 0.9602438899224115 0
0.9683933180435119 0.3311894393997997 0
0.751627194030617 0.08814339332575327 0
0.7656630170649308 0.07250711660880488 0
0.7455817726363828 0.06920629872643158 0
0.7585657290851935 0.0537854537447745 0
0.7785864494462937 0.05747270140115707 0
0.7719861657087078 0.03990422956975842 0
0.7912182576574247 0.04454455153845049 0
0.7529633510537703 0.0351199006484495 0
0.1738859999828186 0.041852605558516 0
0.7098271209536459 0.03149629020588773 0
0.03647353054975189 0.261352067708375 0
0.07516430251717554 0.1657595244119964 0
0.1428242912135305 0.9132175730023255 0
0.1562352158618806 0.899196554797051 0
0.8071317076118453 0.3903882966485798 0
0.7757462099500079 0.9679214613939057 0
0.3351825452692548 0.5476693299670881 0
0.676046407194541 0.9661764025080428 0
0.5034015423271356 0.9603370833798605 0
0.5158406951879799 0.9457070584230419 0
0.5224758524460523 0.9640864142416674 0
0.1086083592315368 0.8001343714289761 0
0.3785415764274812 0.3309084806968613 0
0.3649101474494945 0.3281429487436186 0
0.1974585142454342 0.8581919880812207 0
0.2896907116875494 0.1046649940872714 0
0.1933093419696919 0.6686808309182665 0
0.3186727467757489 0.7565763245643762 0
0.3019964758330635 0.7530547027182737 0
0.5010385817788842 0.3492174180635332 0
0.4954023771775768 0.3335504543369294 0
0.506633225659699 0.3648503376192986 0
0.5228858089048671 0.3678348427852584 0
0.5121390743644396 0.3803718941165089 0
0.5903107909524954 0.4257259937122362 0
0.6016194696623586 0.4131185671137544 0
0.5798707619422281 0.4383717066409373 0
0.1793022859180483 0.5349053950771983 0
0.6187372237710294 0.4159155056838665 0
0.9023010161547208 0.4373534579741083 0
0.577127076101567 0.2065758620741091 0
0.5716145237916458 0.1893081918595449 0
0.7940302987176544 0.3081891467788165 0
0.7879145476808642 0.2905573048781613 0
0.1031298787157619 0.02385075403774345 0
0.04129075242936076 0.7138445825821271 0
0.7382454594613166 0.9617047363869238 0
0.7252785717391123 0.9752776377081723 0
0.9571033200888657 0.8343710797659987 0
0.9657237352708786 0.8533743567873819 0
0.7822263735011057 0.4681608566432966 0
0.4421833497282571 0.6009017162572459 0
0.456588580494517 0.6043199486708485 0
0.4275210314892363 0.5978098042877863 0
0.4229408335640785 0.5835874349562732 0
0.4130016821433318 0.5946369498626763 0
0.4084377691517747 0.5806425417129067 0
0.3986439722974812 0.5914955536964054 0
0.3941681844333941 0.577660375032516 0
0.4041941676739339 0.5666456248410529 0
0.3843203661778415 0.5859854193788543 0
0.380681944488712 0.5717606659660729 0
0.05277645278587606 0.03287920118602256 0
0.1160270467818726 0.9417107943264509 0
0.1029469363656226 0.9553207681692372 0
0.515024393774232 0.4236956221268289 0
0.9650610115666441 0.2830527354497623 0
0.9649935111977146 0.499840488318299 0
0.9488214548405078 0.5142187295259418 0
0.9716840636355648 0.482516094523174 0
0.528685982989298 0.3835569714323674 0
0.5193843311906191 0.3958093095326646 0
0.1572193885315389 0.4640845784088625 0
0.03007054693059513 0.3703626948958837 0
0.02251068027250386 0.3558558284202498 0
0.796181567984068 0.2479887434949388 0
0.08221374187083186 0.9510525566529362 0
0.09040427783470756 0.9708407062151243 0
0.277062774554686 0.1979830534642046 0
0.2658655638702517 0.2109803166346336 0
0.3991383170728481 0.8055305983317665 0
0.4126591668407323 0.7886836212374029 0
0.6612950400767142 0.978047287511789 0
0.7520033828310516 0.2097542534862156 0
0.03102452021301416 0.1896151640385747 0
0.3742231583106774 0.4888629394617673 0
0.3820706133312027 0.5022005891275388 0
0.3358475938857134 0.7604217700785169 0
0.5013165114743428 0.8113275768643724 0
0.4763688205589649 0.5821945676388384 0
0.3704089295394432 0.4734969936910019 0
0.9676723578298094 0.4662975139279858 0
0.7584949675729038 0.1787003016578149 0
0.2200670076113171 0.4610759976968277 0
0.7585708092007586 0.4920517934582896 0
0.7351919634513207 0.1528748333404524 0
0.1775993747495104 0.2685381489263731 0
0.841895482261666 0.03443882113804336 0
0.3160621226622896 0.4614754290076701 0
0.3208613269049518 0.4741616119668608 0
0.02015603800057203 0.1497003717683563 0
0.2429810898652731 0.03781928524862993 0
0.260257590673654 0.03831531501548791 0
0.2221236847015707 0.03446546249926408 0
0.2706660336973108 0.01887984679276083 0
0.1213468804326581 0.5518161218807771 0
0.5132769088002357 0.797694748628646 0
0.5074472997610482 0.7810469218055456 0
0.8233062327985219 0.9621791116669491 0
0.8359898809348576 0.947286890673649 0
0.1566986268769319 0.7073006086107394 0
0.8424920586580686 0.9660477985397762 0
0.2487488758931716 0.5539876320718669 0
0.2446654542379172 0.5414719252766788 0
0.2319083132542547 0.5388684913724575 0
0.2406629353829676 0.5303566387975862 0
0.2545390202053589 0.5303435638103479 0
0.2222928692314822 0.5484410187790044 0
0.894614356797291 0.4685709404321178 0
0.6762585559495926 0.7778672108546265 0
0.6634674320955879 0.7920612602461269 0
0.6584918683258939 0.7742884052764316 0
0.6458171346812931 0.7886240172763265 0
0.6416151932298715 0.7698808978203926 0
0.626794029095703 0.7836063804496034 0
0.57867191342198 0.5898802049916537 0
0.2761600826554771 0.06960474148376428 0
0.4595466488103502 0.6211818878464769 0
0.5900008984015748 0.1929797297625398 0
0.4331743263173113 0.1314831969544447 0
0.5574633851631225 0.4620188594622373 0
0.5683952869919577 0.4713959727667232 0
0.58355711815471 0.2237467933408536 0
0.5886113310424943 0.2416042378988846 0
0.5768692655807547 0.2548244528591865 0
0.3877568611751583 0.8190087723156138 0
0.6123546391776067 0.400254136431647 0
0.8081410601832835 0.9788529787024439 0
0.8241212938831627 0.6087512971762816 0
0.8059075332412029 0.6051204587386996 0
0.8002307825642839 0.5877594996399058 0
0.7881160805799818 0.6024361556649659 0
0.4309773774264558 0.795326509210023 0
0.4286652265762987 0.7778504809127466 0
0.5428758047720074 0.2480891082139055 0
0.5146514522733131 0.2593990747701442 0
0.5026473407352022 0.2880704731666957 0
0.487869089076108 0.9738991813105795 0
0.2753185466865287 0.5595583848675348 0
0.2708530211879305 0.5470293859785269 0
0.2846320303092241 0.5497095767560385 0
0.5680725031724949 0.6450830292335279 0
0.2540702698962649 0.4650463730560385 0
0.2457664191976319 0.4736398443191338 0
0.233733585722076 0.4719557935691426 0
0.2391948172369741 0.4809113693347239 0
0.2577325036618276 0.4754768774344797 0
0.2664515125958383 0.4674885074123242 0
0.2696400788510279 0.4810201640689355 0
0.281957242947007 0.4833225282341733 0
0.292290716225561 0.4737377953571251 0
0.3038311457013428 0.4778685628990318 0
0.2492792345568644 0.2978997194180036 0
0.2541110969665594 0.3134389703859832 0
0.2432430396818627 0.3266770396940178 0
0.2652168612718352 0.3006127779876616 0
0.2603765909181538 0.3293514956778836 0
0.7072333210336883 0.7673935969377781 0
0.9612824920431315 0.5496252241410502 0
0.9678016210431939 0.5680373009246675 0
0.9702265080840823 0.5358332508688639 0
0.7554247835058199 0.7612360646867979 0
0.7371648725716409 0.7577747610213189 0
0.9134737233429574 0.03163015987297368 0
0.7818396528434982 0.5867750484146868 0
0.2718819960371462 0.4139439565124381 0
0.2761194885541602 0.4256153170511438 0
0.7859148023662306 0.4832525783372403 0
0.1291398164856815 0.4028815445848644 0
0.1440559637931851 0.3892176579858612 0
0.1344630445924105 0.3715695987915502 0
0.2579845199119444 0.5440969048575702 0
0.5306481413457962 0.9825066963851884 0
0.5419758657912382 0.9663431021327397 0
0.2892382754964307 0.5623529824907617 0
0.2983985603454947 0.5524564786456314 0
0.3116418488060223 0.5551832573252502 0
0.3063951216640899 0.5426300816628391 0
0.2929581084071283 0.5398631434477698 0
0.2505772640765374 0.8038585842197872 0
0.769684906461745 0.01976175308820793 0
0.2177893938267889 0.381234783644576 0
0.3424068447147574 0.5028407990883221 0
0.01943682742958835 0.308096937687625 0
0.4892575122790092 0.8247217166883372 0
0.5400487929820681 0.3713564024917673 0
0.4059143397989423 0.8227726199455241 0
0.3140323981530999 0.69267783657407 0
0.3247351812843635 0.6803801248235762 0
0.3196160040115035 0.6652728541143322 0
0.3351760805947863 0.6682018999763333 0
0.3299214510157726 0.6534426480709827 0
0.345338035777198 0.656274730191557 0
0.3507133070782246 0.6710118287555358 0
0.360808619125972 0.6590409095024777 0
0.366635194101745 0.6742587310895638 0
0.3752538499252231 0.6602052584126743 0
0.3844397709999813 0.67534917137516 0
0.354665628379273 0.6433545678628492 0
0.3568516391220777 0.6869875029955659 0
0.3145587159916624 0.6504426308759195 0
0.3246314233702919 0.638057709606237 0
0.3097522656802724 0.6359351858175879 0
0.3192562579802679 0.6229276461379042 0
0.3049683284843728 0.6216934935925519 0
0.3035621477448652 0.662044389465467 0
0.3575050041578489 0.576526626433832 0
0.3670255980379812 0.5674126322458948 0
0.3802398186626742 0.4628384098773152 0
0.5349511241960018 0.3993368570564024 0
0.230014091072949 0.8492471893753715 0
0.1798684320356342 0.7745416308152698 0
0.01674808451949666 0.2697595944766468 0
0.6098578042368186 0.7138679506337708 0
0.5938905825528908 0.7095232953648289 0
0.7240286722704605 0.06679910279199891 0
0.7378730379100717 0.04812081346794217 0
0.4627254324681753 0.1202003582471879 0
0.2481269101047573 0.3838823444699943 0
0.5316605436298745 0.8010198024362312 0
0.3462065474821268 0.6993993732830078 0
0.5359048837622368 0.47429024694845 0
0.2479900612664335 0.8531896907956206 0
0.3961093758552384 0.6111068344073105 0
0.298983814505173 0.419849695142195 0
0.1010065555160548 0.4645305294717237 0
0.1203960431888466 0.46649003318195 0
0.08168180469285147 0.4614311639128411 0
0.07464277831848842 0.4429282945910561 0
0.06251604423379437 0.4572445704832285 0
0.05514993101141141 0.4404541555266654 0
0.0420707786409964 0.4530601129449819 0
0.06784620409671172 0.4780706862364906 0
0.3700163999562375 0.6461385416598511 0
0.4277544850570791 0.6131725901487108 0
0.1766397093111399 0.2208327945183176 0
0.1933697530123795 0.2233112104240369 0
0.2177181165598175 0.6143402903436485 0
0.2285555510930949 0.5999541763629137 0
0.2432383873021852 0.6069773674162684 0
0.2125825045058926 0.5974901819187253 0
0.2400967658612475 0.5926788086526265 0
0.2478769775855714 0.6215712483573521 0
0.2581011847244138 0.612091104033086 0
0.2630626825094923 0.6257362521268647 0
0.2734506218880017 0.6158618566425608 0
0.2886790088157768 0.6194947777772128 0
0.2848447171708851 0.6055303119616734 0
0.3340343263533742 0.4772862156040847 0
0.3254265750401032 0.4886002641373301 0
0.3134580838304352 0.4943817858223252 0
0.2057751121426506 0.3929491287694045 0
0.1425391681806165 0.8111345596122392 0
0.3432421112495573 0.4297631584722964 0
0.3289175873030683 0.4271535045464935 0
0.597057025197718 0.441626946982375 0
0.5700456694325005 0.453777076142358 0
0.3163761217713207 0.5681994720415229 0
0.3915030269637405 0.5623524237877828 0
0.3207970801462122 0.1430536429924844 0
0.310145254712572 0.1571585962121196 0
0.3395032569502566 0.6400352805373336 0
0.2270837924121835 0.3234764099809881 0
0.2320249398013982 0.3394179628471509 0
0.4112184935218504 0.3264310231543383 0
0.4019389244916639 0.3384439090339832 0
0.4174389140053021 0.3414671848731453 0
0.4276457451665358 0.329440667775028 0
0.432993785364368 0.3448596347744203 0
0.4233397095993368 0.3562515870854299 0
0.1973422380302574 0.594317119217994 0
0.3501324502522967 0.5515893056396927 0
0.01697269102977872 0.6903669105171933 0
0.08996058813074431 0.5182002525311002 0
0.08027100669745513 0.5352759032274207 0
0.0606066723753988 0.5355852498579807 0
0.07066980850619736 0.5515279010359466 0
0.05111445164488576 0.5525825773436903 0
0.08899998303366463 0.5505105033650632 0
0.06386799673566329 0.5709692140707544 0
0.04112714332886014 0.5702197041327006 0
0.03151190965817618 0.5530475002038023 0
0.0301816879304182 0.5880822923285491 0
0.04991218432949468 0.588657413800495 0
0.6881391327753617 0.2291286425877266 0
0.6939750749283288 0.2465090587051409 0
0.1892890961708757 0.3460930723748055 0
0.211292188849779 0.4813547270803971 0
0.3525076461525957 0.2270648169969058 0
0.3696284767587067 0.2302378508662776 0
0.3809765987275354 0.2170814708835285 0
0.3867000127124653 0.2334832101146773 0
0.3980452597157541 0.2203259096606281 0
0.4037203822562229 0.2367130282649592 0
0.4150636413034263 0.223597615593311 0
0.4211385089525027 0.2400063540191787 0
0.4339457364474356 0.2268619384833846 0
0.3412986175379107 0.240127193872835 0
0.3754503922691696 0.2462974929597179 0
0.3923461825291188 0.2039818404170489 0
0.4095094586473558 0.2527194883898563 0
0.4278146445901022 0.2560842884263795 0
0.3240826945160987 0.2369228941936014 0
0.3290490839004868 0.2527041222929007 0
0.3583984643904203 0.2430980930776935 0
0.362355822494127 0.258834612349362 0
0.1700026155303203 0.6019458008251347 0
0.3793173410037061 0.7067514807593048 0
0.3902971827872088 0.6939992069376246 0
0.4065496952519554 0.6979322356525307 0
0.4011179558866962 0.681785820973392 0
0.4175116844648504 0.6857365217574589 0
0.4225909336777702 0.7014117834072751 0
0.4125526304416808 0.6704784976543454 0
0.4338415322576743 0.6890970187413792 0
0.3990377025635841 0.6649303220863775 0
0.4391625584932582 0.7048039927010841 0
0.4448667073651938 0.6766352280574557 0
0.4287325255263723 0.673549637627252 0
0.01678388610735604 0.2306582569205177 0
0.418401107429605 0.5697843396416116 0
0.1399334957656296 0.2145443716529274 0
0.6351447903199103 0.8038054609118126 0
0.6075577263748893 0.7847538080823708 0
0.5080983480411011 0.8284601097840572 0
0.6270721162171108 0.7172456489141197 0
0.2208587110740797 0.7053772700544845 0
0.2322164684176156 0.692516964079108 0
0.2269565627322712 0.6759088746201716 0
0.2271060500974912 0.7209387954372181 0
0.241851802214695 0.6794015416494434 0
0.2480960071295691 0.694474712489751 0
0.2097963689958462 0.6723335511931463 0
0.3924874685656033 0.2494223079146304 0
0.3981222926391011 0.2658768894309423 0
0.6642022621360339 0.2084778266326553 0
0.4299597679234161 0.01709853226538605 0
0.4409078322486356 0.03453583540191446 0
0.460272785646653 0.03473311572385873 0
0.4695970312626421 0.01769554910115695 0
0.4791199476830661 0.0348505739092026 0
0.4193385432414426 0.03187423469971112 0
0.2066125377879701 0.1327098618392142 0
0.3892847620889723 0.01840825824300296 0
0.3498259869551377 0.01630314073677164 0
0.3575883786460103 0.03486634673473965 0
0.3104998637052764 0.01814477554238425 0
0.471226193420036 0.4483584118446327 0
0.4548467995266918 0.4461505036969762 0
0.4509569230312607 0.4310451832548001 0
0.2479628116421707 0.5209185419765116 0
0.7578173568528649 0.6151076454522731 0
0.7069630829511769 0.971289709519676 0
0.2673510640329878 0.5343044451356379 0
0.2801738675102825 0.5372114400100844 0
0.3416538727361207 0.7774888550523842 0
0.3526139318161534 0.7634261471897412 0
0.3692627693524375 0.7665388171907279 0
0.6476461938772053 0.5008234173357551 0
0.6368989251602222 0.5135038119707075 0
0.631192499053477 0.4972220967366424 0
0.6201346170309855 0.5084726916231098 0
0.6146473832804324 0.4917982067283862 0
0.6421570163706456 0.4840598365896287 0
0.6535122407243482 0.4705636156571544 0
0.3953919661667984 0.5036124236164947 0
0.01934233311431116 0.8701215759362446 0
0.5406642383280074 0.6802258503809087 0
0.5243221389237073 0.6772998427868833 0
0.513125843756715 0.6895737421193364 0
0.5077293544450615 0.6740622279545971 0
0.4914545621902267 0.6699225344598863 0
0.5337119329355408 0.6649229447642814 0
0.5010651115600491 0.658504369593959 0
0.1189897447893575 0.2130934152727695 0
0.0172031304847774 0.7306833039511283 0
0.4563128580532836 0.7703764825979367 0
0.3045567715675631 0.8166359442884388 0
0.521587010085157 0.4382620598590148 0
0.09855255249023481 0.534595423883244 0
0.01724144310703735 0.7705369445428025 0
0.2686326609704563 0.8078085780350694 0
0.2825106731486885 0.7946840713377314 0
0.6423993264534359 0.529574332868603 0
0.6306110020422186 0.5435103311589334 0
0.1089257903456176 0.922295551578307 0
0.05029032494696711 0.5187738356121936 0
0.5016361935841137 0.7022060291278184 0
0.4405998738856569 0.1965886605680849 0
0.7361419649913186 0.1347987050473055 0
0.1606686821298899 0.2650371712530867 0
0.1427443215844767 0.2618493750270928 0
0.4299171933208512 0.9827273003828086 0
0.3733624281169098 0.6900563272812508 0
0.6931722398457596 0.4485326162920454 0
0.6760257173450295 0.4449784708112962 0
0.6647365137043526 0.4575890766653808 0
0.4119916365973078 0.8404740603695521 0
0.4056686876902003 0.1899957808376583 0
0.3233020640043351 0.03317277786491868 0
0.8425429231307725 0.6126680481279956 0
0.5499584531074322 0.01691271350894319 0
0.5574326767804962 0.03421398889913174 0
0.5774403860243394 0.03711237356826946 0
0.5890450355350976 0.01758734450555782 0
0.6096660459675407 0.0175384529308103 0
0.5452600170694648 0.34261396484711 0
0.4611937419602438 0.4682343362974313 0
0.4661033307650588 0.482063643236922 0
0.4815605066215685 0.4792777456892256 0
0.6284099485674678 0.6697856870285652 0
0.6020252517056777 0.228498388240535 0
0.6065186854943752 0.2465057686504529 0
0.625917038091963 0.2505499306333849 0
0.6135561595852275 0.2635970720236894 0
0.632502117715469 0.2672992443021556 0
0.3149826130774874 0.8516491654679947 0
0.3526633404014851 0.3795398476226071 0
0.4129270986174628 0.4828195917010615 0
0.416968109194666 0.4965324157825796 0
0.4309551532899989 0.4999908953138936 0
0.4408875323538878 0.4892679011017185 0
0.4459227120625961 0.501806346671007 0
0.7498339936659536 0.7434463635793802 0
0.7323276446075342 0.7395807225134707 0
0.2700884748768544 0.9828208866795636 0
0.2803428009255396 0.965858552899804 0
0.8124247525924622 0.5736371902451076 0
0.805491421901785 0.5579237295310954 0
0.8177979717718482 0.5413879448909328 0
0.6875984650460856 0.431874001932918 0
0.4026321865243566 0.7718916483472462 0
0.4609098398233951 0.4199328075911442 0
0.4458591799753226 0.417382534825941 0
0.4357425207024914 0.4261867908701427 0
0.4587458763560579 0.1999138786312381 0
0.4463957719312323 0.2134493263469232 0
0.4531785078970949 0.2302097992794869 0
0.4408716848020796 0.2433329521611134 0
0.4363193799608409 0.2724469853484178 0
0.1110446893855191 0.6193828561048481 0
0.1165856153974542 0.6363418702838368 0
0.4557626273032049 0.4053057630338353 0
0.4291325801689346 0.05114539288477299 0
0.609096773368199 0.09800305235674783 0
0.5970213753770102 0.1125375563744702 0
0.1160843023192378 0.3681496112012125 0
0.1452791434363525 0.3564492378305647 0
0.1386094779108512 0.3399507218272037 0
0.1559622088285801 0.3416729955742762 0
0.1262056400065645 0.7165920303378412 0
0.3277607430848082 0.8381511183194291 0
0.1691268102269943 0.6942395868316054 0
0.1633590969698862 0.677168800943126 0
0.03295808606751405 0.7986877567682122 0
0.2999988072283782 0.3056848992589998 0
0.5089757097181424 0.01626883683536429 0
0.806937987762818 0.28355531987492 0
0.4601277473540348 0.8347147120700469 0
0.4564802759702667 0.7082150325510762 0
0.8793360034196628 0.5184937895080096 0
0.8613181983245559 0.5156590480575863 0
0.8671099019068668 0.5332574814842983 0
0.8490775384891232 0.5305388539812524 0
0.8424006259595473 0.5123013086848184 0
0.311320469102704 0.611515175403837 0
0.9823135886056806 0.4302651399524664 0
0.9651406432369073 0.4196881499594401 0
0.9657128077153314 0.4006045085773562 0
0.9829545822587553 0.3902876525877352 0
0.9804484724097675 0.3674618018395815 0
0.9633272957846367 0.437908625432892 0
0.3875822511453334 0.1866755266511917 0
0.7939178764792585 0.619782175304235 0
0.5974652373929932 0.6166400805808349 0
0.5809993250306348 0.613322485553489 0
0.5679349550009971 0.3167114117683222 0
0.5736036401410554 0.3330757537940414 0
0.173190522546015 0.7585570042198067 0
0.7249591162746589 0.7717191396627319 0
0.1347303173158895 0.8413039025996898 0
0.08556944028946067 0.6454774119959236 0
0.5898834905237916 0.9827467587017633 0
0.5798184669001351 0.9675376824556843 0
0.6100669670452338 0.9832018538777305 0
0.6237572294538354 0.968104397065305 0
0.4750318609847766 0.106000464478382 0
0.4695433270280933 0.1378159794819623 0
0.2891132925966534 0.2304896856129997 0
0.6714848918324231 0.1771984196775724 0
0.6655770528285576 0.1595057030448087 0
0.6469086340471484 0.1555586979303207 0
0.2571755058480059 0.7080314327550385 0
0.6196709074165693 0.2806242893629142 0
0.4906808178234384 0.7774982813691524 0
0.4849484599655293 0.7608146422752401 0
0.5817358836749288 0.8923021687881902 0
0.5939629267723399 0.8780861711209846 0
0.6124403894819239 0.8818297209859313 0
0.5752192577156393 0.8744876285099289 0
0.6186494065665568 0.9003320179960002 0
0.4712078532786976 0.2334395390284528 0
0.982744185256793 0.7299983244802339 0
0.9662377403457479 0.7200834350159274 0
0.9658044704581688 0.7006415352528352 0
0.9482348598384054 0.7118025579732058 0
0.9825074127697524 0.6902199975744168 0
0.9656639898241143 0.6802332427054839 0
0.9827021691774025 0.670069180180544 0
0.9650871413028861 0.6596397368560345 0
0.9648990650445561 0.6395112166294192 0
0.9482214251460073 0.628229502012662 0
0.9663293668201585 0.6202318639442621 0
0.9654769012151059 0.7400000830023015 0
0.7740405853423856 0.7648357827348062 0
0.7110383503469437 0.5775726856277594 0
0.6937386318369253 0.5726143991484138 0
0.6825645521624546 0.5878266486350365 0
0.6875062876116689 0.6039073902877562 0
0.1759657852540722 0.9039212388073186 0
0.4452296501427041 0.3744778871276246 0
0.8549344916229714 0.5981672000989862 0
0.144301981294082 0.7206548795351762 0
0.6155980000029189 0.1160729682948609 0
0.841360369756768 0.3235259769311813 0
0.8306342074010675 0.3370475570379864 0
0.1414279738505033 0.1348337706666193 0
0.1594869676385371 0.1389159595511321 0
0.6022997261569851 0.3688219005012548 0
0.6193545350587532 0.3720682136108812 0
0.2224902278564545 0.4727435908252733 0
0.9128993512986079 0.2898667912864664 0
0.8941772117410766 0.2863051397637079 0
0.8875774364553536 0.267506956141538 0
0.2134918469569809 0.8441548461670024 0
0.9830215329635246 0.290526607990307 0
0.9628148933257255 0.2616942163267238 0
0.9684213551334699 0.2427488957847185 0
0.9600079942220497 0.228397981697642 0
0.7575664259354677 0.6625544539851456 0
0.7343223843356619 0.5505348092150993 0
0.7266949424945285 0.5347236555919944 0
0.7391348252365173 0.5200921549731723 0
0.7245249537289762 0.5165630401226027 0
0.7334461760966346 0.5026736547403198 0
0.7565543528633137 0.5231978440821761 0
0.6497099248874493 0.01751918678567177 0
0.6725837856963887 0.02082640562566213 0
0.7914756091392658 0.1460013205445337 0
0.8677721621167732 0.2120948503488068 0
0.8613693776685012 0.1939904700001596 0
0.848564237060209 0.2083011036892038 0
0.1972511756301663 0.7318105688300929 0
0.2033382111265633 0.7473786490454366 0
0.5660700240629362 0.07285659096865282 0
0.899582905454485 0.253266380004072 0
0.09196547414399553 0.8100562551479698 0
0.07210850015047332 0.8091762688139994 0
0.1321007030286087 0.450356652479279 0
0.2843652706093143 0.1657217946565075 0
0.6527286274821346 0.5624665961597968 0
0.656371181959208 0.5789330889659284 0
0.6412191434894056 0.5731836211144938 0
0.1903914137130325 0.9824826583857396 0
0.1999876112906084 0.9654682948373501 0
0.1800365683084584 0.9660545027134992 0
0.4904584561790453 0.9231866931828121 0
0.5284692286713041 0.2950035617897667 0
0.7979672855562618 0.1643205674293555 0
0.8872020682394328 0.8371855306355999 0
0.93925636571323 0.8813054921342217 0
0.1923219986549276 0.01711521199828819 0
0.8734080618874701 0.5512750324023076 0
0.4330775568251428 0.5726401705376678 0
0.7936116549061136 0.6696652331319957 0
0.7814225967499399 0.683775996274572 0
0.8481846563820653 0.7307145712291743 0
0.8296641366756079 0.7266881948162428 0
0.2604290122226083 0.9667706783014974 0
0.2700995093537467 0.9485728149733169 0
0.01750243345292979 0.4087704077481351 0
0.03599473017449623 0.399751670014328 0
0.03422624919236827 0.4182155709535365 0
0.05152858725212739 0.4100023814936083 0
0.8480395945762873 0.3415615529795576 0
0.3340653418921175 0.4408291216608387 0
0.3192908372210411 0.439780132257291 0
0.9828001292131076 0.769825482544686 0
0.9661486975486935 0.7796905152403431 0
0.9637797923415959 0.8008837641374333 0
0.9832978655817062 0.8100361562380409 0
0.8422470333124258 0.1901510565039718 0
0.3323222077603233 0.3105402576040603 0
0.3358125851741596 0.3240701354304731 0
0.1290856869737386 0.9272476577717155 0
0.1355882191944182 0.8938456637028918 0
0.5063001166967035 0.3207489894628359 0
0.4896359224463063 0.3189042574530898 0
0.5304882378429088 0.1655657877320021 0
0.5360422607645434 0.1828583869051192 0
0.3276935771268597 0.1603612501249553 0
0.5636650206126479 0.435418523759263 0
0.6625125025353431 0.6771660494931411 0
0.6577488925460975 0.6598240511408698 0
0.680184983344513 0.6805343315454908 0
0.685781614698145 0.6974275176198772 0
0.7469848787551507 0.1204631245949453 0
0.7799601899761711 0.7826734542519129 0
0.4146939853112343 0.5556941833789047 0
0.531019404171297 0.5396315351806049 0
0.546326445825539 0.5437954578282465 0
0.5677467869381578 0.5227284659818242 0
0.1506249684690839 0.01708950149935551 0
0.1826875681628836 0.2855148413520832 0
0.8114011797720928 0.01652704374360414 0
0.836894950893122 0.5451867525268327 0
0.7226883224597671 0.2215400950264071 0
0.7078318146007466 0.2338492727427701 0
0.7164414302308503 0.3747110450980011 0
0.7106105490258825 0.3584132165360414 0
0.6897039268263547 0.8658645554956452 0
0.7013878314511665 0.8506811684193432 0
0.6705152024783525 0.8110596096955534 0
0.1904399395651165 0.890842575062025 0
0.5781086930169682 0.5531758899972729 0
0.5624529175193798 0.5486417003554298 0
0.670543703293569 0.4280530914191935 0
0.9041428647737403 0.7931463317099728 0
0.08676398780476646 0.2035132642542256 0
0.3816330722323394 0.1213965287869809 0
0.02028513398075432 0.4506860418640891 0
0.7605051548417564 0.9310475631062387 0
0.01691144867631217 0.089797819080221 0
0.03614282420050841 0.09999477901580534 0
0.8899909312265201 0.9832320313561571 0
0.9099777847262207 0.9826814018578791 0
0.487986616927658 0.1412663263826212 0
0.05059646741600765 0.9804206829355187 0
0.9827696434611359 0.1898477632978645 0
0.965405862797676 0.1799615304133806 0
0.965408833306602 0.1600512134947205 0
0.9485062839724359 0.1705820977689089 0
0.948230771856269 0.1900163222459151 0
0.9659467154302471 0.1990197701157235 0
0.9487523687547492 0.2101165011001414 0
0.9312448347067926 0.1990895405511204 0
0.9826858282651199 0.1500127060305293 0
0.9659983527417159 0.1411528580561344 0
0.9638726055955023 0.1216678240520017 0
0.982426522736072 0.1103014268646739 0
0.9663430337739471 0.1003546938463692 0
0.9827550653988416 0.0901004232927391 0
0.9659042107520152 0.08008903282138896 0
0.9654636421137253 0.06003708769997496 0
0.9458433018888235 0.06990694072866754 0
0.9482214541995657 0.0491555542713244 0
0.9654513174361913 0.04003738963573911 0
0.9480659662974725 0.03007374678656416 0
0.9312679572484307 0.03949829483047096 0
0.8617469053980039 0.8663011713442925 0
0.1274332971031538 0.9803442977228061 0
0.9465943273675231 0.9825880591751956 0
0.01916694891905524 0.04873758167007319 0
0.9796890264648828 0.8883178478996291 0
0.9826794919243123 0.9499999999999993 0
0.966651641842227 0.9406348387196095 0
0.9663135709492355 0.9595362984478274 0
0.01722927624169512 0.9112535329265888 0
0.07844877562559527 0.3128074282718069 0
0.286337174562403 0.3786586182412319 0
0.2947867842136174 0.3671794143489809 0
0.1831919376398946 0.330681994863902 0
0.913181856647435 0.9110518375020717 0
0.4876437080601047 0.2825706655986837 0
0.9827861461157923 0.05014898330893502 0
0.5249019047216064 0.09877097796366691 0
0.5427203521565787 0.10263750280163 0
0.5920729746990943 0.7555338568039153 0
0.7397551185301585 0.6587246828885305 0
0.7338343973624817 0.6427428957609955 0
0.0834359735050586 0.2834400792047664 0
0.2710397214975962 0.6971059101698938 0
0.7360471922082517 0.104810264662894 0
0.2964563519040192 0.7358314828726544 0
0.6739126582034154 0.7109028113827272 0
0.605532042586632 0.8639827247823054 0
0.6232886268732909 0.8680735178515218 0
0.521202302761819 0.5125920027069277 0
0.8872037406008972 0.1126084495342664 0
0.6527246006705582 0.1733692337016991 0
0.7579056308597553 0.3504473258970084 0
0.2906009615660898 0.7657069771109259 0
0.5803572215001265 0.7954791476705417 0
0.9674272654622796 0.01842765733073731 0
0.1528519969074408 0.3717286064351781 0
0.9318739065142554 0.08619021313130759 0
0.8487302152017677 0.6306875013359063 0
0.2826660999183462 0.08691716435834657 0
0.8738260388909342 0.9542002172512899 0
0.7240353643469134 0.8212563410818748 0
0.6991141893194448 0.3717812727024337 0
0.5630093963351678 0.8886916384907317 0
0.5687228665133417 0.8569327187669095 0
0.4315539476345275 0.08172655256704703 0
0.8674398489578408 0.7832153994928661 0
0.5062975529739878 0.1929183887161827 0
0.9176387163250433 0.1545130755260643 0
0.6546231255684394 0.7558521581732536 0
0.9296879458633051 0.5108257578253979 0
0.7789852758192152 0.8837857223676733 0
0.7603365932960349 0.879594547627944 0
0.6703195484725148 0.4746835685305011 0
0.836195924792502 0.120289662243933 0
0.8615212718445691 0.1423032041708981 0
0.2084997916014836 0.8944203835995996 0
0.6362160673551904 0.5950203988741135 0
0.7670571202995198 0.8471483570430756 0
0.05339809733344014 0.1644867337376716 0
0.171302063724456 0.8824801063846397 0
0.1473988482111314 0.1529245339993914 0
0.7092605965359825 0.134203623977271 0
0.3448660504846493 0.8913487978997665 0
0.8171619609535756 0.06476764975594101 0
0.8479140315885966 0.4422405085774187 0
0.3758540808414765 0.8326262112845025 0
0.9443934682115768 0.1223231809552519 0
0.6275469582502917 0.05075062617059112 0
0.353571334055058 0.3401963175802563 0
0.3329512956922599 0.1287908414611483 0
0.03480720673871984 0.9234865416051472 0
0.8235034595070883 0.858745877785184 0
0.6343237839477096 0.1695293576474141 0
0.5627949106950537 0.7452484484501312 0
0.670591261337768 0.6008961484781877 0
0.9322858049083833 0.180043653235436 0
0.4696645702788664 0.7567442657544629 0
0.6767526504514225 0.3525833926702241 0
0.9068180669956085 0.8924068410339816 0
0.5183035344710709 0.7056669919144833 0
0.7915040464634876 0.0945032130770358 0
0.8104115440394593 0.924749772429605 0
0.905140669637935 0.1681724930332131 0
0.7334508177203242 0.4720911629950778 0
0.7080939659414252 0.4981492920373512 0
0.825435800729582 0.2363808316184983 0
0.06314172485247316 0.8939593853547225 0
0.5063188697839301 0.5095728610401581 0
0.8589785953025639 0.2769695004691002 0
0.8614967073212156 0.9179574531376833 0
0.7254913789517909 0.2510645141739449 0
0.8364273346791613 0.6449579345195605 0
0.6656281248872817 0.1087848220035647 0
0.550740620230965 0.8534271690881032 0
0.7013391094332355 0.9534504030178932 0
0.3017959325304319 0.09021190025075848 0
0.9554605406976221 0.5837307174064272 0
0.9048088492563828 0.5908639969084463 0
0.05793614525707969 0.1025660588189232 0
0.5310882369711566 0.5809793665927834 0
0.5521338217172426 0.5190857409032502 0
0.8984363211147037 0.6233779192927432 0
0.7674600456534044 0.7968499684299797 0
0.1096406455844749 0.09481244760385088 0
0.1048822975207491 0.1779187277575782 0
0.8110942941889283 0.822363628480106 0
0.9459885691713656 0.7486490270704265 0
0.138517068459365 0.7031563273016451 0
0.8977150792882945 0.3344550121427881 0
0.1493655535825753 0.3256194038135318 0
0.6598052035144069 0.3025435790191066 0
0.8919471848563938 0.7565074416002486 0
0.7674202947645736 0.2737760943953069 0
0.829804314824645 0.7759041406198355 0
0.8796795208091441 0.6700230250506209 0
0.07757016491661728 0.0539899481401932 0
0.5737788542970462 0.7788288033057565 0
0.1247635397586772 0.7657826055900329 0
0.3459352937059972 0.1633256967605982 0
0.6195926337947174 0.3263471338866731 0
0.6896918947123263 0.9163847742350244 0
0.7993966939325003 0.3260055578334847 0
0.5631637144601208 0.9380359198084187 0
0.9418609734403864 0.3596838789488093 0
0.8362307472223729 0.6945982759935001 0
0.8238751058950631 0.7086738094840948 0
0.5174124193522293 0.7512159146853885 0
0.2532096903100302 0.8710353018388071 0
0.9484338198134666 0.4638203265412715 0
0.2188424406079075 0.1180928731235468 0
0.2135998662033635 0.1500744029365586 0
0.6652257851158987 0.3658036273622966 0
0.8424716913012085 0.1386699050025308 0
0.7218295176531681 0.1696733740572906 0
0.534241256701744 0.3554006958926043 0
0.08981094194760203 0.8653407333732099 0
0.6460020922494532 0.2047445023235145 0
0.5676327034136964 0.2704169417529717 0
0.8664609116425757 0.3958176866082607 0
0.2616254165459364 0.09324153070086705 0
0.1485822116165819 0.4074459105455594 0
0.923527142089932 0.5436772076905894 0
0.7003386654349023 0.325866953300171 0
0.7421441226822256 0.302248244398974 0
0.7630936178217043 0.728954439255973 0
0.01716878425703738 0.810483521504478 0
0.8920843616934131 0.7060603191768331 0
0.1744608520498367 0.618015001062994 0
0.6367942052117201 0.3295097394914723 0
0.7014112855840577 0.2788066238841704 0
0.6697131371925151 0.6467234386648375 0
0.1016372687752458 0.2864347532448477 0
0.8231825156870506 0.9100851051805623 0
0.6831512740285746 0.8474189268621619 0
0.8354315830395949 0.4561334896920901 0
0.2317399239118465 0.1532244333004333 0
0.5796240609317282 0.3943078127815555 0
0.411662142790879 0.7135822051606 0
0.5624869303924263 0.3460297283435899 0
0.9262414240405589 0.8962763384170233 0
0.6707989782422809 0.382157894263648 0
0.715889183397497 0.6400838694602148 0
0.0326659211031412 0.3380568091847478 0
0.7997741221268481 0.3744563201968329 0
0.2055338786081585 0.9472962951736158 0
0.7271614698785894 0.7215999140481778 0
0.4097159805538263 0.2070073574517712 0
0.2732023800129768 0.1292142305481073 0
0.5118252966237252 0.2098375476485128 0
0.4415080134331664 0.8794684376883294 0
0.2184007035867903 0.06754882383411753 0
0.3930406050954213 0.8853142876535148 0
0.2509418271869063 0.9210667140653063 0
0.6309222279729284 0.4043600513560981 0
0.2955013597488424 0.8972132904497021 0
0.7274744182637758 0.673936297516874 0
0.03387378357905296 0.7405222231433191 0
0.5080653532111624 0.877368877317 0
0.6360593422678551 0.6394114919671486 0
0.09106941797584317 0.1421156847814822 0
0.4424129237700074 0.6607916682284984 0
0.08288441140150249 0.7398530139570934 0
0.34404587126247 0.9415648635998849 0
0.3233381636118745 0.1909310543105621 0
0.3644758977499016 0.4956984426501008 0
0.06319113157753936 0.7881817475232725 0
0.4143909659488188 0.5185209778232143 0
0.6138119121672065 0.310014572588767 0
0.2214395453781586 0.2621324295715333 0
0.5305990677285347 0.1165557604531634 0
0.4431556324159617 0.523940613286714 0
0.9496694431666399 0.1520016321609749 0
0.581368347715441 0.9423015995662412 0
0.7338069051829917 0.4252221002013437 0
0.7125222806169307 0.8353552344614864 0
0.9094630169425892 0.3204394812495666 0
0.3485075655246708 0.5873531062752677 0
0.7549901332557809 0.8612341201294302 0
0.68657152435177 0.5239189080919072 0
0.2661393557991008 0.8572137955056829 0
0.3510849869353334 0.08273479718455995 0
0.4719418735432519 0.8211794024889221 0
0.7575999592496421 0.398302880863746 0
0.4848641788775378 0.6552232679745036 0
0.3661550777588615 0.4596902354728033 0
0.4937171955906807 0.05992779124810216 0
0.1477954359991206 0.8279017518702496 0
0.9830042242477373 0.609992418443817 0
0.7850367053791834 0.07602049903759256 0
0.6369694580877863 0.4665148793603888 0
0.2662987171776567 0.2555092239000681 0
0.04099098579869076 0.5356960148950076 0
0.01897478338069664 0.5337348889654278 0
0.2623778479410925 0.7719341526787287 0
0.4223404712383788 0.9253199050210081 0
0.3018366947454724 0.4980252304084611 0
0.3637320298094752 0.6304432992893765 0
0.7634186442061597 0.6802022811170949 0
0.3873531729671408 0.1389216812430768 0
0.07738932200377507 0.7220841375668061 0
0.3701215814673395 0.8153019776755647 0
0.4107935868260856 0.654072445631417 0
0.3570158659656499 0.8773823642472778 0
0.3810990556609855 0.4246017349595846 0
0.8737986759220561 0.4680316032127761 0
0.3754710599679995 0.2003673382998649 0
0.03886980065507356 0.2096644263045554 0
0.1223167816641157 0.08006314008052207 0
0.05140366707733024 0.245815719268312 0
0.4139905168440136 0.444662316094265 0
0.5564303423060464 0.729126412175759 0
0.3873769816571409 0.3605133814915684 0
0.6424930662797079 0.2998274328580675 0
0.4656356488584752 0.3077317024780105 0
0.4963017796315269 0.5206763415387635 0
0.6718150527040062 0.07596303036270452 0
0.4769124552942955 0.542737199605934 0
0.7049910576923892 0.3883893451968864 0
0.4757395451226458 0.3391827052661764 0
0.3001173648777669 0.2620722338130876 0
0.515367660058402 0.6196261039259763 0
0.556703147067841 0.6145168078049271 0
0.4097642595783 0.9392744927606972 0
0.7864983590463106 0.1781708264497596 0
0.04400364498827591 0.6211993772685357 0
0.1485485788673628 0.2788079710939272 0
0.8114700290695699 0.7226888054792528 0
0.1002718749980589 0.2389114897601206 0
0.500239449190318 0.3051487437761269 0
0.4824687545107578 0.7440592514080179 0
0.8298375131702842 0.8261650783413792 0
0.8296678708048395 0.2041244853877286 0
0.9328339120394635 0.8627885052212874 0
0.4966458108630816 0.4009375682942327 0
0.3435146945366826 0.3909683496161485 0
0.3957720697930753 0.7555248555722802 0
0.4274138504563404 0.2102441264042351 0
0.1341499964119529 0.6391160968905353 0
0.443094728618835 0.5617085015385139 0
0.8789870815189844 0.3814125761672746 0
0.0973062810268816 0.6780352892150628 0
0.898461297835029 0.67376130719405 0
0.4411827249176008 0.4021377757647444 0
0.4856843783598724 0.3705983074250737 0
0.8979001240997202 0.3850345668442861 0
0.06761294381230754 0.376099035512494 0
0.6309974160476519 0.3131351043588123 0
0.1730469284123853 0.3435018289412686 0
0.6037039757057101 0.1306369106727283 0
0.9358711028586457 0.5290376298545509 0
0.6781512464625395 0.09420080456459695 0
0.3296774222438447 0.7424427109303408 0
0.3745827480448738 0.545867154960192 0
0.1762353178646375 0.6649322696552975 0
0.54112731216976 0.5694865420390802 0
0.7978575168504994 0.06145531659328074 0
0.07081675712610302 0.8610783613988915 0
0.1308941939034025 0.7819798179701338 0
0.9109035626641558 0.608940231745689 0
0.1316458318939765 0.5720883527301963 0
0.9828572946074786 0.6301042604548923 0
0.964817966282059 0.599739197083531 0
0.1080878058419569 0.3031701010363368 0
0.08474602302038581 0.330375385784432 0
0.9135562266672661 0.96432701541328 0
0.829523101527446 0.9286246309444521 0
0.1824115969900031 0.4422027833096187 0
0.07496591999143731 0.3932974110518024 0
0.6007171869897729 0.9652811531032394 0
0.3224027462794031 0.8207617609719025 0
0.1348724868701404 0.06555179515324733 0
0.200282887217188 0.6531900735019777 0
0.5626145967503913 0.8396265324375762 0
0.8552749906554098 0.1239061370947722 0
0.4779250501805669 0.8385828968619731 0
0.2764232920820112 0.525148998558405 0
0.4280008667505411 0.7171270698773382 0
0.2937542504769534 0.6328950402397158 0
0.3406331332390025 0.6836691048438038 0
0.8744861209997215 0.8517271534568256 0
0.2651297878270108 0.4916918941186899 0
0.3003840145786348 0.3819023518260489 0
0.8539359462329139 0.4608980782420239 0
0.504438720584193 0.7642326130251815 0
0.2198971155441871 0.1672214762570734 0
0.1288332189769539 0.6223804306999645 0
0.3011189888037252 0.9152934281470735 0
0.8360629437890974 0.8443335205363472 0
0.2415487456226702 0.4283888813592184 0
0.548749683346719 0.1202187590788775 0
0.2115403898326343 0.04977066977612621 0
0.3621708984705545 0.7476343138105745 0
0.9042817219037769 0.4031305212408447 0
0.5140370981926921 0.8949757005717249 0
0.585180900082189 0.1269868854728517 0
0.3993096542308762 0.1250133889924169 0
0.4595994284826732 0.8833453084248053 0
0.9046479560186074 0.6917952511317764 0
0.8486343303032559 0.9325754808272175 0
0.4763066427751168 0.1553608622098354 0
0.3631001517362229 0.06802982609575559 0
0.08743637150879841 0.4286213284307089 0
0.3499741579499354 0.959958047969 0
0.9598253367755332 0.3636009460683132 0
0.1276139433089526 0.519899346720212 0
0.6529391123516755 0.07243464636558761 0
0.1656295603915263 0.1567955360817638 0
0.1498184780839908 0.9828679701153327 0
0.5237720379689647 0.1962280195761356 0
0.4595623238857426 0.2466343117524894 0
0.8104907276889431 0.04772571235401513 0
0.7020832957490362 0.5260068479852639 0
0.9515654809131727 0.8671152136717282 0
0.06905031535612371 0.5922506945769384 0
0.5209895571825789 0.4725810692859434 0
0.7541421592576334 0.429776501500706 0
0.9324587159357702 0.6144201411739988 0
0.8681359884147097 0.1091416774198148 0
0.2385132115711129 0.7074791233158391 0
0.5049074212923835 0.6311489871952809 0
0.1304944085690584 0.482372881010961 0
0.0664953194159672 0.4234589424631583 0
0.8800953512699242 0.8193541444166887 0
0.231714976235187 0.6596491788909961 0
0.249233496546719 0.2051085063808874 0
0.3289501178134956 0.3877979351410444 0
0.3000827012003445 0.9667743824066685 0
0.05765369229986084 0.8754856429772944 0
0.5787167858430253 0.1092978734358668 0
0.01570722250991907 0.6484456280358641 0
0.2618118317741773 0.6664524700468027 0
0.3338761072949908 0.6240774096325324 0
0.2995999638609136 0.7993937027488607 0
0.3629354386224076 0.8953082643319314 0
0.4579436031314822 0.1517695437334232 0
0.3765408007479343 0.410745847771277 0
0.3709831012720431 0.9832752606624809 0
0.9294749384566063 0.7131422284970299 0
0.199255218343272 0.2887265399275946 0
0.5960559069507864 0.3973274289126887 0
0.5978576726007812 0.7989231563177279 0
0.4414895270600941 0.4514609004016117 0
0.6392096384334942 0.03466963587374589 0
0.8514839219184602 0.01752191045103574 0
0.287063847891954 0.9306083605289595 0
0.2965728555440398 0.4862393855099416 0
0.03502573917255919 0.6962972199681117 0
0.8617458200855035 0.09071475219134906 0
0.854771018368135 0.9508416625605394 0
0.855108578612064 0.8480625927398622 0
0.4960508230282924 0.5599622616318607 0
0.4656284975187925 0.9011820153036286 0
0.860835209577951 0.03701318792559583 0
0.9808748882308054 0.2293763934262318 0
0.6821942944514257 0.3688550016082363 0
0.5413771677373247 0.1997040024771077 0
0.04573043141140254 0.8894236276867427 0
0.38657293823587 0.3995042414390022 0
0.06491544338247957 0.7357675517180984 0
0.8745307193739049 0.07561440723237328 0
0.7265331049664555 0.8729952040556284 0
0.923013114003433 0.6957655996550178 0
0.5805164402475339 0.843113552978954 0
0.9652896941485385 0.7598275836050145 0
0.6592905111968268 0.4407873213960811 0
0.5010695805339356 0.5345026525131693 0
0.3238957521651377 0.3737775312692239 0
0.1471319738502623 0.05068634679330825 0
0.451676412602731 0.05199459348038737 0
0.6586626414411507 0.1909828643878186 0
0.4906547627507414 0.5864831312286181 0
0.6252988063003108 0.2968957928322481 0
0.5509563866662134 0.983231662023499 0
0.8679670891516814 0.05652864386651441 0
0.4257937022518457 0.2852842491373287 0
0.983079056978742 0.9103045613368452 0
0.201906322454057 0.1640111164035984 0
0.2776631895756608 0.2430390198159709 0
0.5606381820108356 0.9674768314192819 0
0.8174871553448102 0.7403915715966922 0
0.3809448367053373 0.8991557420908417 0
0.4718980020724877 0.9191350921095021 0
0.2608909872965821 0.1918476978835423 0
0.6462151584971743 0.05356982841087804 0
0.3457955465866717 0.2557879613053294 0
0.4512208110684667 0.134456181228008 0
0.5898301097919995 0.7823715990603235 0
0.2762809136424449 0.4934147750653524 0
0.2795559782002298 0.03801898169848744 0
0.7650090074466969 0.4141699182955779 0
0.1686586337363252 0.4134312827302533 0
0.3649899503038222 0.2745435414297436 0
0.05471738592620279 0.3917464950101895 0
0.2478257255908721 0.3424863934998959 0
0.1626522366147884 0.4382622806446581 0
0.3807628991596636 0.2616074404922195 0
0.8502868213022431 0.9834418625076844 0
0.9116154793745389 0.4214460243887652 0
0.2312415931575751 0.01805312064654141 0
0.2101850494273659 0.408141824790281 0
0.6829384169494045 0.2121454905993123 0
0.5661802387263793 0.1720499699105292 0
0.466311449029492 0.5938265246658276 0
0.1824675713575862 0.5911329587709484 0
0.5384143383478202 0.03320170430541824 0
0.276509294892816 0.5940820694574408 0
0.4222896648463771 0.1456767432172771 0
0.03464676812772294 0.4373926054629739 0
0.4009051463119827 0.4027578167005864 0
0.5536933385718406 0.1860952444995332 0
0.3324990455396802 0.2687643997397141 0
0.9481308818180341 0.6711969621990542 0
0.5846284769541901 0.1757109589778302 0
0.3117549779441551 0.2495970714666659 0
0.02888758547000742 0.4834755430125144 0
0.8357769458434915 0.7444215399828484 0
0.01579569249007989 0.02854139931588867 0
0.9835482421635718 0.9692004685892974 0
0.5945212620188722 0.2591962119019469 0
0.07085737367700112 0.03623155179450588 0
0.2072059017768438 0.582491749972738 0
0.1098748592173709 0.4821767818506271 0
0.491354279907554 0.5457280610330321 0
0.03279284157686629 0.07813956103955716 0
0.606973600221283 0.3845749472971564 0
0.3174231725036207 0.1747956301968626 0
0.7147544577621732 0.7357607568263808 0
0.4702037515581646 0.6100312439418791 0
0.8054880158763223 0.2324604816121488 0
0.5248365140791846 0.7846530054726921 0
0.6407641938197284 0.6563159970984875 0
0.2787643198089787 0.7780267254087079 0
0.06765839631617365 0.9648290477269486 0
0.2286847471101837 0.5279636034149229 0
0.416148300898326 0.4072240309156955 0
0.1797184223793088 0.3586098269043093 0
0.5024387574932159 0.9092558159950169 0
0.5871231945676663 0.8605372701359324 0
0.7197945106498529 0.7535746504210903 0
0.9841226314088136 0.8491351546326467 0
0.2892608313414203 0.184723774350778 0
0.8417766234377038 0.7620069438884929 0
0.2334669103470106 0.7365486970789739 0
0.4861998108791027 0.5713154418993974 0
0.3948741048298061 0.281743542362337 0
0.0902507473131563 0.3000317761206833 0
0.9324289263974219 0.4252138440464903 0
0.4534684828261308 0.9633486399264364 0
0.1955357306601718 0.146824570431592 0
0.6126845291567338 0.6649691454802433 0
0.03342194204423754 0.2405321497398674 0
0.0174343843554049 0.9694418591515775 0
0.3314450298302635 0.9835137802858012 0
0.2947068540702242 0.2463133356593958 0
0.6883730858628754 0.8142233552698799 0
0.5605610665977561 0.1059948631321492 0
0.6937541546679742 0.3555060100973003 0
0.3007293651910325 0.5298712226012466 0
0.6186390894716401 0.03371517583756045 0
0.7279841606679156 0.6263641606456347 0
0.1775782321422754 0.5757368896417709 0
0.4266943107750669 0.7614698860962378 0
0.6009813555868619 0.6786966584510696 0
0.6896796276395137 0.7633742981017965 0
0.5108312190553479 0.5235065792178041 0
0.8051901555965812 0.4184902355670528 0
0.4162462900732749 0.2682197164873172 0
0.9611203678761125 0.3131784768453789 0
0.6168530573298704 0.8503545168060989 0
0.6054934257103293 0.6960626367214806 0
0.9494666353576311 0.4278010657576393 0
0.4238089195358749 0.4343987486638742 0
0.9646906816545948 0.3821156820623257 0
0.6445841548841063 0.9723347477536928 0
0.3869523202896495 0.9167236581179568 0
0.2719428466516643 0.2270403215030092 0
0.3755155986610665 0.5125548236149267 0
0.1774084269202255 0.1431294914581037 0
0.8606168030106482 0.7657976747004496 0
0.8370234402303016 0.2221063119241774 0
0.6020099579501204 0.2774215547749421 0
0.7457937648147015 0.6288534398047902 0
0.5089545355860353 0.9271773860771959 0
0.9541266420885988 0.5320954439697224 0
0.1224379220888641 0.652279584654873 0
0.8170223105538705 0.4045834738492496 0
0.2087279924671543 0.4453132780248168 0
0.3092299258602411 0.3703128553772847 0
0.6946384935995935 0.8312066652384558 0
0.1401292677609613 0.4655043293794224 0
0.3138863970340614 0.5332032051823238 0
0.7526628860017832 0.333213885645699 0
0.7053066343607235 0.3421886246080811 0
0.8794033025228036 0.769738854271397 0
0.634662629538805 0.8531138427085019 0
0.3560454167510405 0.05271083523342646 0
0.03781902426271538 0.6054501718036545 0
0.6249949224380624 0.7634330820782977 0
0.07183241356483733 0.2966486642933238 0
0.6411439042254278 0.8726758766448796 0
0.4012353348546348 0.55255755443892 0
0.1404616707369921 0.03294577325940617 0
0.03746774392634522 0.6699645809512715 0
0.7416124536497708 0.4896025888202228 0
0.5781688426073951 0.704778925497918 0
0.6639277213039261 0.2551995246528977 0
0.3203014768187264 0.5463805211893615 0
0.2149314822533019 0.7341703800731388 0
0.9502161355498584 0.09197851603970397 0
0.01601805291368835 0.1289015278335878 0
0.7481376760183219 0.01624529482354825 0
0.7515679087795308 0.5991105249312236 0
0.8558871977652881 0.2259987163670956 0
0.1939832115966088 0.2721862109191595 0
0.5257010760283132 0.5265123532238115 0
0.4072248153282855 0.04490448391588248 0
0.534158995067062 0.9493328234461195 0
0.2549256110371365 0.2237404787033443 0
0.5574139100233575 0.5338127037835642 0
0.3032166216552465 0.3550077077426066 0
0.5824209609703112 0.721777042229699 0
0.2547313130788897 0.9369007211847631 0
0.6803510854058579 0.2592315609118262 0
0.8856489801971419 0.7879309073176377 0
0.8160311253844783 0.3771530556702192 0
0.1650379968646716 0.1062583883597529 0
0.3925543018705238 0.9349342984722997 0
0.3882665925953221 0.5144663621436376 0
0.6371039466539437 0.2836400026285618 0
0.1160812404623634 0.5355219495908285 0
0.5544125446791275 0.08801957288368489 0
0.597310816539695 0.03358048805517977 0
0.1756936284422596 0.4837230103113392 0
0.4534476465047593 0.5133374685528419 0
0.1044454102153495 0.6486875745991667 0
0.3004608685000657 0.1704687863709091 0
0.7223597895240936 0.3455195181069812 0
0.2051673170217537 0.2580700428801004 0
0.4313747579663861 0.4125220937001484 0
0.5271195491067187 0.9311838373218748 0
0.7700862387726369 0.6010670257628961 0
0.2853536371469697 0.7482541051073859 0
0.05257535121326584 0.2944657505979698 0
0.7193385521491763 0.8541835328825161 0
0.03152489503771683 0.3209432088609926 0
0.951139474415341 0.8167188209949805 0
0.9846663420513539 0.4713023244025457 0
0.8916921833023759 0.8055855953037337 0
0.207074027600318 0.5331628177815366 0
0.6301687036276244 0.886595368882273 0
0.01625101587744127 0.8490594228278942 0
0.6369923414796397 0.9048352305480734 0
0.0910704968250875 0.6617592554512876 0
0.6037932512270705 0.5030670173388379 0
0.863238382939739 0.2446160470440846 0
0.5482316710720403 0.07016664106411852 0
0.5413105377164212 0.5297160065524696 0
0.5111142796873086 0.6467278429842975 0
0.1710159102061822 0.1247053513264467 0
0.1611341577979523 0.9666849948084481 0
0.9340808626391428 0.9654193948552892 0
0.2891453935202734 0.352840762358946 0
0.7398904513999964 0.3485574847212031 0
0.2307446930133396 0.4616867845378216 0
0.7493216500704444 0.5061542794862052 0
0.5612570431242216 0.05166825266408531 0
0.1622373005397671 0.5312233852617788 0
0.6185032085179856 0.9492957893525079 0
0.5603390104884894 0.2518184488579495 0
0.1998840538031949 0.2410227873374349 0
0.8218597775340184 0.03311796169192149 0
0.5520356850714796 0.559082255953399 0
0.9498588381798212 0.6916895724290093 0
0.9671460474610907 0.5185294669961412 0
0.4159425119193922 0.1284546486299931 0
0.3980919237347718 0.9527482498744582 0
0.6097127065431278 0.5191520974277568 0
0.04772376290442459 0.7310599411511739 0
0.6614903572678749 0.926334484914949 0
0.4080894367092037 0.5052486344479252 0
0.9867673720455583 0.3298661398617464 0
0.8613346794966268 0.9681048234166389 0
0.8699146369222599 0.2630134197990892 0
0.2095907066660663 0.76289810487457 0
0.09500866533738128 0.5661254709336974 0
0.3904908184108812 0.9852123750519749 0
0.5172801876886641 0.03225507744830802 0
0.3093676176188738 0.9837925836793121 0
0.08749374551206629 0.01587352137242265 0
0.2653003768580789 0.7902233332996116 0
0.1587629914704386 0.0341696750395506 0
0.6266985557323327 0.5251358689831696 0
0.9850997661754454 0.5707405669929938 0
0.5174753881610747 0.6618352192816608 0
0.2323075372369305 0.9841221744617918 0
0.654557113016623 0.9085892792625947 0
0.1767247298673627 0.09230666499452322 0
0.1626612095487845 0.3573758929742784 0
0.941369923626674 0.2273724966930636 0
0.7438135725300518 0.8749389844306678 0
0.65003268312431 0.2695918488211477 0
0.2659110192650862 0.4339118667035669 0
0.1958002873123053 0.542155770170186 0
0.4534057033649185 0.4903345756800608 0
0.3382654273328106 0.5351528709001532 0
0.03257100706619082 0.90127560350679 0
0.7890568427287568 0.2742268742633306 0
0.7103080967659087 0.01302581786410162 0
0.7266242130851666 0.03493838382190489 0
0.01309496415066513 0.1900823724381278 0
0.5803050121271669 0.4669592868406214 0
0.5524095126691585 0.9515052130959923 0
0.2190994708494783 0.5367364908895935 0
0.0467295998917826 0.01619367389943299 0
0.3136976895504739 0.4830517402349113 0
0.209990007291294 0.2275056409250116 0
0.8767664586046762 0.281723891633517 0
0.7462493968820234 0.3179178276424336 0
0.7771484674454524 0.4951226155214666 0
0.9177317709979763 0.0503467694411337 0
0.2030382646557437 0.2095661471987946 0
0.1701359639027937 0.07399260474580249 0
0.8842900575150836 0.3007286650387959 0
0.1915936982537283 0.7608668431419463 0
0.3492720708307742 0.5392471699840939 0
0.07195507679447538 0.6586364018891577 0
0.6166106327254209 0.5491697172869496 0
0.2034544151106762 0.0330071523820441 0
0.3833904273818239 0.6472269325029867 0
0.7672943605640982 0.9835544428916058 0
0.01396916958772998 0.5518419912172841 0
0.5421655146001003 0.6520942516862965 0
0.4097003613155649 0.1112633094503691 0
0.7495139614937538 0.8934926455135006 0
0.309949864693699 0.4519179354535961 0
0.1640202429375336 0.05525972403123863 0
0.4535257756910358 0.7537043196494377 0
0.1852786219922858 0.2063438213380606 0
0.6788530239216577 0.9305161811630015 0
0.4219194913178443 0.5083049128218468 0
0.739710694663263 0.219625506885811 0
0.3642437305277912 0.3140835503102185 0
0.9023146531789599 0.3036662166864772 0
0.4409307136884876 0.7668645881344488 0
0.364333364463375 0.5547768489422462 0
0.7373416054552395 0.9078041642189834 0
0.3791849558338647 0.3175138200343409 0
0.4356299757098101 0.3855691293214832 0
0.4297019065996139 0.370316995348749 0
0.01323782969313614 0.5897961743473246 0
0.2364573301711704 0.7976103689646385 0
0.6395601253378957 0.5575508647854091 0
0.5680982985416325 0.5637181300905179 0
0.9161508343561644 0.2067773603866881 0
0.9686226389926708 0.821864327185345 0
0.01483397441903012 0.6293519143999026 0
0.7582189913949688 0.3041261971508157 0
0.6969918629781935 0.2623507642549008 0
0.7754225290587295 0.571241036962968 0
0.6853933360881469 0.9493794976325549 0
0.4036436861970024 0.09400573976820548 0
0.9513906498641969 0.6122152647846915 0
0.183378049971894 0.5211507619975081 0
0.9336922510387036 0.1613241240589886 0
0.3704944403993801 0.5806243214734256 0
0.9670353091365779 0.9225403669390233 0
0.05893537822179512 0.6717216105449613 0
0.0143087261251611 0.370387014558802 0
0.2628162750012838 0.4226118673830975 0
0.47 0.9865785757370431 0
0.1580043923941278 0.2173581039307996 0
0.2747050647549914 0.3505414180571181 0
0.7433691197142536 0.9263027933295338 0
0.9854544204932514 0.2501657081050289 0
0.9090009243705134 0.01409652977207265 0
0.02972016282632095 0.2790208636689578 0
0.9197576989553718 0.3061940793650845 0
0.5595361302470183 0.655923425270215 0
0.3391417687742847 0.3375580262643096 0
0.7721861506713017 0.2895223879652756 0
0.9499874594439245 0.01343984574465035 0
0.7936497318182032 0.5724082664998631 0
0.3532977466708268 0.506073946412728 0
0.911338888606776 0.8097357858214911 0
0.3777326244549756 0.5585629562795824 0
0.4749580078698376 0.4917301813305683 0
0.2241656657712777 0.8127374731766206 0
0.9394260878466713 0.3098106810928981 0
0.4156872769018489 0.07932180367639086 0
0.01458934811931345 0.9497717118990026 0
0.3397671549086575 0.02950757691078354 0
0.1879199883758362 0.7894591055436576 0
0.6292893452837198 0.5803295997089721 0
0.7492475345755873 0.9463934644293081 0
0.9310541573147947 0.813780412857017 0
0.3959321521594868 0.349826947388666 0
0.1493113262716214 0.20036255234884 0
0.709939500470144 0.2491572368550191 0
0.5283641750685487 0.4631511656358382 0
0.5901471084017768 0.5833258911356072 0
0.1212382315209968 0.02984767318959092 0
0.9688332502358166 0.2988613181083742 0
0.1053571007839926 0.5513130860482109 0
0.7571077724412266 0.965446013762014 0
0.9523378054375082 0.7300271946200445 0
0.2413289816523893 0.5149906061589865 0
0.5126104689838603 0.407631376946728 0
0.3221889608048756 0.3203753155577712 0
0.2148154777957567 0.9621298295998562 0
0.5899620937289684 0.04757727214816526 0
0.1750183652327229 0.8027741689913337 0
0.9513941357014511 0.7876494811306392 0
0.9326758602903071 0.6319719772369143 0
0.5733606470110473 0.5776281747323146 0
0.7984257334066173 0.5431450675009547 0
0.1516526965641575 0.4494639513171477 0
0.2429801571724596 0.4897377852238012 0
0.6921286026027076 0.9661324512137646 0
0.4966141130298986 0.03233765569138358 0
0.5089704058242069 0.4360791918098081 0
0.2268807621914612 0.8307044574422838 0
0.4826498631046661 0.3076389774444374 0
0.03440407017257407 0.1666797742929754 0
0.2815650644161835 0.4374310117974601 0
0.2502794791858589 0.4194039398584902 0
0.3503427053948935 0.3268883240742695 0
0.04862870018006904 0.425608948951689 0
0.8071890305072077 0.5296679244900789 0
0.2670916384859719 0.05631463688915128 0
0.4367974443442536 0.5112961961847451 0
0.3062979379067422 0.3174188910755385 0
0.4266617806049758 0.06775097864010649 0
0.1111986016681535 0.2266821276141999 0
0.5715604626909691 0.7335281216227292 0
0.3755108081283365 0.5944521736843232 0
0.03036307339637856 0.06105172066264253 0
0.9861164029082072 0.5296666303955675 0
0.2508120832672001 0.5886915783983553 0
0.1721080709354069 0.9523953673506834 0
0.8016128491839825 0.03149635265061507 0
0.2678836027468217 0.3144070186295319 0
0.4033749149024079 0.9684193908730097 0
0.5709873668654381 0.9535824936319922 0
0.7846440318929843 0.4164645222045885 0
0.8814089457665176 0.969851056201451 0
0.4155257934874894 0.3669878573803834 0
0.09000849695844787 0.9880458193106603 0
0.03753440171492545 0.3839779520775511 0
0.8333541523636404 0.5300734635842127 0
0.4095940817726091 0.3524991867337093 0
0.2894932511803672 0.4284375763744932 0
0.6481019027201795 0.9872380420533353 0
0.9518308208668499 0.392340476680077 0
0.08044891114347641 0.5638909981177529 0
0.7111073899910155 0.9870921632762804 0
0.2297671833854507 0.479784590682479 0
0.2914691546068623 0.3155973617584842 0
0.03151277512740719 0.2945091004899882 0
0.1556511281207908 0.7999919134993212 0
0.9675736080483354 0.8721082641223774 0
0.1606851895823935 0.3835690626529626 0
0.2466044697072213 0.4076964765438525 0
0.6682493286958726 0.5858371501353609 0
0.9677540903866544 0.2152043372140732 0
0.3002242757190885 0.4308099419510288 0
0.6898922307368043 0.031902723166783 0
0.2943399107114681 0.1524357568905441 0
0.06629402974168636 0.4065309220062586 0
0.5765607119222113 0.7500851262476624 0
0.3381827431544548 0.9697482730559892 0
0.01464779067092958 0.5156371048806913 0
0.01464779067092931 0.01463710488069009 0
0.5987549979008547 0.7701620092063137 0
0.985358983848623 0.985358983848623 0
0.9853589838486227 0.0146410161513772 0
0.2712222494797212 0.3375268966666459 0
0.01461566895161603 0.4843950812108058 0
0.03464162850476693 0.4676678578897382 0
0.1617386104219177 0.5713588113617851 0
0.4010806580136469 0.02927313427503958 0
0.4900723272584342 0.295737684434167 0
0.2680195417722449 0.6037176663005659 0
0.9532792446573146 0.1095944626530649 0
0.1864801242330288 0.03175868894505596 0
0.01450533177835028 0.985505639500651 0
0.5698301980851919 0.6188826182579759 0
0.02877999528911557 0.7804527417516938 0
0.9523677200015729 0.9675779813727756 0
0.4412977548597974 0.4392271197104881 0
0.2979689167770877 0.6128306121027725 0
0.03249051703738065 0.03233926774298385 0
0.2883554404232537 0.1346591066370056 0
0.3747171813880377 0.03164375087790511 0
0.4621041072231393 0.4566213845888767 0
0.5060588538153191 0.3912034090321606 0
0.03072937276494114 0.222973691515484 0
0.03061321943278877 0.1172076454831716 0
0.03067026104742621 0.8376722492335784 0
0.582280227169368 0.7666692373211806 0
0.3897081287078034 0.5983354397395503 0
0.7918959045867584 0.9681414534295005 0
0.830634479662568 0.5022645465882498 0
0.2530777717598214 0.5996714415510956 0
0.2247799422631813 0.5192392760121809 0
0.1980735378174023 0.8391125913435599 0
0.9847877573838852 0.4927923745520453 0
0.4950059389195589 0.3601939087210232 0
0.801790689851434 0.2971165735466686 0
0.6794509856847777 0.5739983200084117 0
0.7662774274798563 0.2058790872269901 0
0.3057088640675014 0.4890963134917987 0
0.5030132822621614 0.427142939461696 0
0.5006436410374677 0.3757122824115198 0
0.114985016274074 0.01411921292972235 0
0.3897725744119318 0.3360358744435588 0
0.03126605271668287 0.7258981650176601 0
0.5747353093920714 0.6332392253146857 0
0.1030897470502312 0.208596951454807 0
0.2322107199193189 0.4883405109099545 0
0.8900000000000003 0.01145632094289756 0
0.6142079689088845 0.7726770849505951 0
0.1561933239526873 0.514744790824426 0
0.8075371314507206 0.3135221421443039 0
0.8277062714191306 0.3687649992109772 0
0.2819540371697344 0.1169263464896206 0
0.387695975540312 0.6591072851099369 0
0.858322694815427 0.4985406348549096 0
0.6752948678817279 0.9857364853211505 0
0.7220325063255777 0.2369879725365714 0
0.07874441595489995 0.1509453281575643 0
0.8147360721366863 0.3317571720797697 0
0.4894958728645443 0.3445226214489341 0
0.02711851684632105 0.9415435818474567 0
0.2500789833781454 0.4825876392850235 0
0.2325447499331363 0.5858793652563835 0
0.2417251574619257 0.3944047924263927 0
0.7088417638846957 0.5613767907101305 0
0.645584524819693 0.5858590641394044 0
0.9337435200080175 0.05500106053844489 0
0.4195485941412039 0.971548406095287 0
0.8215254145720238 0.350388935952162 0
0.1987872743790768 0.4539330183490537 0
0.7719652093613789 0.1736320100122175 0
0.9601239852644291 0.45335405147824 0
0.1859764395225907 0.8495483211370155 0
0.484209481409324 0.3303515958266384 0
0.0967324019461433 0.1907656315609895 0
0.3189511835475566 0.04854603771210092 0
0.2544037571183876 0.6788089568998262 0
0.8700721743390366 0.4863575681254541 0
0.2452783619637942 0.969309669191142 0
0.7204187527228623 0.5503978112696233 0
0.7516462790948627 0.2258564834842847 0
0.9373674250503986 0.7006330504633707 0
0.1372019982941339 0.7959111879631348 0
0.06243007529415862 0.1504864670974856 0
0.02888712812175587 0.6198202450638705 0
0.4043277999662333 0.6016388263295361 0
0.0512005700616871 0.4673935713518563 0
0.0307225835621025 0.8842406072576652 0
0.4890770413819761 0.04557889904482132 0
0.28904917970291 0.5948670719337155 0
0.2761007005699064 0.0993087198265466 0
0.5112445630800205 0.4473857402416477 0
0.1626629873752629 0.4770896656057784 0
0.03564302408626102 0.969662283349817 0
0.09079778457687993 0.1744804487123619 0
0.188745880837034 0.8753866748622964 0
0.09730587948286801 0.7915200573222851 0
0.02972823645401745 0.682848521543068 0
0.2291351088600006 0.3914623079293452 0
0.9702763740714495 0.5831811158455711 0
0.7391956427999855 0.02982761240019138 0
0.9686573574701257 0.3508998627228652 0
0.5664670868576897 0.4843011672721492 0
0.526515017947514 0.4510563899953667 0
0.1464685662644845 0.5669550455796702 0
0.2245311096448743 0.5110584613047536 0
0.3325507010883871 0.498839684770998 0
0.4163389362230764 0.7716572027343227 0
0.4181054766210879 0.6040366106296019 0
0.2698857772326381 0.08146122854860227 0
0.2368677276517042 0.6697879408514513 0
0.9202660909310034 0.1701713214353857 0
0.2360524263234502 0.5219523312901514 0
0.3119665569903988 0.5038696613923723 0
0.1897071408985493 0.9549691737061908 0
0.7590831803955506 0.195381342291889 0
0.7840712951007436 0.03042412512259063 0
0.7973124035725077 0.477509513586289 0
0.3117492316505031 0.4705699678646969 0
0.4897151809798936 0.9892139088972793 0
0.8993757217874276 0.9721279828992352 0
0.1205090225181702 0.7917087058637043 0
0.715430279020452 0.5268299003457705 0
0.7929333204931133 0.4609620835202661 0
0.9719086029424727 0.8389378198260673 0
0.514655958254573 0.295081082621535 0
0.7666030127076219 0.441628324603053 0
0.5800659112359906 0.6015558121912873 0
0.5885259774369376 0.9546377154463352 0
0.2597250018402645 0.6921215399041494 0
0.2562953217459967 0.5188372711804694 0
0.73 0.9898894426192304 0
0.7227901036543714 0.139637840521747 0
0.9515873199544151 0.1362586062658431 0
0.3160931653672097 0.6008786421506895 0
0.3713333562129076 0.5024252915207844 0
0.7114230301377105 0.5136079772971049 0
0.9339189768374745 0.2134662704960252 0
0.953123761378456 0.9329180392027117 0
0.1102540016481071 0.9694871104264932 0
0.2603147161853183 0.4845846829810181 0
0.01374521414381008 0.3431666764088961 0
0.7199853997007676 0.5037465441028671 0
$EndNodes
$Elements
17 7616 1 7616
0 1 15 1
1 1 
0 2 15 1
2 2 
0 3 15 1
3 3 
0 4 15 1
4 4 
0 5 15 1
5 5 
0 6 15 1
6 6 
0 7 15 1
7 7 
0 8 15 1
8 8 
1 1 1 25
9 1 9 
10 9 10 
11 10 11 
12 11 12 
13 12 13 
14 13 14 
15 14 15 
16 15 16 
17 16 17 
18 17 18 
19 18 19 
20 19 20 
21 20 21 
22 21 22 
23 22 23 
24 23 24 
25 24 25 
26 25 26 
27 26 27 
28 27 28 
29 28 29 
30 29 30 
31 30 31 
32 31 32 
33 32 2 
1 2 1 10
34 1 33 
35 33 34 
36 34 35 
37 35 36 
38 36 37 
39 37 38 
40 38 39 
41 39 40 
42 40 41 
43 41 3 
1 3 1 1
44 3 4 
1 4 1 10
45 4 42 
46 42 43 
47 43 44 
48 44 45 
49 45 46 
50 46 47 
51 47 48 
52 48 49 
53 49 50 
54 50 5 
1 5 1 25
55 6 51 
56 51 52 
57 52 53 
58 53 54 
59 54 55 
60 55 56 
61 56 57 
62 57 58 
63 58 59 
64 59 60 
65 60 61 
66 61 62 
67 62 63 
68 63 64 
69 64 65 
70 65 66 
71 66 67 
72 67 68 
73 68 69 
74 69 70 
75 70 71 
76 71 72 
77 72 73 
78 73 74 
79 74 5 
1 6 1 50
80 7 75 
81 75 76 
82 76 77 
83 77 78 
84 78 79 
85 79 80 
86 80 81 
87 81 82 
88 82 83 
89 83 84 
90 84 85 
91 85 86 
92 86 87 
93 87 88 
94 88 89 
95 89 90 
96 90 91 
97 91 92 
98 92 93 
99 93 94 
100 94 95 
101 95 96 
102 96 97 
103 97 98 
104 98 99 
105 99 100 
106 100 101 
107 101 102 
108 102 103 
109 103 104 
110 104 105 
111 105 106 
112 106 107 
113 107 108 
114 108 109 
115 109 110 
116 110 111 
117 111 112 
118 112 113 
119 113 114 
120 114 115 
121 115 116 
122 116 117 
123 117 118 
124 118 119 
125 119 120 
126 120 121 
127 121 122 
128 122 123 
129 123 6 
1 7 1 50
130 8 124 
131 124 125 
132 125 126 
133 126 127 
134 127 128 
135 128 129 
136 129 130 
137 130 131 
138 131 132 
139 132 133 
140 133 134 
141 134 135 
142 135 136 
143 136 137 
144 137 138 
145 138 139 
146 139 140 
147 140 141 
148 141 142 
149 142 143 
150 143 144 
151 144 145 
152 145 146 
153 146 147 
154 147 148 
155 148 149 
156 149 150 
157 150 151 
158 151 152 
159 152 153 
160 153 154 
161 154 155 
162 155 156 
163 156 157 
164 157 158 
165 158 159 
166 159 160 
167 160 161 
168 161 162 
169 162 163 
170 163 164 
171 164 165 
172 165 166 
173 166 167 
174 167 168 
175 168 169 
176 169 170 
177 170 171 
178 171 172 
179 172 7 
1 8 1 50
180 2 173 
181 173 174 
182 174 175 
183 175 176 
184 176 177 
185 177 178 
186 178 179 
187 179 180 
188 180 181 
189 181 182 
190 182 183 
191 183 184 
192 184 185 
193 185 186 
194 186 187 
195 187 188 
196 188 189 
197 189 190 
198 190 191 
199 191 192 
200 192 193 
201 193 194 
202 194 195 
203 195 196 
204 196 197 
205 197 198 
206 198 199 
207 199 200 
208 200 201 
209 201 202 
210 202 203 
211 203 204 
212 204 205 
213 205 206 
214 206 207 
215 207 208 
216 208 209 
217 209 210 
218 210 211 
219 211 212 
220 212 213 
221 213 214 
222 214 215 
223 215 216 
224 216 217 
225 217 218 
226 218 219 
227 219 220 
228 220 221 
229 221 8 
2 1 2 7387
230 1510 2295 2165 
231 231 1042 222 
232 1284 2304 2303 
233 808 2930 864 
234 2253 2446 2255 
235 1284 2306 2304 
236 1049 2798 2106 
237 2019 3429 3325 
238 1110 2446 2253 
239 2413 3222 2473 
240 352 3613 2286 
241 2791 3235 1902 
242 2549 3259 2655 
243 2087 2759 2085 
244 1937 2894 2202 
245 2353 3707 400 
246 2004 3235 2791 
247 1879 3619 3279 
248 1407 2620 2619 
249 402 2353 400 
250 1671 2748 1673 
251 1407 2621 2620 
252 2381 3651 963 
253 2202 2894 1389 
254 1753 3725 2450 
255 404 3568 402 
256 2297 3004 1256 
257 580 2186 2185 
258 864 2930 2215 
259 1979 2680 2679 
260 1875 2241 1869 
261 963 3011 2381 
262 1653 3759 2768 
263 2728 3699 1681 
264 1389 2204 2202 
265 1050 2651 2513 
266 2118 2728 1681 
267 2513 2650 1050 
268 2768 2769 1653 
269 2212 2424 298 
270 2106 3655 1049 
271 2253 2254 1110 
272 1271 2346 2193 
273 1730 3525 2798 
274 2149 2297 1830 
275 2156 3126 2643 
276 2194 2348 677 
277 2180 3150 2307 
278 2450 2452 1753 
279 2643 3126 537 
280 1903 3232 2560 
281 3265 3357 2651 
282 585 3509 615 
283 2473 3222 1234 
284 1830 2294 2149 
285 2165 3377 1510 
286 1312 2346 1271 
287 2409 2522 2520 
288 2527 3092 2525 
289 1193 3214 2540 
290 3279 3619 2304 
291 2560 3684 1903 
292 1965 3557 3393 
293 1848 2722 2721 
294 2052 2813 2468 
295 2759 3656 2085 
296 2170 2241 1558 
297 2156 2569 1207 
298 921 2252 2196 
299 231 2053 1042 
300 2196 3789 921 
301 2099 2586 2533 
302 3143 3575 3535 
303 1441 2433 2150 
304 3282 3286 464 
305 2494 3387 665 
306 307 3193 2168 
307 2410 2473 1234 
308 392 3016 2138 
309 3 2157 229 
310 2286 3613 2151 
311 290 2558 2199 
312 2533 2586 964 
313 2150 2332 1441 
314 227 2604 2134 
315 2016 3406 2655 
316 499 2347 496 
317 1207 3126 2156 
318 402 3568 2353 
319 3310 3479 2111 
320 2517 3286 3282 
321 2540 2544 1193 
322 2725 3254 2977 
323 2659 3488 2906 
324 1869 2241 2170 
325 677 2347 2194 
326 1558 2320 2170 
327 2550 2552 1807 
328 2144 3364 2697 
329 1260 3092 2527 
330 1691 3458 3159 
331 3393 3557 2079 
332 1315 3204 2491 
333 2419 3575 2263 
334 3055 3573 2067 
335 2568 3182 2569 
336 2283 3770 2345 
337 547 2277 2184 
338 250 3769 2394 
339 2655 3406 2553 
340 1165 2574 313 
341 1361 2320 1363 
342 250 2394 252 
343 186 2306 185 
344 2307 3150 1559 
345 2078 2791 2790 
346 3535 3575 2419 
347 2254 2329 1110 
348 3159 3458 2697 
349 2748 3564 1221 
350 2078 3412 2791 
351 577 2277 546 
352 2643 3770 2283 
353 2572 2574 1165 
354 3011 3281 2189 
355 1904 3319 2956 
356 1195 2565 2318 
357 2569 3182 1207 
358 2655 3259 1479 
359 665 3540 2494 
360 2332 2468 2333 
361 2134 3338 227 
362 546 2277 547 
363 533 2568 2289 
364 2391 3480 2593 
365 1703 3456 2615 
366 2192 3195 44 
367 304 3047 2187 
368 745 3144 748 
369 1807 3259 2550 
370 3497 3570 2983 
371 2303 3289 1284 
372 2088 3553 42 
373 2719 3463 3302 
374 963 3281 3011 
375 326 3220 2171 
376 74 3083 73 
377 1118 3174 2707 
378 2697 3364 602 
379 2171 3393 326 
380 2707 3174 2706 
381 464 3286 2546 
382 328 2392 211 
383 2228 3162 2544 
384 2544 3162 1193 
385 2168 3227 307 
386 1234 3087 2410 
387 2798 3525 2106 
388 2749 3564 2748 
389 2546 3335 464 
390 3061 3620 3424 
391 2183 3631 471 
392 2463 3290 962 
393 84 2339 83 
394 1389 2427 2204 
395 533 3182 2568 
396 1437 3357 3265 
397 2112 3376 3356 
398 615 3509 2379 
399 2758 2759 2087 
400 2393 3761 2175 
401 3362 3679 1877 
402 2443 3668 2842 
403 2216 3376 2112 
404 2409 2527 2522 
405 2286 3500 352 
406 1144 2249 2248 
407 2193 2347 1271 
408 41 2157 3 
409 2130 3323 2849 
410 2149 3004 2297 
411 2175 2463 2393 
412 2468 3501 2333 
413 2139 2666 2188 
414 471 3647 2183 
415 1919 3459 3008 
416 2187 2592 304 
417 1613 2427 1365 
418 2842 3298 2443 
419 1866 2969 2845 
420 274 3573 3055 
421 3394 3455 2756 
422 3549 3572 2376 
423 550 3320 476 
424 865 2807 975 
425 2220 2222 582 
426 573 3572 3549 
427 2245 3570 3497 
428 2646 3679 3362 
429 1676 2748 1671 
430 857 3479 3310 
431 1673 2748 2268 
432 2410 3087 2445 
433 2184 3497 547 
434 2648 2649 2508 
435 2185 3243 580 
436 2214 2806 1228 
437 3424 3620 2634 
438 2157 2158 229 
439 1095 2493 2492 
440 2296 3455 3394 
441 748 3144 2665 
442 2426 3411 3395 
443 2189 3281 1209 
444 3395 3411 1452 
445 2956 3319 622 
446 2847 3155 834 
447 739 3634 3356 
448 2305 3289 2303 
449 2906 3488 1374 
450 526 2895 528 
451 1042 2088 4 
452 1592 2346 1312 
453 1555 2625 1357 
454 3495 3515 2218 
455 2215 2807 864 
456 2573 3482 3467 
457 3381 3397 2389 
458 2318 3793 1195 
459 3467 3482 774 
460 848 3494 2620 
461 1920 2818 2601 
462 2649 2650 2508 
463 3527 3534 511 
464 74 3661 3083 
465 2236 2237 734 
466 1848 2723 2722 
467 1553 3237 2247 
468 2492 2494 1095 
469 809 2930 808 
470 2769 3056 1653 
471 2188 3056 2139 
472 2768 3759 2223 
473 3302 3463 1560 
474 2626 3371 3309 
475 1979 3643 2680 
476 1920 2894 2818 
477 2052 2468 2332 
478 313 2574 311 
479 1255 3732 2162 
480 608 3397 3381 
481 3155 3451 834 
482 531 3432 534 
483 2452 3311 1753 
484 2491 3204 2495 
485 2407 2605 2411 
486 3561 3587 1202 
487 2546 3357 1437 
488 2201 3358 284 
489 2229 2230 1467 
490 2352 2566 2390 
491 552 3480 2391 
492 2360 3278 3171 
493 2132 3611 3577 
494 2175 3290 2463 
495 1209 3285 2189 
496 1437 3335 2546 
497 2218 3515 2483 
498 2620 3576 848 
499 2445 3087 1078 
500 2245 3497 2669 
501 2195 3789 2196 
502 2533 3587 3561 
503 2588 3534 3527 
504 2205 2428 2209 
505 496 2347 677 
506 3577 3611 668 
507 2283 2345 2344 
508 2849 3323 1106 
509 2818 2894 1937 
510 3206 3280 2095 
511 2721 3302 1848 
512 2321 3354 2017 
513 2199 3279 290 
514 2770 3606 3380 
515 2390 2566 278 
516 2395 3648 2094 
517 1276 2625 2624 
518 1256 3795 2297 
519 2096 2875 1986 
520 44 3712 2192 
521 2415 2677 1285 
522 2470 3391 2261 
523 2242 2330 1031 
524 1102 3599 2191 
525 35 2444 36 
526 3474 3514 2765 
527 2095 3789 3206 
528 2638 2791 1902 
529 2204 2428 2205 
530 2191 3485 1102 
531 2094 3435 2395 
532 290 2306 186 
533 314 2467 316 
534 2615 3456 2614 
535 2482 3311 2452 
536 2837 3543 3462 
537 1165 2575 2572 
538 227 3338 2176 
539 3356 3634 2112 
540 2557 3683 1859 
541 25 2302 352 
542 507 3120 2947 
543 2264 3681 3504 
544 1372 2320 1361 
545 1228 2807 2214 
546 3504 3681 1745 
547 185 2306 1284 
548 318 2240 322 
549 3538 3539 2732 
550 1031 2330 794 
551 1790 2344 1793 
552 2321 2323 1265 
553 2625 2627 2626 
554 1271 2347 499 
555 2468 2813 2238 
556 3477 3609 2668 
557 2212 3566 2424 
558 2947 3120 2707 
559 2265 2266 1639 
560 221 2905 220 
561 3481 3526 3258 
562 2411 2605 588 
563 600 3514 3474 
564 2977 3595 2725 
565 1166 3517 2596 
566 2520 2605 2409 
567 285 3718 2219 
568 3133 3429 2019 
569 2238 2467 1145 
570 2596 3542 1166 
571 748 2665 778 
572 2272 2397 1428 
573 1645 2421 1429 
574 3448 3484 2585 
575 1363 2320 1558 
576 2525 3092 1247 
577 3462 3543 2021 
578 2508 3127 2648 
579 2450 3725 2453 
580 298 3341 2212 
581 3288 3337 1564 
582 2162 3157 1255 
583 2096 3650 2875 
584 1247 2530 2525 
585 2361 3278 2360 
586 2176 3560 227 
587 1859 3386 2557 
588 341 3627 3464 
589 211 2392 210 
590 582 2349 2220 
591 1523 2324 2322 
592 1428 2397 1223 
593 2241 3288 1564 
594 1145 2468 2238 
595 2138 3016 2666 
596 1977 3539 3538 
597 3464 3627 2372 
598 56 2578 672 
599 2050 3484 3448 
600 2977 3254 1914 
601 2648 3127 2600 
602 2269 3696 341 
603 2415 3222 2413 
604 3062 3554 1514 
605 2322 2834 1523 
606 1227 2597 1371 
607 147 3696 3437 
608 2550 3259 2549 
609 2558 2611 2199 
610 2845 2969 2089 
611 3532 3537 2225 
612 26 2302 25 
613 2361 3236 264 
614 800 3376 2216 
615 3349 3422 2617 
616 3325 3429 2010 
617 3024 3379 2833 
618 2225 3537 2224 
619 284 3471 2201 
620 2627 2705 2626 
621 2557 3386 2062 
622 2273 2421 2057 
623 1714 2362 1588 
624 2070 3609 3477 
625 1642 3228 2717 
626 1106 3323 2279 
627 1068 2329 1067 
628 2251 3330 479 
629 1092 2371 2370 
630 2018 2834 2322 
631 2288 3418 3367 
632 2679 3361 1979 
633 2651 3357 2513 
634 320 2339 84 
635 1285 3222 2415 
636 1201 3275 2517 
637 2158 2499 229 
638 2138 3688 392 
639 2877 2878 1936 
640 2622 3321 1951 
641 1492 2919 2325 
642 3309 3371 1377 
643 3333 3398 2541 
644 1276 2624 2623 
645 3437 3696 2271 
646 2368 3284 2366 
647 2742 3454 2356 
648 1555 2627 2625 
649 2809 3612 3119 
650 1511 3454 1510 
651 289 2820 267 
652 1779 3044 2338 
653 2268 2748 1221 
654 3124 3685 3597 
655 1357 2625 1276 
656 2577 3418 2288 
657 2139 3056 2769 
658 2334 2623 2335 
659 2323 2919 1265 
660 2649 3200 2650 
661 651 2431 611 
662 1749 3678 2878 
663 2316 3503 3324 
664 2326 2534 726 
665 3243 3264 2006 
666 2062 3581 2557 
667 2352 2390 2387 
668 1031 2334 2242 
669 277 3656 2759 
670 2216 3415 800 
671 2218 3397 608 
672 1638 2278 1910 
673 2646 3362 2010 
674 2219 3608 285 
675 3207 3552 2723 
676 734 2467 2236 
677 2164 3285 3157 
678 108 3478 3343 
679 2414 3168 2416 
680 580 3710 2186 
681 1875 3288 2241 
682 3157 3285 1209 
683 1097 3674 2210 
684 2704 3209 2543 
685 744 3162 2228 
686 2001 3360 3353 
687 3492 3614 1585 
688 83 2339 1105 
689 2098 3493 2239 
690 3612 3671 3119 
691 2507 2650 2513 
692 3095 3173 1870 
693 1265 3354 2321 
694 1767 3361 2683 
695 794 2330 791 
696 3008 3459 2336 
697 605 2462 2461 
698 1523 2534 2324 
699 463 2651 483 
700 3446 3456 2766 
701 1365 2427 1389 
702 2010 3429 2646 
703 1839 3653 2773 
704 1201 3301 3275 
705 864 2807 865 
706 3275 3301 2515 
707 1714 2363 2362 
708 2201 3471 1499 
709 2431 3320 550 
710 1148 3398 3333 
711 2416 3168 2458 
712 44 3195 45 
713 2499 2742 255 
714 3353 3360 731 
715 744 3144 745 
716 2532 2820 289 
717 483 2651 1050 
718 1786 2292 2287 
719 1839 3699 3653 
720 2575 3080 2576 
721 2866 2907 1604 
722 2084 2427 1613 
723 2211 3498 1093 
724 2338 3044 2240 
725 605 3769 250 
726 2282 2283 1791 
727 2869 2870 835 
728 522 3142 524 
729 2902 3453 3382 
730 1222 3391 2470 
731 3433 3648 2056 
732 2228 3144 744 
733 2717 3595 1642 
734 2517 3282 1201 
735 2650 3200 1050 
736 1787 2528 2526 
737 1467 3142 2229 
738 2594 3223 1629 
739 778 2665 895 
740 975 2807 1228 
741 2210 3481 1097 
742 2237 2240 734 
743 479 3650 2251 
744 3443 3516 2693 
745 3215 3273 2281 
746 1062 2529 1064 
747 1602 2319 1350 
748 2287 2292 1750 
749 1510 3454 2295 
750 3378 3410 1884 
751 2793 3283 2795 
752 1495 3284 2368 
753 1221 2747 2268 
754 2187 3047 1916 
755 1372 3095 2320 
756 1493 3434 3251 
757 2750 3244 2749 
758 834 3451 2873 
759 2409 2605 2407 
760 1377 3008 2336 
761 2222 2384 582 
762 734 2240 318 
763 2069 3295 2614 
764 221 3665 2905 
765 2409 3716 2527 
766 2289 3142 533 
767 536 3209 2704 
768 15 3804 2276 
769 1514 3554 2918 
770 2262 3625 3555 
771 2873 3678 1749 
772 2895 3432 531 
773 1787 2671 2528 
774 895 2664 2312 
775 1428 2421 2272 
776 1499 3764 2201 
777 2707 3120 1118 
778 2408 3716 2409 
779 2669 3698 2245 
780 2508 2650 2507 
781 2576 3080 323 
782 277 3498 2211 
783 2276 3558 15 
784 1965 3393 2171 
785 1639 2597 2265 
786 2262 3555 2263 
787 528 2895 531 
788 588 2432 2411 
789 323 2608 2576 
790 1793 2344 1797 
791 2263 3575 2470 
792 1165 3080 2575 
793 1949 3223 2594 
794 1093 3499 2211 
795 1467 2895 526 
796 1223 2397 1224 
797 3194 3764 2682 
798 2105 3460 3428 
799 2872 3802 2200 
800 2634 3494 848 
801 1113 3321 2622 
802 2141 3717 2140 
803 2161 2742 2499 
804 726 2535 2326 
805 1145 2467 314 
806 835 2870 2375 
807 1224 3005 2618 
808 2526 2529 1787 
809 2266 2278 1639 
810 3451 3678 2873 
811 699 2414 2412 
812 2542 3739 2543 
813 36 2444 765 
814 1373 2444 35 
815 1247 3051 2530 
816 2286 3097 1103 
817 2160 2161 2158 
818 2706 3174 2309 
819 2141 3740 3717 
820 848 3424 2634 
821 2057 2421 1645 
822 699 3168 2414 
823 2271 3696 2269 
824 1791 2398 2282 
825 2325 2919 2323 
826 2352 2387 2386 
827 2318 2565 2383 
828 1564 3337 1767 
829 2723 3603 3207 
830 2211 3656 277 
831 2277 3319 1904 
832 3739 3792 2543 
833 1918 3422 3349 
834 3337 3361 1767 
835 1031 2623 2334 
836 2281 3273 2280 
837 1982 2872 2200 
838 1959 3516 3443 
839 3428 3460 1336 
840 3143 3535 286 
841 1791 2344 1790 
842 2484 3237 1553 
843 1110 2329 1068 
844 2683 3734 1767 
845 316 2467 734 
846 1639 2278 1638 
847 2530 3051 2529 
848 3124 3597 664 
849 1777 3291 1424 
850 895 2665 2664 
851 2177 3227 2168 
852 2349 3560 2176 
853 2815 3021 1451 
854 698 2456 754 
855 1092 3483 2371 
856 1063 2583 1061 
857 2125 3578 3358 
858 2771 3331 940 
859 691 2534 749 
860 2641 3618 630 
861 2669 3497 2184 
862 57 2578 56 
863 2185 3264 3243 
864 471 2367 465 
865 630 3639 2641 
866 1144 3594 3520 
867 1429 2421 1428 
868 1464 3056 1698 
869 2210 3526 3481 
870 2246 3479 177 
871 2771 3426 3331 
872 2362 3236 2361 
873 2279 3323 2278 
874 765 2444 2439 
875 1777 2829 2496 
876 2466 2798 1049 
877 2412 2417 699 
878 2336 3309 1377 
879 42 3553 347 
880 1228 2597 1227 
881 2801 3436 1710 
882 2295 3454 2742 
883 2069 3456 3446 
884 3532 3616 470 
885 2845 3314 1866 
886 1144 3794 2249 
887 1386 2582 2581 
888 825 3390 3385 
889 2496 2829 2497 
890 2967 3152 1841 
891 2290 2308 1100 
892 2397 3005 1224 
893 2623 2624 2335 
894 2879 2941 1109 
895 3402 3431 2563 
896 1325 3046 2890 
897 611 2431 550 
898 3293 3318 2254 
899 2882 3452 3410 
900 1067 2329 1080 
901 289 2785 2532 
902 3324 3503 2055 
903 3343 3478 2097 
904 2753 3742 2119 
905 3396 3413 2122 
906 2240 3044 322 
907 2585 3074 1246 
908 1195 3166 2565 
909 1574 3318 3293 
910 1787 2529 1062 
911 1371 2597 1639 
912 2492 2495 2494 
913 2087 3233 2758 
914 2565 3166 2566 
915 267 2820 265 
916 765 2439 2437 
917 577 3319 2277 
918 608 3495 2218 
919 328 3779 2392 
920 2828 3531 493 
921 2315 2383 2314 
922 3370 3403 2116 
923 1779 3315 2741 
924 2750 3654 3244 
925 1089 2481 2480 
926 1788 2659 2382 
927 38 3312 3211 
928 2615 3600 1703 
929 1159 3431 3402 
930 476 3320 1845 
931 2791 3412 2004 
932 2287 3798 3055 
933 2122 3413 1854 
934 2583 3074 2585 
935 3396 3491 1555 
936 1304 2946 2857 
937 2541 3209 536 
938 3380 3606 2274 
939 3520 3594 2217 
940 3110 3344 3304 
941 400 3707 1054 
942 3409 3447 2971 
943 2300 3525 1730 
944 1100 2536 2290 
945 2292 2420 1750 
946 1100 2431 651 
947 1508 3394 2756 
948 2882 3410 3378 
949 707 2456 698 
950 1054 3676 2687 
951 2378 3614 3492 
952 2287 3055 1786 
953 1526 2315 2314 
954 2224 3537 741 
955 2626 3309 2624 
956 1228 2806 2597 
957 2455 2457 2456 
958 177 3704 2246 
959 1039 3029 849 
960 857 3310 2264 
961 1045 1047 1046 
962 1681 3699 1839 
963 2814 2815 1451 
964 2461 3769 605 
965 1372 3740 3095 
966 1386 2583 2582 
967 1444 3452 2882 
968 2491 3644 1315 
969 2608 3255 2607 
970 2318 2383 2315 
971 2324 2534 2326 
972 2929 3613 2091 
973 2239 3493 1737 
974 2141 3173 3095 
975 2288 3798 2287 
976 2382 2658 1788 
977 1752 2401 2400 
978 1766 2360 2359 
979 2247 3706 1553 
980 1009 2919 1027 
981 2326 3388 2325 
982 2522 2527 2525 
983 2280 3273 940 
984 2635 3015 1318 
985 2589 3160 1966 
986 1526 2314 1308 
987 2875 3650 479 
988 2177 3476 3227 
989 1054 3707 3676 
990 2151 3613 2929 
991 2293 3734 1091 
992 2682 3764 1499 
993 680 2475 682 
994 2640 3605 2641 
995 2956 3370 2116 
996 2350 2386 1294 
997 2230 2895 1467 
998 2119 3785 2753 
999 725 3509 585 
1000 2614 3456 2069 
1001 1416 2341 2340 
1002 3382 3453 1943 
1003 1865 3021 2815 
1004 1831 3260 2701 
1005 2349 3782 3560 
1006 2709 3328 2897 
1007 2427 2428 2204 
1008 2283 2344 1791 
1009 2659 2906 2382 
1010 1025 3169 2432 
1011 731 3360 2426 
1012 2793 3638 3283 
1013 2528 2671 509 
1014 1752 2400 2399 
1015 2600 3127 892 
1016 606 3802 2872 
1017 2352 2386 2350 
1018 2511 2684 2610 
1019 3261 3334 1640 
1020 547 3497 2983 
1021 1588 2362 1766 
1022 3292 3303 2243 
1023 1608 3680 2459 
1024 2338 3315 1779 
1025 3605 3618 2641 
1026 1105 2339 2310 
1027 2446 3771 2255 
1028 1621 2685 1415 
1029 2057 3597 2273 
1030 3590 3604 702 
1031 1945 3160 2589 
1032 2225 3616 3532 
1033 3233 3274 2938 
1034 2833 3379 3065 
1035 42 347 43 
1036 438 2480 440 
1037 2310 2313 1105 
1038 851 2463 962 
1039 2343 2685 2046 
1040 1061 2583 1386 
1041 1766 2361 2360 
1042 3475 3593 1559 
1043 2328 3619 1879 
1044 1168 3322 3084 
1045 2496 3291 1777 
1046 286 3535 2483 
1047 2252 3780 2379 
1048 2252 3786 3780 
1049 2337 2398 1043 
1050 1789 2609 2398 
1051 1559 3593 2307 
1052 1416 2340 1972 
1053 2312 2978 895 
1054 962 1045 1044 
1055 536 3333 2541 
1056 2518 3018 1152 
1057 1823 2989 2812 
1058 2354 2355 1620 
1059 2636 3329 3317 
1060 471 3631 2367 
1061 2170 3095 1870 
1062 2573 3444 2574 
1063 465 2367 468 
1064 3327 3373 2778 
1065 929 2602 2298 
1066 493 3719 2828 
1067 533 3142 522 
1068 2636 3036 1846 
1069 646 3568 404 
1070 3350 3372 2891 
1071 1089 2480 438 
1072 1325 2890 2751 
1073 2635 2636 1846 
1074 510 3167 509 
1075 1815 3018 2518 
1076 1922 2806 1723 
1077 524 3142 1467 
1078 2454 2456 707 
1079 1902 3217 2638 
1080 726 2534 691 
1081 2495 3387 2494 
1082 320 3520 2217 
1083 2309 3174 1845 
1084 1850 2891 2890 
1085 682 2475 978 
1086 2396 2536 821 
1087 2299 3243 2006 
1088 3251 3434 1963 
1089 337 3289 2305 
1090 2390 3348 2389 
1091 2229 3142 2289 
1092 2291 3261 1574 
1093 2248 3594 1144 
1094 2456 2457 754 
1095 1166 3542 2774 
1096 2194 2347 2193 
1097 1350 2319 1348 
1098 1955 2469 2388 
1099 2562 3793 2318 
1100 2264 3504 857 
1101 3225 3276 2699 
1102 384 2816 382 
1103 2677 3680 1608 
1104 2439 2444 2441 
1105 1521 2460 2301 
1106 2373 2635 1318 
1107 229 2499 230 
1108 1850 3032 2891 
1109 2298 2825 929 
1110 1513 2354 1620 
1111 3033 3804 327 
1112 827 2599 503 
1113 664 3597 2267 
1114 3317 3329 1008 
1115 1548 2469 1290 
1116 2111 3479 2246 
1117 3211 3312 2438 
1118 230 2499 255 
1119 2878 3308 1749 
1120 749 2534 1523 
1121 2239 3553 2098 
1122 1752 2417 2401 
1123 2275 3638 617 
1124 2213 3746 3720 
1125 1830 2297 1829 
1126 2581 2599 1386 
1127 2422 2434 1800 
1128 1936 3801 2877 
1129 940 3331 2280 
1130 2302 3613 352 
1131 2573 3467 3444 
1132 1923 2334 1924 
1133 1964 3088 2751 
1134 2432 3169 2411 
1135 644 3470 3057 
1136 2529 3051 1064 
1137 924 3372 3350 
1138 798 2838 329 
1139 2584 3522 646 
1140 2876 2878 2877 
1141 2008 2434 2422 
1142 2751 3088 1325 
1143 3304 3344 1908 
1144 2214 2807 2215 
1145 2756 3805 1508 
1146 2460 2461 2301 
1147 2903 3322 1168 
1148 984 2430 981 
1149 2135 3294 2518 
1150 617 3558 2275 
1151 323 3255 2608 
1152 467 3304 2515 
1153 2161 2499 2158 
1154 1047 1255 1046 
1155 3416 3449 1616 
1156 2348 2885 677 
1157 892 3037 2610 
1158 1380 3067 2418 
1159 2483 3515 286 
1160 2087 3274 3233 
1161 2866 3399 2907 
1162 2625 2626 2624 
1163 2459 3752 1608 
1164 1000 2378 2377 
1165 2890 3046 1850 
1166 2242 2334 1923 
1167 1653 3056 1464 
1168 2220 2349 2031 
1169 341 3464 2269 
1170 833 2978 873 
1171 1773 2430 984 
1172 2875 3266 1986 
1173 1846 3015 2635 
1174 2031 2349 2176 
1175 2785 3129 1891 
1176 3377 3732 1255 
1177 40 3755 3423 
1178 1821 3761 2393 
1179 2355 2356 1620 
1180 1617 2381 2380 
1181 1789 2398 1791 
1182 2167 2461 2460 
1183 2719 3302 2721 
1184 3440 3442 2712 
1185 2661 2980 1670 
1186 2449 2450 738 
1187 509 3167 2528 
1188 1043 2936 2337 
1189 1766 2359 1586 
1190 2001 3340 2622 
1191 2376 3431 1159 
1192 2213 3720 1208 
1193 1752 2399 578 
1194 580 3243 3234 
1195 2132 3541 2391 
1196 2611 3581 2062 
1197 384 2817 2816 
1198 709 2454 707 
1199 2346 3459 1919 
1200 1416 2685 2341 
1201 2219 3718 2284 
1202 2929 3746 2213 
1203 2401 2417 2412 
1204 2340 2612 1972 
1205 2723 2724 2722 
1206 2602 3116 2603 
1207 2593 3480 2594 
1208 3485 3741 301 
1209 440 2480 2479 
1210 2236 2467 2238 
1211 2842 3668 1960 
1212 2547 3260 1831 
1213 929 3116 2602 
1214 1085 3067 1380 
1215 1045 1249 1047 
1216 849 3029 2689 
1217 3583 3728 2927 
1218 2642 2838 798 
1219 2420 3075 1019 
1220 1698 3056 2188 
1221 2774 3728 3583 
1222 1103 3500 2286 
1223 1451 2816 2814 
1224 2159 2160 2158 
1225 2465 2797 2466 
1226 1805 2733 2612 
1227 2284 3718 91 
1228 2448 3528 3511 
1229 2370 2372 1092 
1230 993 2466 1049 
1231 3358 3578 1967 
1232 741 3705 2224 
1233 468 2367 2364 
1234 45 3195 574 
1235 1816 2827 2675 
1236 2355 2357 2356 
1237 1815 2482 1059 
1238 2017 3354 2369 
1239 2464 3077 1988 
1240 2217 3691 320 
1241 576 2726 559 
1242 2652 3176 2653 
1243 1821 2393 684 
1244 2423 3582 2147 
1245 490 2885 484 
1246 2171 3220 2172 
1247 2474 2475 680 
1248 2046 2685 1621 
1249 1617 2380 1390 
1250 1699 3387 2495 
1251 1000 2377 987 
1252 578 2399 527 
1253 2610 3037 2511 
1254 2366 2474 1387 
1255 1027 2919 1492 
1256 2874 3681 2082 
1257 2774 3583 1166 
1258 2426 3395 731 
1259 2290 2536 2396 
1260 1045 1046 1044 
1261 2359 2360 2358 
1262 892 3127 3037 
1263 264 3278 2361 
1264 2879 3496 2941 
1265 3470 3530 3057 
1266 716 3077 2464 
1267 2354 2359 2358 
1268 711 2449 738 
1269 1823 2812 2471 
1270 291 2621 349 
1271 386 2817 384 
1272 2226 3695 2746 
1273 1907 3606 2770 
1274 1405 1510 1250 
1275 2285 3700 557 
1276 3348 3381 2389 
1277 2316 2317 2315 
1278 2297 3795 2601 
1279 2388 2469 1548 
1280 661 2417 623 
1281 1845 3320 2309 
1282 2165 3732 3377 
1283 850 2642 798 
1284 1052 2395 18 
1285 2282 2398 2337 
1286 2001 3353 3340 
1287 1063 3074 2583 
1288 2572 2575 2570 
1289 2570 2575 1822 
1290 1456 3373 3327 
1291 1261 2552 2551 
1292 807 2689 862 
1293 622 3370 2956 
1294 774 3482 2596 
1295 2795 3658 3212 
1296 851 962 961 
1297 1386 2599 827 
1298 2897 3328 751 
1299 1513 1620 1511 
1300 2308 2431 1100 
1301 2327 3604 3590 
1302 1520 2460 1521 
1303 844 2660 904 
1304 2243 3303 2330 
1305 2110 3594 3584 
1306 1815 3294 2482 
1307 2812 2989 1352 
1308 2447 3528 2448 
1309 2189 3285 1907 
1310 2292 3075 2420 
1311 2901 2943 2703 
1312 1379 3234 2299 
1313 2276 3804 3033 
1314 2142 3486 3469 
1315 1723 2806 2214 
1316 886 2663 885 
1317 1249 1250 1047 
1318 2297 2601 1829 
1319 2291 3334 3261 
1320 3234 3243 2299 
1321 962 3290 1045 
1322 2132 3577 3541 
1323 2228 2544 1898 
1324 2834 3345 920 
1325 289 3129 2785 
1326 294 2433 299 
1327 699 2417 661 
1328 809 3735 2226 
1329 1224 3029 1039 
1330 1167 3276 3225 
1331 576 2819 2726 
1332 3385 3390 2898 
1333 759 2536 701 
1334 2366 2475 2474 
1335 2682 3363 3194 
1336 468 2364 472 
1337 2366 3284 2475 
1338 1629 3223 2589 
1339 1526 2316 2315 
1340 1265 2919 1009 
1341 3522 3568 646 
1342 2384 3263 97 
1343 821 3165 2396 
1344 2526 2530 2529 
1345 2272 2421 2273 
1346 2531 3341 298 
1347 2618 3029 1224 
1348 3212 3617 2795 
1349 1994 2633 1682 
1350 1430 2603 1150 
1351 2289 2568 2567 
1352 1415 2685 1416 
1353 1348 1526 1308 
1354 1574 3293 2291 
1355 1261 2551 196 
1356 1091 3437 2293 
1357 382 2816 1451 
1358 3215 3408 544 
1359 2310 2339 2108 
1360 2608 2923 2576 
1361 2191 3741 3485 
1362 2314 2383 1575 
1363 2398 2609 1043 
1364 290 3279 2306 
1365 1208 3757 2213 
1366 2880 3154 1858 
1367 2381 3011 2380 
1368 298 2424 20 
1369 1440 2649 2648 
1370 521 2432 588 
1371 1308 2314 1306 
1372 1082 2435 1077 
1373 849 2689 807 
1374 606 3637 2279 
1375 1091 3734 2683 
1376 3506 3511 545 
1377 2781 3170 1981 
1378 589 2819 576 
1379 3582 3601 2147 
1380 2857 3544 1304 
1381 1290 2469 1288 
1382 2344 2345 1797 
1383 1594 2514 1908 
1384 1047 3377 1255 
1385 2223 3759 1481 
1386 2800 3254 2799 
1387 2326 3711 3388 
1388 2067 3573 2394 
1389 1676 2749 2748 
1390 1810 2699 2429 
1391 1816 2675 2674 
1392 682 683 681 
1393 2226 3735 3695 
1394 1257 2446 1073 
1395 684 2393 683 
1396 2465 2466 995 
1397 299 2433 1441 
1398 156 2720 603 
1399 329 2838 324 
1400 582 2384 98 
1401 2450 2451 738 
1402 1405 1511 1510 
1403 1706 2603 1430 
1404 2525 2530 2523 
1405 2628 2663 886 
1406 2265 2806 1922 
1407 2450 2453 2451 
1408 2797 2798 2466 
1409 1318 2726 2373 
1410 1951 3321 2815 
1411 463 3265 2651 
1412 2510 2516 2501 
1413 1049 2436 991 
1414 2781 3213 2153 
1415 2434 2998 1800 
1416 234 3709 3607 
1417 3584 3594 2248 
1418 2332 2333 1441 
1419 1805 2612 2340 
1420 895 2978 833 
1421 326 2484 66 
1422 2510 2517 2516 
1423 2122 3491 3396 
1424 1059 2452 2449 
1425 2765 3398 1148 
1426 154 3151 3078 
1427 2684 3096 897 
1428 2306 3279 2304 
1429 1160 3612 2809 
1430 2428 3763 2209 
1431 1306 1575 1296 
1432 2334 2335 1924 
1433 2577 3470 644 
1434 601 2617 203 
1435 2030 3272 2778 
1436 534 3432 1168 
1437 503 2599 494 
1438 2226 3758 809 
1439 623 2417 1752 
1440 3507 3513 1368 
1441 1095 3521 2493 
1442 1545 2354 1513 
1443 885 2663 936 
1444 960 2658 1030 
1445 1788 2658 960 
1446 2416 3680 2677 
1447 484 2885 1868 
1448 726 3231 2535 
1449 497 2713 501 
1450 1059 2449 736 
1451 2598 3082 1747 
1452 1440 2648 2647 
1453 2737 2796 842 
1454 1817 3000 2554 
1455 2532 2785 2256 
1456 98 2384 97 
1457 2074 3683 2555 
1458 349 2621 1407 
1459 1906 2189 1907 
1460 2686 2687 1804 
1461 3110 3304 467 
1462 2404 2473 2410 
1463 3345 3379 920 
1464 1294 2386 1292 
1465 2644 2654 430 
1466 804 2817 386 
1467 1905 2537 2425 
1468 2278 3323 1910 
1469 2770 3380 2438 
1470 2331 3276 1167 
1471 1906 3011 2189 
1472 701 2536 1100 
1473 1824 2923 2608 
1474 2279 3637 1106 
1475 2354 2358 2355 
1476 2720 2721 603 
1477 287 2621 291 
1478 1788 2660 2659 
1479 920 3379 3024 
1480 981 2430 979 
1481 2485 2486 1053 
1482 2554 3000 1648 
1483 1582 2943 2901 
1484 1617 2658 2382 
1485 2610 2684 723 
1486 995 2466 993 
1487 1387 2474 592 
1488 997 2465 995 
1489 21 2531 298 
1490 873 2978 2662 
1491 2222 2385 2384 
1492 2343 3431 2376 
1493 1575 2383 2351 
1494 2660 2980 2661 
1495 559 2726 1318 
1496 881 2936 1043 
1497 822 3165 821 
1498 2511 3096 2684 
1499 554 2787 760 
1500 2583 2585 2582 
1501 1306 2314 1575 
1502 1280 2135 1154 
1503 1164 2667 459 
1504 2333 3501 309 
1505 2719 2721 2720 
1506 683 2393 686 
1507 2471 2940 1823 
1508 2068 3295 2069 
1509 888 2628 886 
1510 2401 2402 2400 
1511 985 986 984 
1512 694 2980 762 
1513 49 2598 1747 
1514 2476 2477 741 
1515 682 684 683 
1516 337 3518 2783 
1517 2266 2279 2278 
1518 3152 3552 1841 
1519 2237 2338 2240 
1520 486 2787 554 
1521 1647 2914 2711 
1522 680 682 681 
1523 2579 2584 646 
1524 904 2660 1788 
1525 2566 3166 278 
1526 588 2519 519 
1527 440 2479 442 
1528 420 3755 40 
1529 1342 2537 1531 
1530 644 3418 2577 
1531 675 3231 726 
1532 2443 3298 2442 
1533 2289 2567 1947 
1534 738 2454 709 
1535 662 698 697 
1536 196 2551 195 
1537 202 2617 2616 
1538 47 2485 1053 
1539 2523 2530 2526 
1540 1241 2642 850 
1541 1575 2351 2350 
1542 48 2598 49 
1543 2500 2509 1593 
1544 39 420 40 
1545 2444 3749 2441 
1546 1955 3397 2218 
1547 986 2173 1773 
1548 2519 2605 2520 
1549 979 1821 684 
1550 1779 2741 333 
1551 2457 2458 754 
1552 2330 3303 791 
1553 821 2536 759 
1554 590 1387 592 
1555 2503 2545 2510 
1556 2486 2591 2490 
1557 2167 3769 2461 
1558 2239 3457 347 
1559 662 697 661 
1560 447 2476 741 
1561 1947 2567 1542 
1562 698 754 697 
1563 336 2557 2556 
1564 1617 2382 2381 
1565 624 662 661 
1566 1059 2482 2452 
1567 228 2549 2548 
1568 2317 2318 2315 
1569 3082 3083 1747 
1570 1296 2350 1294 
1571 869 2698 1022 
1572 983 984 981 
1573 2653 3176 3128 
1574 1545 2359 2354 
1575 2368 3631 2183 
1576 2645 2654 2644 
1577 1169 3154 2880 
1578 2734 2978 2312 
1579 17 2395 327 
1580 979 2430 1821 
1581 1648 3001 2554 
1582 624 661 623 
1583 1535 1602 1350 
1584 2429 2698 1810 
1585 2260 2470 2261 
1586 592 594 593 
1587 1837 2690 2423 
1588 2711 2913 1647 
1589 1826 2569 2156 
1590 1404 1405 1250 
1591 729 2848 792 
1592 856 2931 773 
1593 1077 2435 1075 
1594 2773 3653 1119 
1595 2578 3750 672 
1596 2341 2685 2343 
1597 2696 2697 602 
1598 588 2605 2519 
1599 594 2474 680 
1600 1073 2446 1071 
1601 935 3091 2936 
1602 527 2399 525 
1603 93 2696 602 
1604 2105 3404 2298 
1605 3597 3685 2273 
1606 2830 3108 2912 
1607 2593 2594 1629 
1608 228 2548 194 
1609 590 592 591 
1610 2787 3088 1964 
1611 1780 2691 2374 
1612 987 2377 986 
1613 1406 3445 3403 
1614 1751 2577 2288 
1615 191 2555 336 
1616 1407 2559 424 
1617 1310 2784 2674 
1618 336 2556 190 
1619 2540 2542 2539 
1620 1390 2380 1392 
1621 187 2558 290 
1622 627 2819 589 
1623 2062 3738 2611 
1624 1531 2537 1905 
1625 2386 2387 1548 
1626 2035 2596 2595 
1627 1330 2500 1593 
1628 1008 3329 2369 
1629 1197 3170 2781 
1630 2482 3294 1814 
1631 2135 2518 1154 
1632 406 2579 646 
1633 1021 2420 1019 
1634 1230 1520 1231 
1635 2180 3767 3150 
1636 2822 3447 3409 
1637 862 2689 2688 
1638 1520 1521 1231 
1639 2674 2784 1816 
1640 1898 1899 1759 
1641 2485 2591 2486 
1642 1288 1568 1287 
1643 609 624 623 
1644 2612 2733 948 
1645 769 2803 713 
1646 2387 2390 2389 
1647 304 2592 62 
1648 688 2780 753 
1649 592 2474 594 
1650 2449 2452 2450 
1651 962 1044 961 
1652 1292 1548 1290 
1653 677 2885 490 
1654 2401 2403 2402 
1655 2676 3639 630 
1656 1955 2218 1772 
1657 2365 2366 1387 
1658 491 2713 497 
1659 3392 3481 3258 
1660 1521 2301 2300 
1661 1338 1617 1390 
1662 1899 2540 2539 
1663 905 2735 1115 
1664 1292 2386 1548 
1665 19 2424 1052 
1666 2365 2368 2366 
1667 609 623 578 
1668 2766 3456 1703 
1669 141 2682 1499 
1670 2702 2703 907 
1671 2501 2516 2500 
1672 1060 2671 1787 
1673 1628 2593 1629 
1674 875 2609 1789 
1675 2414 2415 2413 
1676 505 2671 1060 
1677 2778 3272 2000 
1678 2067 2167 1657 
1679 470 2804 455 
1680 3078 3151 2724 
1681 525 1025 523 
1682 1154 2518 1152 
1683 2515 3301 467 
1684 17 327 16 
1685 1670 2980 694 
1686 1286 1288 1287 
1687 1553 2587 64 
1688 1440 2647 549 
1689 1750 2420 1277 
1690 202 2616 201 
1691 2067 2394 2167 
1692 1588 1766 1586 
1693 2412 2413 2403 
1694 2399 2400 1025 
1695 102 2604 227 
1696 157 2720 156 
1697 1800 2998 1326 
1698 2414 2416 2415 
1699 470 2805 2804 
1700 1568 1955 1772 
1701 989 1000 987 
1702 725 3455 2296 
1703 986 1773 984 
1704 2279 3802 606 
1705 1057 2688 1570 
1706 1018 1230 1041 
1707 2876 3308 2878 
1708 909 2702 907 
1709 1286 1287 1233 
1710 1758 1898 1759 
1711 2660 2661 2659 
1712 2119 3727 2118 
1713 529 578 527 
1714 1751 2287 1750 
1715 494 2950 412 
1716 1230 1231 1041 
1717 45 574 46 
1718 983 985 984 
1719 2457 2459 2458 
1720 225 2614 2613 
1721 1348 2319 1526 
1722 2119 3742 3727 
1723 1751 2288 2287 
1724 1085 1380 1083 
1725 3569 3616 2939 
1726 2666 3016 1058 
1727 2019 3325 1712 
1728 333 2741 335 
1729 2035 2595 1678 
1730 1642 3595 2977 
1731 2458 3168 754 
1732 1914 3254 2800 
1733 1570 2688 1961 
1734 2325 3388 1492 
1735 1143 2629 1385 
1736 1424 3291 1831 
1737 2412 2414 2413 
1738 2596 3517 774 
1739 2479 2480 2478 
1740 2416 2677 2415 
1741 986 2377 2173 
1742 1079 1083 1082 
1743 447 741 449 
1744 2457 3672 2459 
1745 2401 2412 2403 
1746 719 2600 892 
1747 67 326 66 
1748 574 2591 2485 
1749 549 2647 598 
1750 367 2686 1804 
1751 1392 2380 1906 
1752 1300 2606 1241 
1753 1615 1751 1750 
1754 2387 2389 2388 
1755 978 979 684 
1756 2681 2682 142 
1757 2906 3651 2381 
1758 2165 2295 2161 
1759 1392 1906 1567 
1760 574 2485 46 
1761 19 1052 18 
1762 472 2364 590 
1763 225 2613 200 
1764 1277 2420 1021 
1765 369 2686 367 
1766 557 3743 2285 
1767 203 2617 202 
1768 2451 2455 2454 
1769 871 2896 804 
1770 2383 2565 2351 
1771 1717 2590 2267 
1772 680 681 645 
1773 1003 2629 1143 
1774 2263 2470 2260 
1775 2154 3585 3436 
1776 918 2628 888 
1777 2040 3621 3598 
1778 1079 1082 1077 
1779 523 2432 521 
1780 445 2476 447 
1781 991 2436 989 
1782 1792 2670 1012 
1783 2500 2516 2509 
1784 1615 1750 1277 
1785 2018 3345 2834 
1786 985 2881 988 
1787 711 738 709 
1788 1305 1306 1296 
1789 572 2757 725 
1790 2575 2576 1822 
1791 876 2609 875 
1792 844 2980 2660 
1793 2400 3169 1025 
1794 1966 3160 2663 
1795 1058 3016 60 
1796 2260 2261 2258 
1797 1066 1068 1067 
1798 1982 3198 2872 
1799 1018 1041 1001 
1800 498 2732 434 
1801 1088 2611 2558 
1802 989 2436 1000 
1803 2762 2803 769 
1804 1810 2698 869 
1805 525 2399 1025 
1806 2702 2901 2703 
1807 2654 3133 498 
1808 1075 2435 1257 
1809 513 3167 510 
1810 301 2790 2637 
1811 1760 2618 1763 
1812 2548 2553 1086 
1813 501 2713 1440 
1814 1071 2446 1110 
1815 1568 1772 1771 
1816 2652 2653 1944 
1817 2342 2639 1806 
1818 1075 1257 1073 
1819 1030 2658 1338 
1820 1586 2359 1545 
1821 623 1752 578 
1822 1115 2735 2656 
1823 1064 1066 1065 
1824 985 987 986 
1825 1522 1657 1520 
1826 1795 2588 1897 
1827 301 2637 111 
1828 836 2735 905 
1829 980 981 979 
1830 1331 2500 1330 
1831 837 2703 790 
1832 736 2449 711 
1833 2512 2546 2545 
1834 742 1059 736 
1835 2317 2562 2318 
1836 529 609 578 
1837 1575 2350 1296 
1838 2912 3108 1637 
1839 449 451 450 
1840 1898 2544 1899 
1841 461 2667 471 
1842 1941 2764 1757 
1843 1754 2734 2312 
1844 519 2519 517 
1845 1172 2940 1174 
1846 1906 1907 1567 
1847 785 3303 3292 
1848 1022 2698 1420 
1849 2480 2481 2478 
1850 1071 1110 1068 
1851 1156 2652 1158 
1852 2662 2734 1411 
1853 1756 1758 1757 
1854 2262 2263 2260 
1855 1710 3602 2801 
1856 1062 1064 1063 
1857 1899 2539 2538 
1858 673 2848 729 
1859 21 298 20 
1860 2335 2336 1924 
1861 1758 1759 1757 
1862 1012 2670 860 
1863 2476 2479 2478 
1864 1343 2537 1342 
1865 2674 2675 2673 
1866 2599 2950 494 
1867 65 2484 1553 
1868 447 449 448 
1869 2257 2258 2256 
1870 1295 1296 1294 
1871 521 588 519 
1872 1289 1290 1288 
1873 1593 2514 1594 
1874 2704 2893 530 
1875 971 2767 970 
1876 632 2825 596 
1877 1402 2570 1822 
1878 1038 2740 1381 
1879 1897 2707 2706 
1880 1064 1065 1063 
1881 2259 2260 2258 
1882 1066 1067 1065 
1883 1915 2228 1898 
1884 2385 3263 2384 
1885 143 2681 142 
1886 804 2896 2817 
1887 1786 2067 1657 
1888 1897 2706 1796 
1889 2812 3316 2472 
1890 91 3642 2284 
1891 1002 1018 1001 
1892 671 2973 627 
1893 907 2703 837 
1894 1004 3257 3216 
1895 376 2730 378 
1896 866 2692 810 
1897 2730 2945 2729 
1898 515 3028 513 
1899 2503 2510 2501 
1900 1413 2734 1754 
1901 1062 1063 1061 
1902 773 2931 696 
1903 2135 3351 3294 
1904 1111 1574 1184 
1905 972 1331 1330 
1906 1331 2501 2500 
1907 1060 1062 1061 
1908 1682 2633 1683 
1909 2509 2515 2514 
1910 2404 2410 2406 
1911 1310 2674 2672 
1912 1675 2767 2745 
1913 713 2803 663 
1914 2486 2490 2488 
1915 760 2787 2786 
1916 776 2740 1038 
1917 2056 3566 2212 
1918 1103 2531 22 
1919 1754 1756 1755 
1920 2678 2679 223 
1921 2672 2674 2673 
1922 1521 2300 1730 
1923 1084 1085 1083 
1924 2629 3125 1990 
1925 1285 1286 1233 
1926 1605 2691 1780 
1927 1762 2779 1571 
1928 2364 2365 1387 
1929 1757 2764 1755 
1930 1809 2233 2231 
1931 472 590 488 
1932 2606 2642 1241 
1933 2936 3091 2337 
1934 1074 1075 1073 
1935 1756 1757 1755 
1936 656 2780 688 
1937 2294 3733 620 
1938 1763 1809 1808 
1939 810 2692 767 
1940 1657 2460 1520 
1941 1060 1061 827 
1942 982 983 981 
1943 1542 2567 1540 
1944 1954 2577 1751 
1945 1232 1233 1085 
1946 505 827 503 
1947 697 699 661 
1948 1291 1292 1290 
1949 505 1060 827 
1950 1025 2432 523 
1951 445 447 446 
1952 972 1330 1194 
1953 2320 3095 2170 
1954 2051 2590 1717 
1955 1646 1717 1645 
1956 442 2479 445 
1957 1760 1763 1761 
1958 1158 2652 1500 
1959 1138 2913 1140 
1960 2567 2568 1825 
1961 1903 3684 2619 
1962 158 2718 157 
1963 2084 2428 2427 
1964 2835 2926 1696 
1965 999 1001 997 
1966 1809 2231 1808 
1967 2571 2573 2572 
1968 2713 3200 2649 
1969 1823 2940 1172 
1970 1072 1073 1071 
1971 897 972 898 
1972 983 2881 985 
1973 144 2678 223 
1974 2559 2560 704 
1975 1040 1223 1039 
1976 1801 2746 2422 
1977 1763 1808 1761 
1978 2603 3116 1150 
1979 1076 1077 1075 
1980 1099 2728 2727 
1981 1273 1540 1272 
1982 2520 2522 2521 
1983 2101 2603 1706 
1984 2871 3240 3170 
1985 1500 2652 1944 
1986 1225 1428 1223 
1987 705 2752 566 
1988 1948 2229 1947 
1989 993 1049 991 
1990 683 686 685 
1991 1330 1593 1332 
1992 1525 2669 1524 
1993 873 2662 914 
1994 1038 1040 1039 
1995 2736 2796 2737 
1996 1070 1071 1068 
1997 1191 2668 198 
1998 193 2548 1086 
1999 1754 1755 1644 
2000 1571 2779 1528 
2001 1086 2555 192 
2002 1078 1079 1077 
2003 1770 2580 2579 
2004 2678 2683 2679 
2005 453 470 455 
2006 1897 2947 2707 
2007 1646 2813 2052 
2008 189 2556 1088 
2009 1038 1039 849 
2010 204 2758 601 
2011 1540 1825 1541 
2012 1186 1640 1216 
2013 1570 1760 1571 
2014 936 1272 935 
2015 1088 2558 188 
2016 730 2810 674 
2017 1410 2589 1966 
2018 1760 1761 1571 
2019 1677 2571 2570 
2020 1789 1790 1012 
2021 719 892 721 
2022 1288 2469 1568 
2023 63 2587 304 
2024 451 453 452 
2025 277 2759 206 
2026 2738 2931 856 
2027 674 2810 1876 
2028 2403 2473 2404 
2029 2255 2256 1893 
2030 2512 2545 2505 
2031 2688 2689 1961 
2032 2708 2709 1690 
2033 2522 2525 2523 
2034 1649 1990 1882 
2035 1628 1629 1410 
2036 846 2762 769 
2037 2261 3391 2820 
2038 1797 2588 1795 
2039 2126 2926 2835 
2040 1225 1429 1428 
2041 2718 2720 157 
2042 1547 1645 1429 
2043 2721 2722 603 
2044 754 3168 697 
2045 1115 2656 1270 
2046 461 471 465 
2047 1683 2630 1378 
2048 1297 2811 2810 
2049 2573 2574 2572 
2050 1278 1615 1277 
2051 753 2780 2760 
2052 226 2695 2694 
2053 142 2682 141 
2054 1646 2051 1717 
2055 18 2395 17 
2056 1547 1646 1645 
2057 717 2600 719 
2058 1512 1513 1511 
2059 1293 1294 1292 
2060 2102 2103 2101 
2061 2581 2950 2599 
2062 2696 3159 2697 
2063 929 2825 632 
2064 1439 2733 1805 
2065 1413 1754 1644 
2066 1040 1225 1223 
2067 1825 2569 1826 
2068 514 515 513 
2069 378 2730 560 
2070 2714 2715 281 
2071 2105 2298 2103 
2072 516 517 515 
2073 2576 2923 1822 
2074 2836 2837 1427 
2075 2789 2996 1847 
2076 921 3786 2252 
2077 1307 1308 1306 
2078 426 2559 704 
2079 424 2559 426 
2080 1409 1410 1408 
2081 1099 2727 562 
2082 1547 2813 1646 
2083 1688 2712 1929 
2084 1946 1947 1542 
2085 1054 2687 2686 
2086 2471 2472 2169 
2087 400 1054 398 
2088 1206 2784 1310 
2089 776 1038 849 
2090 2580 2584 2579 
2091 517 1048 515 
2092 1310 2672 1311 
2093 2519 2520 1048 
2094 428 2644 430 
2095 2505 2545 2503 
2096 1570 1571 1528 
2097 875 1012 860 
2098 2040 3598 2039 
2099 1806 2639 1619 
2100 2549 2553 2548 
2101 1036 2662 1411 
2102 2775 2777 2776 
2103 504 505 503 
2104 2780 3114 1971 
2105 63 304 62 
2106 1717 2267 2057 
2107 881 1043 879 
2108 925 2623 1031 
2109 2571 2572 2570 
2110 2793 2795 2794 
2111 406 646 404 
2112 885 935 883 
2113 1366 3000 1817 
2114 495 503 494 
2115 1481 3784 2223 
2116 1981 3213 2781 
2117 2581 2582 2580 
2118 2100 2101 1706 
2119 1440 2713 2649 
2120 1793 1797 1795 
2121 1770 2579 408 
2122 1789 1791 1790 
2123 2714 2725 2715 
2124 1824 2608 2607 
2125 1249 1404 1250 
2126 1641 2037 1843 
2127 1683 2631 2630 
2128 2699 3276 2429 
2129 2909 2966 2227 
2130 2637 2638 1051 
2131 408 2579 406 
2132 1677 2570 1402 
2133 1057 1570 1528 
2134 2413 2473 2403 
2135 1530 2767 971 
2136 1988 3077 2692 
2137 1647 2913 1138 
2138 1370 2736 1785 
2139 1958 2426 2425 
2140 2589 3223 1945 
2141 1826 2156 1828 
2142 2549 2655 2553 
2143 2507 2512 2505 
2144 1338 2658 1617 
2145 2647 2648 2600 
2146 914 2662 1036 
2147 1680 2772 2035 
2148 875 1789 1012 
2149 1991 2331 1992 
2150 1402 1822 1400 
2151 1099 2729 2728 
2152 228 2550 2549 
2153 398 2686 369 
2154 195 2551 228 
2155 1397 1398 1396 
2156 1203 2733 1439 
2157 1598 2760 1971 
2158 598 2647 717 
2159 66 2484 65 
2160 1399 1400 1398 
2161 792 2848 1810 
2162 2403 2404 2402 
2163 349 1407 424 
2164 2068 3477 3295 
2165 1401 1402 1400 
2166 1001 2465 997 
2167 859 2908 948 
2168 627 2973 2819 
2169 1594 1908 1654 
2170 159 2714 281 
2171 2809 3736 1160 
2172 3133 3538 498 
2173 988 989 987 
2174 2351 2352 2350 
2175 1398 1824 1396 
2176 432 2654 498 
2177 1790 1793 1792 
2178 892 2610 721 
2179 1801 2422 1800 
2180 1581 2786 1964 
2181 359 2836 1427 
2182 1187 1408 918 
2183 61 2592 1058 
2184 1772 2483 1980 
2185 1634 1991 1635 
2186 20 2424 19 
2187 1540 2567 1825 
2188 2234 2235 2233 
2189 102 227 101 
2190 195 228 194 
2191 721 2610 723 
2192 2229 2289 1947 
2193 2104 2105 2103 
2194 617 2793 2792 
2195 193 1086 192 
2196 1442 2708 1690 
2197 426 704 428 
2198 191 336 190 
2199 1741 2593 1628 
2200 1403 1677 1402 
2201 1087 2604 103 
2202 1769 2622 1951 
2203 2351 2566 2352 
2204 2132 2391 1741 
2205 189 1088 188 
2206 1784 2471 2169 
2207 2509 2514 1593 
2208 187 290 186 
2209 1961 2618 1760 
2210 2305 3518 337 
2211 1307 3628 2453 
2212 2117 2464 1988 
2213 2775 2776 1102 
2214 225 2615 2614 
2215 1531 1769 1768 
2216 2272 2273 2235 
2217 1697 2731 1696 
2218 1342 1531 1388 
2219 938 2771 940 
2220 1053 2598 48 
2221 1178 2786 1581 
2222 2387 2388 1548 
2223 1411 1413 1412 
2224 1793 1795 1794 
2225 1629 2589 1410 
2226 2708 2711 2709 
2227 2258 2532 2256 
2228 1273 1542 1540 
2229 755 897 838 
2230 2822 3409 2837 
2231 457 2804 1164 
2232 2743 2744 1813 
2233 2788 2789 1847 
2234 1781 2751 2047 
2235 1985 3030 2782 
2236 2160 2165 2161 
2237 970 2767 1675 
2238 1500 1944 1502 
2239 2437 3312 765 
2240 284 2747 138 
2241 1946 1948 1947 
2242 1893 2785 1891 
2243 930 2688 1057 
2244 1905 2001 1769 
2245 1948 2230 2229 
2246 2363 3236 2362 
2247 2675 2676 2673 
2248 1413 1644 1643 
2249 1667 2840 2071 
2250 879 2609 876 
2251 1899 2544 2540 
2252 2736 2737 1785 
2253 1774 1958 1572 
2254 1540 1541 1272 
2255 936 1273 1272 
2256 842 2796 803 
2257 96 226 95 
2258 201 225 200 
2259 803 2796 818 
2260 1781 2045 1621 
2261 1568 1771 1287 
2262 2486 2488 2487 
2263 1230 1522 1520 
2264 1067 1080 1069 
2265 1385 2629 1649 
2266 1616 2739 2738 
2267 1211 2736 1370 
2268 2568 2569 1825 
2269 931 2760 1598 
2270 1024 1277 1021 
2271 226 2694 95 
2272 1410 1966 1408 
2273 1795 1897 1796 
2274 1027 1342 1026 
2275 1958 2425 1572 
2276 885 936 935 
2277 1468 2788 1847 
2278 2105 3428 3404 
2279 2391 2593 1741 
2280 1878 2966 2909 
2281 2694 2696 94 
2282 1881 1988 1425 
2283 1398 2923 1824 
2284 2588 3527 2947 
2285 1817 2554 2114 
2286 1881 2117 1988 
2287 2517 3275 2516 
2288 67 3220 326 
2289 948 2908 2612 
2290 3387 3747 665 
2291 22 2531 21 
2292 776 849 807 
2293 1822 2923 1400 
2294 2410 2445 2406 
2295 2341 2343 2342 
2296 517 2519 1048 
2297 1861 2769 2768 
2298 1619 2639 1735 
2299 2226 2746 1801 
2300 2343 2376 2342 
2301 354 2981 2123 
2302 1784 2940 2471 
2303 916 2738 856 
2304 1420 1634 1478 
2305 2295 2742 2161 
2306 1825 1826 1541 
2307 1036 1411 1198 
2308 1796 2706 1799 
2309 1302 1396 1300 
2310 509 2671 506 
2311 735 776 740 
2312 1781 2047 2045 
2313 678 921 739 
2314 526 527 525 
2315 199 2613 1191 
2316 1125 2921 1123 
2317 1581 1621 1415 
2318 1799 2706 2309 
2319 1784 2169 2060 
2320 564 2727 705 
2321 506 2671 505 
2322 1676 2750 2749 
2323 1409 1628 1410 
2324 2393 2463 686 
2325 758 2964 937 
2326 894 3219 3185 
2327 1439 1619 1618 
2328 835 3571 2869 
2329 508 509 506 
2330 2618 3005 1763 
2331 2218 2483 1772 
2332 1663 1800 1326 
2333 860 2670 830 
2334 1649 2629 1990 
2335 2828 2829 1777 
2336 335 2741 735 
2337 1581 1781 1621 
2338 1080 1111 1081 
2339 2639 2640 1735 
2340 436 2732 1089 
2341 1187 1409 1408 
2342 2476 2478 2477 
2343 2167 2460 1657 
2344 2495 3204 1699 
2345 23 1103 22 
2346 94 2696 93 
2347 512 513 510 
2348 2832 3024 2833 
2349 990 991 989 
2350 1640 1641 1216 
2351 1619 1735 1618 
2352 410 1770 408 
2353 1546 1547 1429 
2354 1091 2683 2678 
2355 2701 3260 2901 
2356 3721 3731 2073 
2357 1847 2995 1323 
2358 1634 2429 1991 
2359 2374 2636 2635 
2360 1672 2743 1813 
2361 112 301 111 
2362 1276 2623 925 
2363 755 2684 897 
2364 1098 2702 909 
2365 1510 3377 1250 
2366 1758 1915 1898 
2367 1342 1388 1026 
2368 1615 2630 1954 
2369 2156 2643 1828 
2370 2324 2325 2323 
2371 2630 2631 1954 
2372 2656 2657 1888 
2373 459 2667 461 
2374 110 2637 1051 
2375 2782 3030 1264 
2376 2341 2342 1806 
2377 2113 3449 3416 
2378 2507 2513 2512 
2379 2752 2753 1090 
2380 925 1031 794 
2381 414 494 412 
2382 2708 2913 2711 
2383 1515 1572 1343 
2384 1643 2690 1837 
2385 1531 1768 1388 
2386 1578 1888 1580 
2387 2731 2930 2835 
2388 2100 2102 2101 
2389 1341 1605 1573 
2390 762 2980 844 
2391 1942 3013 356 
2392 93 602 92 
2393 65 1553 64 
2394 594 680 645 
2395 2255 2257 2256 
2396 114 2775 1102 
2397 592 593 591 
2398 1769 1951 1768 
2399 1722 2731 1697 
2400 2451 2454 738 
2401 2001 2622 1769 
2402 2773 2774 2772 
2403 1828 2643 2283 
2404 921 2095 739 
2405 2257 2259 2258 
2406 2052 2150 2051 
2407 723 2684 755 
2408 306 2823 303 
2409 594 595 593 
2410 1178 1581 1415 
2411 1009 1026 871 
2412 590 591 488 
2413 1054 2686 398 
2414 1360 1625 1372 
2415 1616 2738 958 
2416 1991 1992 1635 
2417 978 980 979 
2418 2322 2323 2321 
2419 2140 3717 2676 
2420 2790 2791 2638 
2421 201 2616 225 
2422 1714 3525 2300 
2423 2760 2780 1971 
2424 2259 2262 2260 
2425 1390 1392 1391 
2426 2672 2673 1625 
2427 1203 1439 1438 
2428 1439 1618 1438 
2429 2810 2811 1876 
2430 1837 2423 2147 
2431 958 2738 916 
2432 2735 3139 2657 
2433 686 2463 851 
2434 434 2732 436 
2435 528 529 527 
2436 1772 1980 1771 
2437 204 601 203 
2438 2313 3287 1105 
2439 934 2762 846 
2440 1028 1276 925 
2441 972 1194 898 
2442 1066 1070 1068 
2443 3220 3546 2172 
2444 717 2647 2600 
2445 1568 2469 1955 
2446 2664 2665 1915 
2447 1780 2374 2373 
2448 2561 2646 2645 
2449 893 925 794 
2450 1173 2841 1171 
2451 595 2883 631 
2452 2855 2856 2854 
2453 2715 2716 281 
2454 1425 2692 866 
2455 1680 2035 1678 
2456 2018 2321 2017 
2457 2486 2487 1053 
2458 1370 1525 1524 
2459 2724 3151 2722 
2460 1043 2609 879 
2461 1648 3026 3001 
2462 1717 2057 1645 
2463 2215 2731 1722 
2464 1765 2017 1764 
2465 2510 3286 2517 
2466 1446 1784 1783 
2467 2998 3070 1188 
2468 2037 2038 1843 
2469 568 2752 1090 
2470 793 794 791 
2471 2715 2717 2716 
2472 1607 1764 1605 
2473 1270 2656 1578 
2474 2017 2369 1764 
2475 2214 2215 1722 
2476 524 525 523 
2477 2045 2563 2046 
2478 1531 1905 1769 
2479 1805 1806 1619 
2480 2763 3122 2803 
2481 3078 3152 224 
2482 735 2740 776 
2483 2793 2794 2792 
2484 197 2668 1261 
2485 2679 2680 223 
2486 1634 1635 1478 
2487 562 2727 564 
2488 1094 2725 2714 
2489 1682 1683 1378 
2490 1233 3067 1085 
2491 1107 2802 164 
2492 1424 1831 1220 
2493 1340 1341 1146 
2494 1663 1801 1800 
2495 897 898 838 
2496 205 2759 2758 
2497 1148 3474 2765 
2498 1057 1528 1527 
2499 1263 2781 2153 
2500 107 307 106 
2501 104 1087 103 
2502 2299 3461 1379 
2503 442 445 444 
2504 47 1053 48 
2505 999 1002 1001 
2506 2406 2445 2408 
2507 1678 2595 1677 
2508 2340 2341 1806 
2509 1605 1780 1573 
2510 831 860 830 
2511 1123 2921 1422 
2512 1799 2309 2308 
2513 1770 2581 2580 
2514 1286 1289 1288 
2515 1111 1184 1112 
2516 1411 2734 1413 
2517 980 982 981 
2518 2103 2602 2101 
2519 62 2592 61 
2520 2374 2635 2373 
2521 153 224 152 
2522 144 223 143 
2523 2221 3430 3407 
2524 783 1297 781 
2525 1899 2538 1759 
2526 1598 1830 1829 
2527 2520 2521 1048 
2528 1810 2848 2699 
2529 2786 2787 1964 
2530 2459 3672 3296 
2531 337 2783 182 
2532 194 2548 193 
2533 1758 2664 1915 
2534 1761 2808 1762 
2535 1790 1792 1012 
2536 1858 3154 1435 
2537 861 875 860 
2538 1041 2797 2465 
2539 192 2555 191 
2540 2597 2806 2265 
2541 1397 1399 1398 
2542 190 2556 189 
2543 1423 1424 1220 
2544 1341 1573 1146 
2545 1776 1777 1424 
2546 1178 1415 1414 
2547 188 2558 187 
2548 1776 2828 1777 
2549 1091 2678 145 
2550 2455 2456 2454 
2551 1219 1220 1098 
2552 1684 2184 1904 
2553 432 498 434 
2554 1817 2114 2113 
2555 566 2752 568 
2556 1060 1787 1062 
2557 518 519 517 
2558 1214 1616 958 
2559 61 1058 60 
2560 1670 3138 2661 
2561 1302 1397 1396 
2562 90 285 89 
2563 445 2479 2476 
2564 1399 1401 1400 
2565 348 2777 2775 
2566 2753 2755 2754 
2567 1311 2672 1360 
2568 449 450 448 
2569 1888 1931 1580 
2570 1079 1084 1083 
2571 1385 1649 1584 
2572 2102 2104 2103 
2573 2522 2523 2521 
2574 1330 1332 1194 
2575 1211 1370 1369 
2576 2139 2769 1863 
2577 46 2485 47 
2578 700 2964 758 
2579 103 2604 102 
2580 2637 2790 2638 
2581 820 821 759 
2582 1282 2708 1442 
2583 789 791 787 
2584 1863 2769 1861 
2585 161 2799 1094 
2586 717 719 718 
2587 931 1598 1505 
2588 1615 1954 1751 
2589 1442 1690 1688 
2590 2851 2855 2854 
2591 2445 3519 2408 
2592 457 1164 459 
2593 156 603 155 
2594 2761 2763 2762 
2595 1524 2669 1684 
2596 742 1815 1059 
2597 1522 1786 1657 
2598 880 881 879 
2599 1756 2664 1758 
2600 1686 2779 2194 
2601 1598 1829 1505 
2602 1338 1390 1339 
2603 2856 2857 2854 
2604 1101 2736 1211 
2605 2296 3509 725 
2606 522 523 521 
2607 1774 2058 1958 
2608 2236 2238 1715 
2609 2703 2943 790 
2610 938 940 660 
2611 1496 1555 1357 
2612 2071 3118 1610 
2613 2792 2794 1096 
2614 1578 2656 1888 
2615 2666 3677 2188 
2616 1027 1343 1342 
2617 197 1261 196 
2618 954 3442 3440 
2619 1809 2234 2233 
2620 151 1092 150 
2621 635 3273 3215 
2622 2312 2664 1756 
2623 3241 3313 2037 
2624 2560 2561 704 
2625 1677 2595 2571 
2626 826 2832 868 
2627 1684 2669 2184 
2628 1116 1146 671 
2629 1766 2362 2361 
2630 1593 1594 1332 
2631 205 2758 204 
2632 1426 1881 1425 
2633 682 978 684 
2634 839 2989 1823 
2635 331 1779 333 
2636 399 400 398 
2637 1793 1794 1792 
2638 564 705 566 
2639 199 1191 198 
2640 64 2587 63 
2641 200 2613 199 
2642 2744 2745 1813 
2643 947 2887 854 
2644 1009 1027 1026 
2645 1401 1403 1402 
2646 1515 1774 1572 
2647 223 2681 143 
2648 1570 1961 1760 
2649 949 2733 1203 
2650 795 1178 811 
2651 110 1051 109 
2652 99 582 98 
2653 1964 2751 1781 
2654 207 277 206 
2655 2502 2503 2501 
2656 930 1057 1056 
2657 1824 2607 2606 
2658 1006 1098 909 
2659 1672 1813 1530 
2660 159 281 158 
2661 781 2810 730 
2662 2761 2762 934 
2663 1674 2743 1672 
2664 1755 1983 1644 
2665 2731 2835 1696 
2666 1002 1019 1018 
2667 1396 2606 1300 
2668 1370 1524 1369 
2669 357 2823 306 
2670 1366 1817 1692 
2671 288 2958 283 
2672 1072 1074 1073 
2673 139 284 138 
2674 455 2804 457 
2675 2656 2735 2657 
2676 701 1100 651 
2677 1759 1941 1757 
2678 970 1406 968 
2679 1411 1412 1198 
2680 1754 2312 1756 
2681 1686 2194 2193 
2682 12 2792 1096 
2683 2324 2326 2325 
2684 1094 2714 160 
2685 2538 3209 2541 
2686 2488 2491 2489 
2687 1177 2841 1173 
2688 520 521 519 
2689 185 1284 184 
2690 1370 1785 1525 
2691 1770 2950 2581 
2692 883 2936 881 
2693 2542 2543 2539 
2694 818 2796 1101 
2695 1278 2630 1615 
2696 436 1089 438 
2697 1167 3297 2331 
2698 335 735 340 
2699 1759 2538 1941 
2700 430 2654 432 
2701 760 2786 795 
2702 1223 1224 1039 
2703 2256 2785 1893 
2704 3057 3530 1436 
2705 1908 2700 1654 
2706 2607 3255 2838 
2707 2322 2324 2323 
2708 2709 2710 1690 
2709 2601 2818 1829 
2710 111 2637 110 
2711 2238 2813 1715 
2712 1347 1348 1308 
2713 127 2863 1017 
2714 447 448 446 
2715 560 1099 562 
2716 1988 2692 1425 
2717 504 506 505 
2718 968 2761 934 
2719 2184 2277 1904 
2720 1470 2788 1468 
2721 149 341 148 
2722 1061 1386 827 
2723 114 1102 113 
2724 1203 1438 1204 
2725 70 665 69 
2726 495 504 503 
2727 1360 2672 1625 
2728 2863 2864 1017 
2729 829 830 822 
2730 1403 1678 1677 
2731 1341 1607 1605 
2732 2044 2788 1470 
2733 862 2688 930 
2734 1839 2772 1680 
2735 1070 1072 1071 
2736 948 2733 949 
2737 2014 2871 1129 
2738 970 1675 1406 
2739 2862 2864 2863 
2740 1572 2537 1343 
2741 1413 1643 1412 
2742 1074 1076 1075 
2743 1795 1796 1794 
2744 1755 2764 1983 
2745 1544 1545 1513 
2746 719 721 720 
2747 668 3611 2746 
2748 137 2747 1221 
2749 2234 2272 2235 
2750 281 2718 158 
2751 1944 2693 1502 
2752 354 2123 2122 
2753 1521 1730 1231 
2754 2018 2322 2321 
2755 414 495 494 
2756 964 2586 965 
2757 1765 2018 2017 
2758 2364 2367 2365 
2759 2471 2812 2472 
2760 2261 2532 2258 
2761 859 948 902 
2762 597 2917 548 
2763 1700 1969 1375 
2764 2056 3648 3566 
2765 1439 1805 1619 
2766 1959 3131 1248 
2767 1607 1765 1764 
2768 1263 2153 2152 
2769 1784 2060 1783 
2770 2852 2859 2858 
2771 1197 2781 1263 
2772 841 3022 1151 
2773 146 1091 145 
2774 568 1090 570 
2775 992 993 991 
2776 1485 2900 1887 
2777 1406 2761 968 
2778 982 1444 983 
2779 366 2927 368 
2780 2430 3726 1821 
2781 795 2786 1178 
2782 359 1427 357 
2783 657 678 658 
2784 451 452 450 
2785 675 726 691 
2786 2851 2854 2853 
2787 1558 2241 1564 
2788 702 2836 361 
2789 2851 2853 2852 
2790 1360 1372 1361 
2791 1427 2823 357 
2792 508 510 509 
2793 2844 2845 649 
2794 1418 2887 947 
2795 868 2832 952 
2796 1743 2840 1667 
2797 560 2730 1099 
2798 1272 3091 935 
2799 1317 3371 2705 
2800 904 1788 960 
2801 145 2678 144 
2802 2832 2833 1493 
2803 1170 2771 938 
2804 2538 2541 1941 
2805 887 2933 899 
2806 1038 1381 1040 
2807 2434 3070 2998 
2808 949 1203 977 
2809 789 793 791 
2810 1116 1340 1146 
2811 1563 3145 2021 
2812 893 1028 925 
2813 806 2760 931 
2814 2045 2046 1621 
2815 141 1499 140 
2816 882 883 881 
2817 1468 1847 1323 
2818 793 893 794 
2819 2491 2495 2492 
2820 1945 1946 1542 
2821 1084 1232 1085 
2822 1024 1278 1277 
2823 14 617 13 
2824 514 516 515 
2825 1028 1357 1276 
2826 2612 2908 1972 
2827 164 2802 163 
2828 401 402 400 
2829 87 1144 86 
2830 1423 1776 1424 
2831 331 3044 1779 
2832 1219 1423 1220 
2833 2588 2947 1897 
2834 1761 1762 1571 
2835 1504 2839 1932 
2836 594 645 595 
2837 2763 2803 2762 
2838 572 725 585 
2839 2890 2891 2047 
2840 2858 2859 478 
2841 1859 3683 2074 
2842 878 879 876 
2843 1174 2940 1446 
2844 2830 2831 1664 
2845 1966 2663 2628 
2846 1220 2701 1098 
2847 1232 1285 1233 
2848 639 1202 693 
2849 1006 1219 1098 
2850 1101 2796 2736 
2851 95 2694 94 
2852 198 2668 197 
2853 2138 2139 1863 
2854 1951 2815 2814 
2855 3305 3668 1373 
2856 1225 1546 1429 
2857 617 2792 13 
2858 2298 2602 2103 
2859 1780 2373 1968 
2860 1076 1078 1077 
2861 570 2757 572 
2862 1297 2810 781 
2863 678 739 679 
2864 206 2759 205 
2865 338 2800 2799 
2866 1314 1871 1177 
2867 598 717 643 
2868 1712 3299 1482 
2869 1618 2827 1816 
2870 1683 2632 2631 
2871 1533 2902 1534 
2872 1206 1310 1268 
2873 1041 2465 1001 
2874 2030 2778 2032 
2875 161 1094 160 
2876 2231 2232 1808 
2877 512 514 513 
2878 1805 2340 1806 
2879 749 1523 823 
2880 721 723 722 
2881 2857 2946 2854 
2882 1649 1882 1650 
2883 183 337 182 
2884 1099 2730 2729 
2885 931 1505 932 
2886 2850 2855 2851 
2887 1311 1360 1359 
2888 209 1093 208 
2889 1764 2691 1605 
2890 363 702 361 
2891 181 2783 1097 
2892 348 2775 115 
2893 1830 3733 2294 
2894 1420 2698 1634 
2895 1067 1069 1065 
2896 952 1493 1013 
2897 590 2364 1387 
2898 2049 3111 1498 
2899 1630 1741 1628 
2900 160 2714 159 
2901 884 885 883 
2902 1184 1186 1185 
2903 179 2824 542 
2904 629 657 648 
2905 445 446 444 
2906 1598 1971 1830 
2907 1363 1558 1557 
2908 1258 3050 1834 
2909 974 1425 866 
2910 1408 2628 918 
2911 1127 2942 2014 
2912 1976 2828 1776 
2913 1140 2913 1282 
2914 1578 1580 1579 
2915 138 2747 137 
2916 307 3660 3193 
2917 1451 3021 380 
2918 776 807 740 
2919 501 1440 549 
2920 1871 2841 1177 
2921 1026 2896 871 
2922 1341 2911 1607 
2923 1178 1414 811 
2924 952 2832 1493 
2925 1355 2830 1664 
2926 1665 2044 1470 
2927 2382 2906 2381 
2928 1826 1828 1827 
2929 338 2799 162 
2930 2053 2054 1042 
2931 361 2836 359 
2932 919 1187 918 
2933 2008 2132 1741 
2934 1969 2922 2921 
2935 2850 2851 1108 
2936 1881 2768 2223 
2937 128 2863 127 
2938 1900 3073 1536 
2939 72 1095 71 
2940 1504 1932 1476 
2941 115 2775 114 
2942 2859 2860 478 
2943 1646 2052 2051 
2944 1813 2767 1530 
2945 815 2962 2908 
2946 2751 2890 2047 
2947 137 1221 136 
2948 403 404 402 
2949 1505 2818 1937 
2950 2851 2852 1108 
2951 1891 3129 1266 
2952 1803 2092 1743 
2953 319 2855 2850 
2954 2888 3060 2887 
2955 130 2858 478 
2956 1528 2779 1686 
2957 3216 3257 1990 
2958 1415 1416 1414 
2959 1700 2133 1969 
2960 2662 2978 2734 
2961 1030 1338 1334 
2962 2602 2603 2101 
2963 1524 1684 1532 
2964 1243 3108 2830 
2965 212 2826 328 
2966 994 995 993 
2967 1318 3015 556 
2968 1211 1369 1368 
2969 735 740 340 
2970 36 765 37 
2971 390 1942 356 
2972 1581 1964 1781 
2973 393 3046 1325 
2974 1101 1211 1210 
2975 1818 1858 1435 
2976 2701 2702 1098 
2977 511 3534 3352 
2978 181 1097 180 
2979 2504 2505 2503 
2980 338 2801 2800 
2981 2640 2641 1735 
2982 1546 1715 1547 
2983 1881 2223 2117 
2984 1420 1478 1477 
2985 1659 1660 1418 
2986 988 990 989 
2987 2012 3161 1857 
2988 1097 2824 180 
2989 2864 2866 2865 
2990 2716 2719 2718 
2991 373 398 369 
2992 1817 2113 1692 
2993 1270 1578 1577 
2994 182 2783 181 
2995 367 1804 365 
2996 214 1379 213 
2997 2092 2840 1743 
2998 2864 2865 1017 
2999 967 968 934 
3000 162 2799 161 
3001 806 931 891 
3002 606 2872 118 
3003 1534 2902 1538 
3004 1618 1816 1438 
3005 1978 3183 1395 
3006 1771 3067 1287 
3007 969 970 968 
3008 1289 1291 1290 
3009 1528 1686 1527 
3010 405 406 404 
3011 1022 1420 1419 
3012 753 2760 806 
3013 453 455 454 
3014 78 2847 834 
3015 129 2861 128 
3016 662 706 698 
3017 1985 2782 2096 
3018 1604 3729 2866 
3019 732 2935 689 
3020 1327 1663 1326 
3021 1894 3313 3241 
3022 1375 2921 1125 
3023 1733 1970 1734 
3024 1673 1674 1672 
3025 1379 2826 213 
3026 1655 2063 1656 
3027 733 800 771 
3028 1748 2886 2868 
3029 1502 2693 1707 
3030 2126 2226 1801 
3031 118 2872 117 
3032 1671 1672 1530 
3033 1485 1887 1487 
3034 1614 2086 2085 
3035 2921 2922 1422 
3036 1607 2911 1917 
3037 1239 1326 1190 
3038 1135 2884 1489 
3039 1331 2502 2501 
3040 1230 3075 1522 
3041 1057 1527 1056 
3042 2753 2754 1090 
3043 2860 2862 2861 
3044 764 964 853 
3045 2052 2332 2150 
3046 1129 2871 1131 
3047 674 1876 642 
3048 948 949 902 
3049 900 918 888 
3050 1831 2701 1220 
3051 1690 2712 1688 
3052 295 2899 293 
3053 163 338 162 
3054 2504 3037 2506 
3055 12 1096 11 
3056 1696 2926 1329 
3057 579 2846 80 
3058 1563 2021 2020 
3059 1426 2768 1881 
3060 407 408 406 
3061 1392 1567 1566 
3062 1839 2773 2772 
3063 2458 3680 2416 
3064 1019 3075 1018 
3065 1080 1081 1069 
3066 131 2858 130 
3067 890 2924 805 
3068 642 2917 597 
3069 792 1810 869 
3070 28 2844 649 
3071 1538 1733 1732 
3072 2099 2100 1706 
3073 801 842 803 
3074 2515 3304 2514 
3075 631 2883 1670 
3076 1824 2606 1396 
3077 13 2792 12 
3078 2440 3212 3192 
3079 1127 2014 1129 
3080 1134 1197 1196 
3081 1715 2813 1547 
3082 1587 1588 1586 
3083 818 1101 912 
3084 1811 2770 2438 
3085 897 3096 972 
3086 820 822 821 
3087 116 348 115 
3088 1684 1904 1719 
3089 1204 2784 1206 
3090 2594 3322 1949 
3091 1450 3141 3106 
3092 1828 2283 2282 
3093 1155 3150 1280 
3094 2261 2820 2532 
3095 1660 2888 2887 
3096 2267 3702 664 
3097 2876 2877 1016 
3098 59 392 58 
3099 1654 2700 1975 
3100 1096 2842 11 
3101 2861 2863 128 
3102 2846 2847 79 
3103 179 542 178 
3104 1163 3081 474 
3105 25 352 24 
3106 899 2933 1010 
3107 10 2842 1960 
3108 1736 2049 1498 
3109 2425 2537 1572 
3110 1529 1530 971 
3111 1700 2843 2133 
3112 2396 3165 3072 
3113 780 781 730 
3114 735 2741 2740 
3115 81 579 80 
3116 49 1747 50 
3117 870 871 804 
3118 453 454 452 
3119 125 2886 1748 
3120 80 2846 79 
3121 933 934 846 
3122 216 580 215 
3123 2369 2691 1764 
3124 1489 2884 1727 
3125 1299 1300 1241 
3126 28 649 27 
3127 1723 2214 1722 
3128 319 2850 133 
3129 121 2849 1106 
3130 1667 2071 1610 
3131 167 2875 479 
3132 1203 1204 977 
3133 2755 2756 2754 
3134 1186 1216 1215 
3135 180 2824 179 
3136 165 1107 164 
3137 168 2875 167 
3138 34 1373 35 
3139 1243 2830 1355 
3140 831 861 860 
3141 83 1105 82 
3142 1131 2871 1134 
3143 2865 2886 1017 
3144 2546 3286 2545 
3145 2263 3555 2419 
3146 1240 1241 850 
3147 3072 3165 2670 
3148 30 2874 1104 
3149 723 755 724 
3150 1601 1714 1588 
3151 382 1451 380 
3152 1774 2889 2058 
3153 1131 1134 1133 
3154 2789 3117 2996 
3155 1010 1655 1344 
3156 1007 1009 871 
3157 79 2847 78 
3158 31 2874 30 
3159 2198 2296 2197 
3160 85 320 84 
3161 368 2927 371 
3162 2506 2507 2505 
3163 1104 2844 29 
3164 213 2826 212 
3165 1492 1515 1343 
3166 174 1745 173 
3167 119 606 118 
3168 1746 2849 122 
3169 670 671 627 
3170 1660 2887 1418 
3171 2868 2886 2865 
3172 768 2925 845 
3173 1146 2973 671 
3174 29 2844 28 
3175 123 1746 122 
3176 212 328 211 
3177 134 319 133 
3178 349 424 423 
3179 2866 2867 2865 
3180 279 848 282 
3181 424 426 425 
3182 829 831 830 
3183 559 1318 556 
3184 132 2850 1108 
3185 176 857 175 
3186 974 1426 1425 
3187 2404 2406 2405 
3188 395 804 386 
3189 1558 1564 1557 
3190 121 1106 120 
3191 2860 2861 478 
3192 2029 3113 3085 
3193 1111 1112 1081 
3194 1136 2984 1913 
3195 1523 2834 823 
3196 133 2850 132 
3197 2867 2870 2869 
3198 1505 1937 932 
3199 1727 1935 1934 
3200 132 1108 131 
3201 1709 2839 1504 
3202 1780 1968 1573 
3203 861 876 875 
3204 1890 1891 1266 
3205 122 2849 121 
3206 2908 2962 1972 
3207 1641 1843 1842 
3208 1258 1834 1589 
3209 1705 1706 1430 
3210 834 2873 77 
3211 1585 1586 1545 
3212 1882 1884 1883 
3213 1809 3005 2234 
3214 30 1104 29 
3215 1355 1664 1533 
3216 78 834 77 
3217 2488 2489 2487 
3218 1596 1696 1329 
3219 219 835 218 
3220 478 2861 129 
3221 782 783 781 
3222 11 2842 10 
3223 76 2873 1749 
3224 1666 1900 1536 
3225 1857 3098 1855 
3226 77 2873 76 
3227 1301 1302 1300 
3228 167 479 166 
3229 170 2876 1016 
3230 130 478 129 
3231 1360 1361 1359 
3232 170 1016 169 
3233 127 1017 126 
3234 171 2876 170 
3235 1832 1849 1340 
3236 76 1749 75 
3237 2200 2265 1922 
3238 125 1748 124 
3239 1721 1722 1697 
3240 2453 3725 1307 
3241 1935 1985 1984 
3242 1310 1311 1268 
3243 56 672 55 
3244 1932 2982 1476 
3245 293 2958 288 
3246 3206 3789 2195 
3247 55 2879 54 
3248 1197 1263 1262 
3249 371 1119 374 
3250 703 1116 671 
3251 672 2879 55 
3252 1623 1978 1395 
3253 532 2704 530 
3254 54 1109 53 
3255 393 1325 418 
3256 10 1960 9 
3257 2882 3172 2881 
3258 126 2886 125 
3259 812 2962 815 
3260 3192 3212 1393 
3261 1434 2892 1662 
3262 786 787 785 
3263 1376 1563 1562 
3264 2551 2552 2550 
3265 784 785 783 
3266 931 932 891 
3267 2676 3692 2140 
3268 626 627 589 
3269 1647 2964 2914 
3270 54 2879 1109 
3271 1263 2152 1539 
3272 1066 3051 1070 
3273 2862 2863 2861 
3274 163 2802 338 
3275 1833 2960 1488 
3276 1768 1962 1388 
3277 1829 2818 1505 
3278 788 789 787 
3279 1421 1496 1357 
3280 683 685 681 
3281 908 909 907 
3282 1778 1976 1776 
3283 1855 2974 1320 
3284 1394 1395 1192 
3285 1727 2884 1935 
3286 2138 2666 2139 
3287 1518 1855 1320 
3288 1376 2970 1563 
3289 2764 2765 1983 
3290 910 1006 909 
3291 1136 1913 1354 
3292 480 1163 474 
3293 1951 2814 1768 
3294 1892 1893 1891 
3295 2196 2197 1873 
3296 878 880 879 
3297 2032 2221 2220 
3298 2716 2718 281 
3299 717 718 643 
3300 2281 3408 3215 
3301 843 2899 295 
3302 2373 2726 1968 
3303 1923 1924 1592 
3304 2722 3151 603 
3305 1869 1870 772 
3306 1017 2886 126 
3307 2745 2767 1813 
3308 1524 1532 1369 
3309 2127 2285 1976 
3310 1952 1953 1496 
3311 1182 2013 1033 
3312 939 3038 1170 
3313 1108 2858 131 
3314 2496 2497 1953 
3315 1213 1214 958 
3316 704 2644 428 
3317 1985 2096 1986 
3318 1364 2894 1920 
3319 1725 1833 1488 
3320 1364 1920 1236 
3321 1551 1959 1248 
3322 1457 2023 1459 
3323 2197 2954 1873 
3324 2732 3539 1089 
3325 772 2935 732 
3326 1849 2911 1340 
3327 1485 1487 1486 
3328 2852 2858 1108 
3329 996 997 995 
3330 1322 1485 1484 
3331 906 907 837 
3332 486 3088 2787 
3333 2867 2869 2868 
3334 2867 2868 2865 
3335 1252 2952 1465 
3336 1033 2924 890 
3337 2607 2838 2642 
3338 2852 3062 2859 
3339 2269 2270 1738 
3340 719 720 718 
3341 933 967 934 
3342 631 1670 694 
3343 967 969 968 
3344 1643 1837 1836 
3345 957 958 916 
3346 1935 1984 1934 
3347 426 428 427 
3348 2406 2408 2407 
3349 657 658 648 
3350 2109 2311 2310 
3351 1634 2698 2429 
3352 927 1622 1162 
3353 1140 1282 1281 
3354 969 971 970 
3355 1079 3087 1084 
3356 2607 2642 2606 
3357 1412 2988 1198 
3358 2868 2905 1748 
3359 634 635 586 
3360 2030 2032 2031 
3361 2447 2448 2104 
3362 1652 1840 1279 
3363 1326 2998 1190 
3364 1123 1422 1121 
3365 1036 1198 1037 
3366 1211 1368 1210 
3367 1335 2136 1214 
3368 1985 1986 1984 
3369 1134 1196 1133 
3370 1673 1967 1674 
3371 316 734 318 
3372 312 1145 314 
3373 2695 3159 2694 
3374 1465 1700 1375 
3375 1578 1579 1577 
3376 1446 1783 1447 
3377 2622 3340 1113 
3378 1538 2902 1733 
3379 1671 1673 1672 
3380 2709 2897 2710 
3381 376 2945 2730 
3382 373 399 398 
3383 390 1943 1942 
3384 1101 1210 912 
3385 1591 1592 1312 
3386 1803 2213 2092 
3387 1837 2147 2043 
3388 1487 1685 1603 
3389 845 2925 927 
3390 1931 2766 1580 
3391 1400 2923 1398 
3392 1644 2690 1643 
3393 678 679 658 
3394 1966 2628 1408 
3395 1707 1965 1708 
3396 2253 2255 1893 
3397 2086 2087 2085 
3398 3672 3693 1552 
3399 990 992 991 
3400 800 801 771 
3401 2194 3788 2348 
3402 1381 3027 1040 
3403 409 410 408 
3404 880 882 881 
3405 1282 2913 2708 
3406 1529 1671 1530 
3407 2848 3190 2699 
3408 1702 2109 2108 
3409 1940 2093 1858 
3410 1580 1703 1579 
3411 1442 1688 1443 
3412 937 2964 1647 
3413 1434 1662 1661 
3414 1929 2142 1930 
3415 1688 1929 1689 
3416 1489 1727 1726 
3417 502 1271 499 
3418 2680 2681 223 
3419 1856 1857 1855 
3420 1282 1442 1283 
3421 1444 2881 983 
3422 1946 1949 1948 
3423 2186 2375 1744 
3424 484 1868 482 
3425 1273 1945 1542 
3426 755 838 756 
3427 3089 3186 757 
3428 937 1647 1138 
3429 1471 2982 1665 
3430 1580 2766 1703 
3431 2719 2720 2718 
3432 1814 3311 2482 
3433 1977 2019 1712 
3434 1409 1630 1628 
3435 2143 2166 2145 
3436 496 677 490 
3437 2830 2912 2831 
3438 1472 2034 1474 
3439 823 2834 920 
3440 3518 3674 2783 
3441 1685 2185 1744 
3442 839 1823 1172 
3443 2130 2131 2129 
3444 2418 3067 1771 
3445 2897 3359 2898 
3446 760 795 761 
3447 2093 2880 1858 
3448 795 811 796 
3449 1487 1603 1486 
3450 1340 2911 1341 
3451 338 2802 2801 
3452 2026 2030 2028 
3453 1197 1262 1196 
3454 1449 1878 1729 
3455 1727 1934 1933 
3456 291 349 297 
3457 1878 2328 1879 
3458 2215 2930 2731 
3459 2200 2266 2265 
3460 1212 3066 2979 
3461 1199 1481 1254 
3462 2011 2012 1857 
3463 1252 1375 1125 
3464 1151 3022 1432 
3465 1796 1799 1798 
3466 1322 2900 1485 
3467 1920 2932 1236 
3468 998 999 997 
3469 1432 2892 1434 
3470 1969 2921 1375 
3471 935 2936 883 
3472 1679 1680 1678 
3473 1684 1719 1532 
3474 2739 2931 2738 
3475 1868 3104 482 
3476 516 518 517 
3477 1934 1936 1933 
3478 1485 1486 1484 
3479 1454 1455 1180 
3480 2107 2110 1701 
3481 1992 2120 1635 
3482 2511 3037 2504 
3483 2491 2492 2489 
3484 3185 3219 2657 
3485 399 401 400 
3486 2185 2186 1744 
3487 554 760 616 
3488 1876 2917 642 
3489 60 3016 59 
3490 1174 1446 1176 
3491 1422 2928 1121 
3492 609 1886 624 
3493 985 988 987 
3494 1970 2042 1734 
3495 1606 2007 2006 
3496 1711 1712 1482 
3497 1768 2814 1962 
3498 2523 2526 2524 
3499 1685 1744 1603 
3500 914 1036 1035 
3501 428 430 429 
3502 688 753 752 
3503 1836 2988 1412 
3504 2869 2905 2868 
3505 2701 2901 2702 
3506 1603 1604 1486 
3507 1733 1734 1732 
3508 1826 1827 1541 
3509 1649 1650 1584 
3510 1465 2952 1702 
3511 1631 1851 1382 
3512 228 2551 2550 
3513 1124 1127 1126 
3514 225 2616 2615 
3515 1937 2202 1938 
3516 807 862 847 
3517 721 722 720 
3518 1438 2784 1204 
3519 859 902 901 
3520 1799 2308 2290 
3521 815 859 858 
3522 2234 3005 2397 
3523 1116 1832 1340 
3524 1663 2126 1801 
3525 1725 2910 1833 
3526 3106 3141 1995 
3527 2565 2566 2351 
3528 645 2883 595 
3529 300 843 295 
3530 2152 2154 1539 
3531 1225 3027 1546 
3532 476 1845 416 
3533 964 965 853 
3534 1020 1021 1019 
3535 1727 1933 1726 
3536 1371 1639 1638 
3537 325 331 330 
3538 1006 1256 1219 
3539 1263 1539 1262 
3540 949 977 976 
3541 1948 2903 2230 
3542 391 1117 397 
3543 812 815 814 
3544 1345 2957 1346 
3545 1622 2900 1162 
3546 830 3165 822 
3547 1321 2918 1161 
3548 344 2948 342 
3549 1184 1185 1112 
3550 1420 1477 1419 
3551 1378 2630 1278 
3552 1239 1327 1326 
3553 3170 3240 1981 
3554 1835 2091 2090 
3555 560 562 561 
3556 1446 2940 1784 
3557 309 3765 2333 
3558 1909 1928 1565 
3559 1701 2843 1700 
3560 3085 3113 1461 
3561 950 954 867 
3562 1090 2757 570 
3563 1861 2768 1426 
3564 422 493 492 
3565 2311 2313 2310 
3566 2502 2504 2503 
3567 723 724 722 
3568 1607 1917 1765 
3569 1394 1623 1395 
3570 626 670 627 
3571 1010 2933 1655 
3572 2854 2946 2853 
3573 2110 2843 1701 
3574 378 560 388 
3575 604 620 619 
3576 768 769 713 
3577 1013 1669 1014 
3578 1503 1504 1476 
3579 753 806 805 
3580 1366 1692 1367 
3581 1483 1514 1321 
3582 1651 1709 1504 
3583 1913 2916 1354 
3584 371 2927 1119 
3585 1681 1839 1680 
3586 868 952 951 
3587 1475 1476 1473 
3588 1630 2008 1741 
3589 1324 1468 1323 
3590 670 703 671 
3591 1423 1778 1776 
3592 1472 3017 2034 
3593 1032 1309 1181 
3594 1594 1654 1636 
3595 1735 2827 1618 
3596 1120 1996 1122 
3597 1322 1484 1483 
3598 1291 1293 1292 
3599 2249 2564 1782 
3600 1469 1470 1468 
3601 1565 2957 1345 
3602 1935 3030 1985 
3603 1910 2130 2129 
3604 2202 2204 2203 
3605 1131 1133 1132 
3606 882 884 883 
3607 1135 1488 1132 
3608 2082 2264 2081 
3609 1179 2015 1453 
3610 1532 2959 1369 
3611 1162 1322 1321 
3612 1484 1543 1483 
3613 562 564 563 
3614 1489 1726 1725 
3615 1721 1723 1722 
3616 1606 2005 1182 
3617 780 782 781 
3618 793 1582 893 
3619 1726 1989 1725 
3620 1127 1129 1128 
3621 816 1323 813 
3622 1027 1492 1343 
3623 1515 1775 1774 
3624 1878 2909 2328 
3625 2814 2816 1962 
3626 919 1188 1187 
3627 2007 2299 2006 
3628 1471 1665 1470 
3629 884 886 885 
3630 845 846 769 
3631 355 356 351 
3632 762 844 840 
3633 1522 3075 2292 
3634 1204 1206 1205 
3635 862 930 863 
3636 1478 1479 1477 
3637 1489 1725 1488 
3638 952 1013 953 
3639 1129 1131 1130 
3640 1870 2935 772 
3641 908 910 909 
3642 806 891 890 
3643 2013 2924 1033 
3644 815 2908 859 
3645 343 1633 345 
3646 930 1056 1055 
3647 1860 1861 1426 
3648 2979 3066 1852 
3649 2661 3488 2659 
3650 395 870 804 
3651 900 919 918 
3652 1623 1979 1978 
3653 1028 1421 1357 
3654 775 1152 746 
3655 401 403 402 
3656 975 1228 1227 
3657 2737 3731 3721 
3658 1666 2112 1900 
3659 1302 1508 1397 
3660 778 895 833 
3661 1162 2900 1322 
3662 1596 1697 1696 
3663 946 1366 1218 
3664 1869 2170 1870 
3665 1032 2951 1309 
3666 551 2904 612 
3667 784 786 785 
3668 786 788 787 
3669 354 2122 1854 
3670 927 1162 1161 
3671 1574 3261 1184 
3672 3139 3185 2657 
3673 1606 2006 2005 
3674 1363 1557 1556 
3675 782 784 783 
3676 2705 3371 2626 
3677 1361 1363 1362 
3678 1832 1963 1849 
3679 926 933 846 
3680 2109 2310 2108 
3681 310 357 306 
3682 1135 1489 1488 
3683 2205 2209 2207 
3684 1654 1975 1973 
3685 1181 1182 1033 
3686 391 3020 1117 
3687 939 1170 938 
3688 2981 3103 2123 
3689 507 508 506 
3690 1904 2956 1719 
3691 870 1007 871 
3692 331 333 332 
3693 612 653 652 
3694 906 908 907 
3695 2080 2082 2081 
3696 1311 1359 1358 
3697 1517 1866 1569 
3698 1135 2949 2884 
3699 2841 3186 3089 
3700 411 412 410 
3701 1486 2907 1484 
3702 621 622 610 
3703 546 547 489 
3704 1133 1135 1132 
3705 2897 2898 2710 
3706 1206 1268 1267 
3707 823 920 824 
3708 788 790 789 
3709 659 660 635 
3710 1516 1529 971 
3711 1502 1707 1627 
3712 845 927 926 
3713 1007 1265 1009 
3714 1295 1305 1296 
3715 1181 1606 1182 
3716 1968 2973 1573 
3717 1322 1483 1321 
3718 944 945 942 
3719 749 823 750 
3720 2303 2304 1895 
3721 322 3044 325 
3722 1158 1500 1274 
3723 1518 1856 1855 
3724 1237 1450 1365 
3725 1655 1656 1344 
3726 564 566 565 
3727 2561 2645 2644 
3728 1186 3261 1640 
3729 753 805 752 
3730 1500 1502 1501 
3731 1473 2982 1471 
3732 1131 1132 1130 
3733 1162 1321 1161 
3734 727 938 660 
3735 927 2925 1622 
3736 2063 2064 1656 
3737 2164 3157 2162 
3738 1614 3106 2086 
3739 1838 2236 1715 
3740 2154 2155 1539 
3741 1778 2127 1976 
3742 1514 2918 1321 
3743 865 866 810 
3744 1739 2293 2271 
3745 700 701 651 
3746 1457 3040 2023 
3747 941 1648 943 
3748 1389 2894 1364 
3749 1450 1614 1613 
3750 650 651 611 
3751 1015 1852 1245 
3752 1937 1938 932 
3753 933 1304 967 
3754 350 354 353 
3755 1484 2907 1543 
3756 1612 1997 1875 
3757 1480 1482 1229 
3758 691 749 692 
3759 2080 2081 1569 
3760 819 820 759 
3761 1421 1952 1496 
3762 2154 2250 2155 
3763 1023 1024 1021 
3764 1252 1465 1375 
3765 2949 3030 2884 
3766 1847 2996 2995 
3767 1808 2808 1761 
3768 758 759 701 
3769 1399 1494 1401 
3770 1604 2907 1486 
3771 421 1141 396 
3772 1686 2193 1919 
3773 1609 1624 1353 
3774 2587 3047 304 
3775 389 390 356 
3776 1952 2496 1953 
3777 1262 1264 1196 
3778 3037 3127 2506 
3779 1465 1701 1700 
3780 1405 1512 1511 
3781 1561 1927 1926 
3782 1293 1295 1294 
3783 536 2704 532 
3784 1652 1841 1840 
3785 1388 2896 1026 
3786 2250 2251 2155 
3787 511 512 510 
3788 2710 2712 1690 
3789 1240 1299 1241 
3790 1316 1378 1278 
3791 1070 3051 1247 
3792 403 405 404 
3793 1975 2281 2280 
3794 2076 2121 2077 
3795 845 926 846 
3796 1614 2085 2083 
3797 1549 1550 1011 
3798 358 359 357 
3799 801 803 802 
3800 768 845 769 
3801 1345 1346 1226 
3802 417 928 477 
3803 410 2950 1770 
3804 566 568 567 
3805 1032 1033 890 
3806 803 818 817 
3807 1982 2200 1922 
3808 1910 2129 1909 
3809 818 912 911 
3810 412 2950 410 
3811 2506 3127 2508 
3812 675 691 676 
3813 2207 2208 2206 
3814 2441 2442 2440 
3815 1828 2282 1827 
3816 957 1213 958 
3817 413 414 412 
3818 1213 1335 1214 
3819 2107 2217 2110 
3820 405 407 406 
3821 1152 3018 746 
3822 1130 1337 1128 
3823 2270 2920 1738 
3824 1127 1128 1126 
3825 2111 2246 2011 
3826 910 2932 1006 
3827 806 890 805 
3828 1989 2910 1725 
3829 1852 2124 1853 
3830 1069 3074 1065 
3831 969 1516 971 
3832 587 637 636 
3833 1264 3030 2949 
3834 2091 2302 2090 
3835 1478 2915 1479 
3836 1775 2889 1774 
3837 1129 1130 1128 
3838 1834 1835 1589 
3839 612 2904 653 
3840 703 2928 1116 
3841 679 690 689 
3842 690 733 732 
3843 1651 1710 1709 
3844 346 1200 344 
3845 1119 2945 374 
3846 844 904 903 
3847 1638 1910 1909 
3848 973 974 866 
3849 1517 1518 1320 
3850 688 752 713 
3851 1385 1584 1583 
3852 568 570 569 
3853 1638 1909 1565 
3854 1186 1215 1185 
3855 2380 3011 1906 
3856 2166 2219 2145 
3857 1371 1638 1565 
3858 2060 2227 1783 
3859 992 994 993 
3860 2205 2206 2203 
3861 2121 2578 2077 
3862 891 1032 890 
3863 927 1161 926 
3864 407 409 408 
3865 2202 2203 1938 
3866 733 771 770 
3867 1529 1676 1671 
3868 1454 1560 1455 
3869 1299 1301 1300 
3870 1449 2966 1878 
3871 752 768 713 
3872 911 917 817 
3873 1606 2934 2007 
3874 613 1136 633 
3875 1866 2080 1569 
3876 3125 3216 1990 
3877 905 1115 1114 
3878 688 713 663 
3879 333 335 334 
3880 1416 1972 1414 
3881 1792 3072 2670 
3882 1200 2948 344 
3883 1258 1589 1319 
3884 2899 2958 293 
3885 2196 2198 2197 
3886 415 2944 417 
3887 949 976 902 
3888 1319 1320 966 
3889 1641 1842 1216 
3890 1851 2991 1382 
3891 2504 2506 2505 
3892 1685 3264 2185 
3893 681 2498 645 
3894 715 716 669 
3895 1032 1181 1033 
3896 1122 1124 1123 
3897 653 675 654 
3898 1862 1863 1861 
3899 1702 2952 2109 
3900 1673 2268 1967 
3901 2209 2392 2207 
3902 942 3038 939 
3903 1591 1923 1592 
3904 1153 1154 1152 
3905 2142 2143 1930 
3906 1122 1123 1121 
3907 1856 2011 1857 
3908 414 1118 495 
3909 555 556 487 
3910 1335 2137 2136 
3911 917 3135 3130 
3912 795 796 761 
3913 1687 2225 2224 
3914 502 1312 1271 
3915 1840 2968 1279 
3916 347 3553 2239 
3917 1136 1354 1353 
3918 811 812 796 
3919 1124 1126 1125 
3920 3476 3632 1087 
3921 1563 2020 1562 
3922 1210 1212 912 
3923 2204 2205 2203 
3924 2102 2447 2104 
3925 1949 2903 1948 
3926 1115 1270 1269 
3927 956 1258 966 
3928 1719 2116 2115 
3929 2744 3513 3507 
3930 766 809 808 
3931 1369 2959 1368 
3932 2083 2084 1613 
3933 618 668 667 
3934 656 688 663 
3935 1736 2050 2049 
3936 1597 2078 1939 
3937 1503 1651 1504 
3938 1909 2941 1928 
3939 2075 2138 1863 
3940 760 761 616 
3941 570 572 571 
3942 2554 3339 2114 
3943 1015 1192 917 
3944 2746 3611 2422 
3945 1962 2896 1388 
3946 1309 2934 1181 
3947 1929 1930 1689 
3948 2099 2533 2100 
3949 1475 1503 1476 
3950 1354 1668 1609 
3951 1688 1689 1443 
3952 154 3078 153 
3953 1816 2784 1438 
3954 1270 1577 1576 
3955 2115 2959 1532 
3956 1564 1767 1557 
3957 1856 2111 2011 
3958 335 340 339 
3959 2041 2182 2061 
3960 1371 1565 1345 
3961 1204 1205 977 
3962 2023 2024 1459 
3963 1328 1597 1595 
3964 1465 1702 1701 
3965 1980 2419 2418 
3966 1442 1443 1283 
3967 1245 1394 1192 
3968 1705 2099 1706 
3969 1885 2041 2040 
3970 859 901 858 
3971 417 2944 928 
3972 1519 1682 1378 
3973 1546 3027 1838 
3974 1818 1940 1858 
3975 1573 2973 1146 
3976 1143 1385 1384 
3977 828 829 822 
3978 1124 1125 1123 
3979 1643 1836 1412 
3980 2232 2809 2808 
3981 585 615 614 
3982 575 666 583 
3983 599 600 553 
3984 615 629 628 
3985 572 585 584 
3986 583 589 576 
3987 1282 1283 1281 
3988 1324 1469 1468 
3989 629 648 647 
3990 2221 2222 2220 
3991 1120 1121 703 
3992 1196 2949 1133 
3993 430 432 431 
3994 1702 2108 2107 
3995 1469 1471 1470 
3996 2042 2245 2244 
3997 801 802 771 
3998 1517 1569 1518 
3999 2125 2128 1853 
4000 815 858 814 
4001 1483 2937 1514 
4002 2506 2508 2507 
4003 1120 1122 1121 
4004 816 1324 1323 
4005 1503 1914 1651 
4006 1403 1679 1678 
4007 1796 1798 1794 
4008 1319 1517 1320 
4009 1609 1981 1624 
4010 1126 1252 1125 
4011 2641 2827 1735 
4012 379 380 377 
4013 2726 2819 1968 
4014 1543 2937 1483 
4015 1365 1389 1364 
4016 2205 2207 2206 
4017 1175 1177 1173 
4018 1538 1732 1731 
4019 1013 1014 953 
4020 818 911 817 
4021 1728 2022 1448 
4022 1124 2942 1127 
4023 613 626 589 
4024 1811 2438 2437 
4025 855 856 773 
4026 2711 3328 2709 
4027 1983 2690 1644 
4028 2124 2125 1853 
4029 541 1148 539 
4030 1361 1362 1359 
4031 1921 1922 1723 
4032 2369 3354 1008 
4033 803 817 802 
4034 1965 2171 1708 
4035 670 1120 703 
4036 1198 1199 1037 
4037 1996 2942 1122 
4038 385 393 387 
4039 770 772 732 
4040 779 780 730 
4041 1763 3005 1809 
4042 1903 1994 1682 
4043 1534 1538 1537 
4044 419 1846 394 
4045 1354 2916 1668 
4046 2819 2973 1968 
4047 558 559 556 
4048 462 3110 460 
4049 755 756 724 
4050 1275 1456 1139 
4051 355 389 356 
4052 1181 2934 1606 
4053 475 1336 481 
4054 1006 2932 1256 
4055 1133 2949 1135 
4056 1878 1879 1729 
4057 955 1236 910 
4058 1311 1358 1268 
4059 2038 2821 1843 
4060 2129 2941 1909 
4061 2640 3572 573 
4062 1354 1609 1353 
4063 1116 2928 1832 
4064 3307 3681 2874 
4065 2633 2634 2632 
4066 974 1860 1426 
4067 1327 2926 1663 
4068 1631 2965 1851 
4069 2487 2598 1053 
4070 1702 2107 1701 
4071 575 576 559 
4072 375 1865 372 
4073 1269 1995 1114 
4074 1084 3087 1234 
4075 560 561 388 
4076 716 3649 3601 
4077 1194 1352 898 
4078 2918 2953 1161 
4079 952 953 951 
4080 424 425 423 
4081 1450 1613 1365 
4082 1921 1982 1922 
4083 902 2972 901 
4084 2439 2440 1812 
4085 393 418 394 
4086 1446 1447 1176 
4087 1719 2115 1532 
4088 1835 2090 2089 
4089 1614 2083 1613 
4090 807 847 740 
4091 1803 2929 2213 
4092 1237 1364 1236 
4093 1464 1491 1253 
4094 911 1015 917 
4095 877 878 876 
4096 1469 1472 1471 
4097 2125 2201 2128 
4098 637 639 638 
4099 1698 1916 1491 
4100 1199 2988 1481 
4101 2149 2294 2127 
4102 729 730 674 
4103 1474 1642 1475 
4104 1928 2957 1565 
4105 1015 1245 1192 
4106 656 663 621 
4107 1843 1844 1842 
4108 790 2943 789 
4109 331 332 330 
4110 908 955 910 
4111 1036 1037 1035 
4112 2823 2971 303 
4113 634 659 635 
4114 1472 1474 1473 
4115 1394 1718 1623 
4116 2619 2620 1994 
4117 1612 1869 772 
4118 420 3380 2274 
4119 2370 2371 1926 
4120 1849 3065 2911 
4121 1227 1371 1345 
4122 562 563 561 
4123 2027 2029 2025 
4124 838 839 756 
4125 1206 1267 1205 
4126 816 1993 1324 
4127 418 486 419 
4128 1882 1883 1650 
4129 1837 2043 1836 
4130 1136 1353 633 
4131 1258 1319 966 
4132 1155 1280 1154 
4133 2083 2211 2084 
4134 1579 1918 1577 
4135 1267 1279 1205 
4136 1121 2928 703 
4137 977 2968 976 
4138 422 2961 493 
4139 1117 2961 397 
4140 2068 2069 1659 
4141 1363 1556 1362 
4142 1236 2932 910 
4143 1474 1475 1473 
4144 583 613 589 
4145 1778 2149 2127 
4146 2564 2965 1782 
4147 932 2951 891 
4148 901 1142 858 
4149 613 633 626 
4150 733 770 732 
4151 526 528 527 
4152 1313 1314 1177 
4153 2030 2031 2028 
4154 483 1050 485 
4155 486 554 487 
4156 1014 1382 953 
4157 1740 2016 1716 
4158 1417 1418 947 
4159 1641 3241 2037 
4160 1556 1738 1362 
4161 2645 3133 2654 
4162 865 973 866 
4163 690 732 689 
4164 2032 2220 2031 
4165 1692 1693 1367 
4166 1852 1853 1245 
4167 1561 1652 1279 
4168 1632 2140 647 
4169 355 391 389 
4170 1359 2920 1358 
4171 2404 2405 2402 
4172 1724 2248 1782 
4173 349 423 297 
4174 1238 1239 1190 
4175 1383 1724 1631 
4176 1927 2370 1926 
4177 307 3227 106 
4178 1189 2003 1238 
4179 628 630 614 
4180 504 507 506 
4181 905 906 837 
4182 1472 1473 1471 
4183 426 427 425 
4184 836 837 790 
4185 1901 1902 1507 
4186 1264 2949 1196 
4187 1453 1454 1180 
4188 575 583 576 
4189 823 824 750 
4190 564 565 563 
4191 1179 1180 1142 
4192 1862 2076 2075 
4193 518 520 519 
4194 2076 2077 2075 
4195 1328 1329 1327 
4196 1783 2966 1447 
4197 1237 1365 1364 
4198 2073 2190 1731 
4199 926 2953 933 
4200 1662 2056 1661 
4201 497 501 500 
4202 1658 1659 1418 
4203 2042 2244 1734 
4204 1488 2960 1132 
4205 1462 2036 2009 
4206 789 2943 793 
4207 1188 3070 1187 
4208 865 975 973 
4209 891 2951 1032 
4210 1014 1383 1382 
4211 1509 1716 1314 
4212 1739 2269 1738 
4213 679 689 658 
4214 673 674 642 
4215 749 750 692 
4216 1331 3096 2502 
4217 797 798 329 
4218 1835 2089 1589 
4219 360 361 359 
4220 994 996 995 
4221 862 863 847 
4222 1383 1631 1382 
4223 1189 1190 1188 
4224 1720 1721 1697 
4225 1329 2926 1327 
4226 1595 1596 1329 
4227 554 616 555 
4228 321 323 317 
4229 1122 2942 1124 
4230 1366 1367 1218 
4231 524 526 525 
4232 1686 1919 1527 
4233 641 642 597 
4234 391 397 396 
4235 381 1850 383 
4236 1421 2547 1952 
4237 933 2953 1304 
4238 955 1237 1236 
4239 381 382 380 
4240 397 422 421 
4241 1219 3004 1423 
4242 422 492 489 
4243 492 557 546 
4244 557 604 577 
4245 604 619 610 
4246 619 656 621 
4247 1845 2997 416 
4248 1301 2954 1302 
4249 1557 2999 1556 
4250 368 371 370 
4251 901 1179 1142 
4252 915 916 856 
4253 1040 3027 1225 
4254 261 644 263 
4255 2561 2644 704 
4256 1444 2882 2881 
4257 354 1854 353 
4258 1799 2290 1798 
4259 2509 3275 2515 
4260 1179 1453 1180 
4261 1056 1377 1055 
4262 788 836 790 
4263 770 1612 772 
4264 691 692 676 
4265 1256 3004 1219 
4266 1064 3051 1066 
4267 1721 1921 1723 
4268 460 3110 467 
4269 1635 2915 1478 
4270 1115 1269 1114 
4271 333 334 332 
4272 1537 1666 1536 
4273 826 3024 2832 
4274 1506 1507 1303 
4275 930 1055 863 
4276 1453 1848 1454 
4277 1338 1339 1334 
4278 1305 1307 1306 
4279 2234 2397 2272 
4280 566 567 565 
4281 1577 2938 1576 
4282 335 339 334 
4283 1612 1875 1869 
4284 522 524 523 
4285 2922 3068 1422 
4286 391 396 389 
4287 1679 1681 1680 
4288 812 813 796 
4289 2143 2145 2144 
4290 383 384 382 
4291 1888 3219 1931 
4292 1134 3170 1197 
4293 2441 2443 2442 
4294 1582 3007 893 
4295 814 816 813 
4296 385 386 384 
4297 387 395 386 
4298 1802 1803 1743 
4299 1724 1782 1631 
4300 1270 1576 1269 
4301 397 421 396 
4302 619 621 610 
4303 604 610 577 
4304 557 577 546 
4305 492 546 489 
4306 422 489 421 
4307 1476 2982 1473 
4308 1534 1536 1356 
4309 554 555 487 
4310 540 552 543 
4311 409 411 410 
4312 1633 3137 3103 
4313 1392 1566 1391 
4314 568 569 567 
4315 300 2971 843 
4316 1907 2770 1567 
4317 868 951 950 
4318 812 814 813 
4319 1512 1544 1513 
4320 855 1208 915 
4321 1179 2972 2015 
4322 2754 2757 1090 
4323 1161 2953 926 
4324 727 939 938 
4325 956 957 916 
4326 1458 1460 889 
4327 1719 2956 2116 
4328 2248 2249 1782 
4329 2523 2524 2521 
4330 486 487 419 
4331 555 558 556 
4332 975 1227 1226 
4333 2005 3250 3238 
4334 570 571 569 
4335 870 1008 1007 
4336 2143 2144 1930 
4337 1268 3012 1267 
4338 1267 1561 1279 
4339 310 358 357 
4340 3469 3486 1235 
4341 1938 2951 932 
4342 1890 1892 1891 
4343 1227 1345 1226 
4344 1561 1926 1652 
4345 975 1226 973 
4346 1022 1419 1417 
4347 675 676 654 
4348 2134 2146 2029 
4349 501 549 548 
4350 824 825 750 
4351 693 764 696 
4352 1556 1739 1738 
4353 782 894 784 
4354 1860 1862 1861 
4355 266 1436 268 
4356 520 522 521 
4357 508 511 510 
4358 418 419 394 
4359 534 1168 538 
4360 951 1235 950 
4361 558 575 559 
4362 869 1022 947 
4363 1132 2960 1130 
4364 1355 1533 1356 
4365 1205 2968 977 
4366 358 360 359 
4367 2924 3003 805 
4368 1120 2976 1996 
4369 2022 3071 1448 
4370 413 2997 414 
4371 1423 3004 1778 
4372 805 3003 752 
4373 2078 2191 1939 
4374 826 868 867 
4375 793 2943 1582 
4376 637 638 636 
4377 729 792 779 
4378 864 865 810 
4379 1597 1939 1595 
4380 371 374 372 
4381 1034 1248 913 
4382 648 1632 647 
4383 373 1113 399 
4384 1596 1720 1697 
4385 1666 2216 2112 
4386 976 2972 902 
4387 615 628 614 
4388 820 828 822 
4389 887 888 886 
4390 639 693 640 
4391 340 3019 339 
4392 585 614 584 
4393 905 1114 906 
4394 629 647 628 
4395 1707 1708 1627 
4396 572 584 571 
4397 2816 2817 1962 
4398 2243 2330 2242 
4399 339 342 334 
4400 2817 2896 1962 
4401 868 950 867 
4402 434 436 435 
4403 1940 2094 2093 
4404 1739 2271 2269 
4405 836 905 837 
4406 899 1010 923 
4407 393 394 387 
4408 535 536 532 
4409 792 869 854 
4410 1841 3552 3207 
4411 653 654 652 
4412 374 376 375 
4413 811 2962 812 
4414 893 3007 1028 
4415 768 3003 2925 
4416 549 598 597 
4417 1246 3074 1069 
4418 650 700 651 
4419 1140 1281 1275 
4420 1328 3043 1597 
4421 1546 1838 1715 
4422 1362 2920 1359 
4423 376 378 377 
4424 598 643 641 
4425 2081 2986 1569 
4426 1390 1391 1339 
4427 1395 3135 1192 
4428 378 379 377 
4429 528 530 529 
4430 432 434 433 
4431 826 867 825 
4432 1239 1328 1327 
4433 378 388 379 
4434 1925 2242 1923 
4435 764 853 773 
4436 563 924 561 
4437 1010 1344 1303 
4438 1018 3075 1230 
4439 1590 1591 1312 
4440 946 3000 1366 
4441 1689 1691 1443 
4442 1632 2141 2140 
4443 1414 2962 811 
4444 1549 1895 1550 
4445 343 3019 1633 
4446 2193 2346 1919 
4447 1130 2960 1337 
4448 571 573 569 
4449 2094 3648 3433 
4450 824 826 825 
4451 428 429 427 
4452 752 3003 768 
4453 1506 2033 1901 
4454 1732 2073 1731 
4455 411 413 412 
4456 626 2976 670 
4457 1594 1636 1332 
4458 1538 1731 1537 
4459 861 877 876 
4460 1843 2821 1844 
4461 59 3016 392 
4462 1569 2986 1518 
4463 292 293 288 
4464 353 355 351 
4465 1323 2995 813 
4466 3530 3620 1436 
4467 899 900 888 
4468 1633 2981 345 
4469 414 2997 1118 
4470 1231 2797 1041 
4471 1015 2979 1852 
4472 376 377 375 
4473 436 438 437 
4474 547 2983 489 
4475 1055 1317 863 
4476 1862 2075 1863 
4477 1695 2210 2002 
4478 1518 2986 1856 
4479 1244 1600 1242 
4480 2219 2284 2145 
4481 706 707 698 
4482 676 751 654 
4483 379 381 380 
4484 1742 1743 1667 
4485 2821 2822 1844 
4486 1328 1595 1329 
4487 855 915 856 
4488 1957 2239 1737 
4489 853 855 773 
4490 1509 1859 1740 
4491 1517 2969 1866 
4492 808 864 810 
4493 299 1441 302 
4494 1892 2253 1893 
4495 466 1867 462 
4496 1838 2237 2236 
4497 1189 1238 1190 
4498 2252 2379 2198 
4499 381 383 382 
4500 1879 2199 1729 
4501 799 850 798 
4502 956 966 957 
4503 1138 1140 1139 
4504 1591 1925 1923 
4505 502 1590 1312 
4506 1048 3028 515 
4507 1698 2188 2187 
4508 383 385 384 
4509 1264 3123 2782 
4510 1802 2286 2151 
4511 385 387 386 
4512 1554 1818 1435 
4513 612 652 650 
4514 315 1165 313 
4515 448 1437 446 
4516 1449 1729 1728 
4517 1287 3067 1233 
4518 1212 2979 912 
4519 1243 1355 1244 
4520 1024 1316 1278 
4521 1432 3022 2892 
4522 2492 2493 2489 
4523 2406 2407 2405 
4524 1693 1694 1367 
4525 356 3013 351 
4526 567 1159 565 
4527 764 773 696 
4528 370 373 369 
4529 2439 2441 2440 
4530 1693 1695 1694 
4531 1648 3000 943 
4532 551 2987 2904 
4533 1447 1449 1448 
4534 915 956 916 
4535 438 440 439 
4536 1739 2999 2293 
4537 1991 3276 2331 
4538 350 353 351 
4539 1987 3705 3586 
4540 345 350 346 
4541 294 295 293 
4542 912 2979 911 
4543 1663 2926 2126 
4544 906 2963 908 
4545 1918 2938 1577 
4546 350 2981 354 
4547 808 810 767 
4548 1409 3070 1630 
4549 1445 1610 1433 
4550 2227 2966 1783 
4551 659 727 660 
4552 155 3151 154 
4553 374 375 372 
4554 919 1189 1188 
4555 1128 3023 1126 
4556 343 345 344 
4557 2109 3156 2311 
4558 896 1240 850 
4559 362 363 361 
4560 761 2996 616 
4561 2232 2808 1808 
4562 758 819 759 
4563 700 758 701 
4564 1658 2070 2068 
4565 1655 3224 2063 
4566 299 300 295 
4567 2029 3085 2025 
4568 500 502 499 
4569 2064 2066 2065 
4570 473 474 469 
4571 928 2987 477 
4572 1612 3009 1997 
4573 796 2995 761 
4574 421 2983 1141 
4575 996 998 997 
4576 896 1243 1242 
4577 325 330 329 
4578 440 442 441 
4579 2526 2528 2524 
4580 1259 1551 1248 
4581 729 779 730 
4582 1397 2955 1399 
4583 1126 3023 1252 
4584 339 343 342 
4585 1728 2062 2022 
4586 430 431 429 
4587 1216 2970 1215 
4588 302 303 300 
4589 1550 3010 1011 
4590 343 344 342 
4591 2408 2409 2407 
4592 477 551 550 
4593 442 444 443 
4594 350 351 346 
4595 345 346 344 
4596 305 306 303 
4597 2853 3062 2852 
4598 364 365 363 
4599 1337 3023 1128 
4600 1767 2999 1557 
4601 308 310 306 
4602 1333 1435 1029 
4603 2884 3030 1935 
4604 1873 2954 1301 
4605 937 1138 1137 
4606 366 367 365 
4607 2948 3002 342 
4608 368 369 367 
4609 944 3010 945 
4610 3130 3135 1997 
4611 2024 2026 2025 
4612 1687 2939 2225 
4613 2195 2196 1873 
4614 294 3205 2433 
4615 2724 3152 3078 
4616 2120 2915 1635 
4617 551 612 611 
4618 693 696 640 
4619 2187 3677 2592 
4620 1925 2243 2242 
4621 2911 3065 1917 
4622 828 1999 922 
4623 1872 1873 1301 
4624 1346 3006 1226 
4625 305 309 308 
4626 828 922 829 
4627 529 2893 609 
4628 1884 1885 1883 
4629 1534 1537 1536 
4630 477 550 476 
4631 1695 2002 1694 
4632 371 372 370 
4633 334 3002 332 
4634 633 2976 626 
4635 2438 3312 2437 
4636 901 2972 1179 
4637 1561 3012 1927 
4638 1549 1896 1895 
4639 802 3009 771 
4640 2003 2004 1238 
4641 397 2961 422 
4642 512 537 514 
4643 1020 1023 1021 
4644 2066 2177 2168 
4645 1533 1534 1356 
4646 1975 2280 1973 
4647 1175 1313 1177 
4648 1065 3074 1063 
4649 1589 2969 1319 
4650 254 274 257 
4651 844 903 840 
4652 587 634 586 
4653 1464 1698 1491 
4654 1611 1950 1742 
4655 1447 1448 1176 
4656 1599 2148 1998 
4657 720 1167 718 
4658 1711 1977 1712 
4659 1698 2187 1916 
4660 1896 2305 2303 
4661 2739 3197 2931 
4662 1302 2954 1508 
4663 270 275 272 
4664 1611 1667 1610 
4665 2196 2252 2198 
4666 2872 3198 117 
4667 1508 2955 1397 
4668 1254 1653 1464 
4669 2024 2025 1459 
4670 417 477 476 
4671 957 2974 1213 
4672 1856 2986 2111 
4673 1028 3007 1421 
4674 501 548 500 
4675 1002 1020 1019 
4676 2493 3083 3082 
4677 1961 3029 2618 
4678 153 3078 224 
4679 472 488 473 
4680 1477 1807 1419 
4681 591 1864 488 
4682 1141 3014 396 
4683 1654 1973 1636 
4684 322 325 324 
4685 318 322 321 
4686 316 318 317 
4687 314 316 315 
4688 1252 3023 2952 
4689 1652 2967 1841 
4690 1325 3088 418 
4691 2026 2028 2027 
4692 673 729 674 
4693 1417 1658 1418 
4694 819 3048 820 
4695 417 476 416 
4696 468 472 469 
4697 1320 2974 966 
4698 724 757 722 
4699 312 314 313 
4700 346 3013 1200 
4701 758 937 819 
4702 766 808 767 
4703 1509 1740 1716 
4704 1198 2988 1199 
4705 920 3024 824 
4706 595 631 596 
4707 362 1166 364 
4708 727 941 939 
4709 766 767 715 
4710 1358 3012 1268 
4711 2275 2276 1819 
4712 2064 2065 1656 
4713 841 1150 763 
4714 549 597 548 
4715 1199 1254 1253 
4716 374 2945 376 
4717 598 641 597 
4718 587 636 634 
4719 797 1637 799 
4720 1457 1459 1458 
4721 877 1457 889 
4722 1630 2434 2008 
4723 325 329 324 
4724 1972 2962 1414 
4725 1782 2965 1631 
4726 946 1218 1011 
4727 973 3006 974 
4728 771 3009 770 
4729 2692 3077 767 
4730 941 3026 1648 
4731 670 2976 1120 
4732 2089 2969 1589 
4733 640 728 638 
4734 325 3044 331 
4735 248 605 250 
4736 1319 2969 1517 
4737 1584 1687 1583 
4738 368 370 369 
4739 1506 1901 1507 
4740 1279 2968 1205 
4741 2027 2134 2029 
4742 1778 3004 2149 
4743 339 3019 343 
4744 612 650 611 
4745 403 731 405 
4746 1874 2118 1681 
4747 465 468 466 
4748 2392 3401 210 
4749 455 456 454 
4750 2614 3295 2613 
4751 2290 2396 1798 
4752 639 640 638 
4753 1734 2992 1732 
4754 946 1011 944 
4755 1174 1176 1175 
4756 1683 2633 2632 
4757 1480 1711 1482 
4758 943 946 944 
4759 1449 1728 1448 
4760 1490 2072 1404 
4761 613 2984 1136 
4762 945 3038 942 
4763 1802 2151 1803 
4764 415 3101 2944 
4765 305 308 306 
4766 330 797 329 
4767 465 466 462 
4768 1455 3132 1180 
4769 792 854 779 
4770 302 305 303 
4771 1447 2966 1449 
4772 943 944 942 
4773 455 457 456 
4774 1199 1253 1037 
4775 488 3059 473 
4776 299 302 300 
4777 1556 2999 1739 
4778 1679 1874 1681 
4779 880 1880 882 
4780 1497 1498 1217 
4781 1355 1356 1244 
4782 1857 3161 3098 
4783 1316 1519 1378 
4784 360 362 361 
4785 418 3088 486 
4786 309 312 311 
4787 551 611 550 
4788 2031 2176 2028 
4789 839 1171 756 
4790 1190 2998 1188 
4791 641 673 642 
4792 3607 3709 2357 
4793 2026 2027 2025 
4794 884 887 886 
4795 911 2979 1015 
4796 1995 2963 1114 
4797 1187 3070 1409 
4798 1599 1736 1498 
4799 1215 1376 1217 
4800 1313 1509 1314 
4801 294 299 295 
4802 468 469 466 
4803 1896 2303 1895 
4804 1642 2977 1475 
4805 1172 1174 1173 
4806 1299 1872 1301 
4807 1218 1549 1011 
4808 666 2984 583 
4809 869 947 854 
4810 941 943 942 
4811 3190 3225 2699 
4812 2498 2883 645 
4813 1070 1247 1072 
4814 116 3198 348 
4815 1267 3012 1561 
4816 1475 2977 1503 
4817 659 3026 727 
4818 838 2989 839 
4819 839 1172 1171 
4820 2426 3360 2425 
4821 1010 1303 923 
4822 1052 3648 2395 
4823 1460 3042 889 
4824 1399 2955 1494 
4825 1281 1466 1275 
4826 1245 2994 1394 
4827 1874 2119 2118 
4828 463 482 443 
4829 941 942 939 
4830 389 3014 390 
4831 1738 2920 1362 
4832 2841 3089 1171 
4833 2689 3029 1961 
4834 2020 2327 2059 
4835 1658 2068 1659 
4836 974 3006 1860 
4837 1503 2977 1914 
4838 2151 2929 1803 
4839 1376 1562 1497 
4840 3668 3749 1373 
4841 530 2893 529 
4842 1859 2074 1740 
4843 1081 1246 1069 
4844 2206 3079 2203 
4845 362 364 363 
4846 1344 1506 1303 
4847 1140 1275 1139 
4848 472 473 469 
4849 1519 1903 1682 
4850 364 366 365 
4851 366 368 367 
4852 1114 2963 906 
4853 877 889 878 
4854 1022 1417 947 
4855 1730 2798 2797 
4856 1138 1139 1137 
4857 322 324 321 
4858 318 321 317 
4859 316 317 315 
4860 314 315 313 
4861 1502 1627 1501 
4862 415 417 416 
4863 887 899 888 
4864 1385 1583 1384 
4865 2033 2097 1901 
4866 312 313 311 
4867 545 586 544 
4868 2371 2967 1926 
4869 972 3096 1331 
4870 899 923 900 
4871 556 3015 487 
4872 1602 3493 3439 
4873 1855 3098 2974 
4874 497 500 499 
4875 1903 2619 1994 
4876 1500 1501 1274 
4877 583 2984 613 
4878 816 2985 1993 
4879 545 587 586 
4880 497 499 496 
4881 415 416 413 
4882 937 1137 819 
4883 908 2963 955 
4884 411 415 413 
4885 242 264 244 
4886 407 1452 409 
4887 740 2990 340 
4888 1926 2967 1652 
4889 1458 1461 1460 
4890 1394 2994 1718 
4891 489 2983 421 
4892 1056 3008 1377 
4893 1254 1464 1253 
4894 858 2985 814 
4895 1434 1661 1445 
4896 491 496 490 
4897 2502 3096 2511 
4898 904 959 903 
4899 2066 2168 2065 
4900 1215 2970 1376 
4901 914 1035 1034 
4902 714 766 715 
4903 667 714 669 
4904 441 1160 439 
4905 2663 3160 936 
4906 618 667 625 
4907 444 463 443 
4908 715 3077 716 
4909 442 443 441 
4910 814 2985 816 
4911 2056 2212 1661 
4912 2282 2337 1827 
4913 2750 3489 2856 
4914 581 618 599 
4915 440 441 439 
4916 1872 2195 1873 
4917 966 2974 957 
4918 280 1149 276 
4919 1174 1175 1173 
4920 797 799 798 
4921 618 625 599 
4922 667 669 625 
4923 714 715 669 
4924 1980 2418 1771 
4925 1527 3008 1056 
4926 581 599 553 
4927 965 2975 853 
4928 358 774 360 
4929 485 490 484 
4930 2951 3079 1309 
4931 1742 1802 1743 
4932 438 439 437 
4933 1074 1260 1076 
4934 475 480 474 
4935 1650 2939 1584 
4936 896 1242 1240 
4937 1151 1430 1150 
4938 292 294 293 
4939 1431 1705 1430 
4940 1794 3072 1792 
4941 1494 3069 1401 
4942 2935 3025 689 
4943 1832 3068 1963 
4944 1541 3091 1272 
4945 1172 1173 1171 
4946 990 1004 992 
4947 2803 3122 663 
4948 1251 1559 1157 
4949 436 437 435 
4950 1401 3069 1403 
4951 2808 3119 1762 
4952 303 2971 300 
4953 416 2997 413 
4954 648 3025 1632 
4955 1078 3087 1079 
4956 1999 2000 922 
4957 658 3025 648 
4958 1732 2992 2073 
4959 898 2989 838 
4960 419 3015 1846 
4961 1243 1244 1242 
4962 1842 2970 1216 
4963 2502 2511 2504 
4964 799 896 850 
4965 953 2991 951 
4966 904 960 959 
4967 1852 3066 2124 
4968 437 655 435 
4969 2155 3123 1539 
4970 1226 3006 973 
4971 847 2990 740 
4972 481 544 480 
4973 2389 3397 2388 
4974 656 3114 2780 
4975 543 581 553 
4976 1142 2985 858 
4977 1283 2993 1281 
4978 2128 2994 1853 
4979 355 3020 391 
4980 770 3009 1612 
4981 2020 2059 1562 
4982 813 2995 796 
4983 282 287 283 
4984 279 282 280 
4985 287 291 288 
4986 291 297 292 
4987 2019 3538 3133 
4988 475 3059 1336 
4989 483 484 482 
4990 1432 1434 1433 
4991 2900 3208 1887 
4992 1911 2079 1551 
4993 1726 3155 1989 
4994 423 1147 297 
4995 951 2991 1235 
4996 1624 3121 1353 
4997 1633 3103 2981 
4998 2888 3180 3060 
4999 1938 3079 2951 
5000 345 2981 350 
5001 956 3050 1258 
5002 1259 1912 1911 
5003 1853 2994 1245 
5004 309 311 308 
5005 543 553 541 
5006 1786 3055 2067 
5007 434 435 433 
5008 855 2975 1208 
5009 2155 3203 3123 
5010 631 694 632 
5011 1587 1601 1588 
5012 1469 3017 1472 
5013 1157 3150 1155 
5014 1118 3120 495 
5015 477 2987 551 
5016 275 279 276 
5017 2928 3068 1832 
5018 1215 1217 1185 
5019 1421 3007 2547 
5020 1584 2939 1687 
5021 3028 3167 513 
5022 461 465 462 
5023 1324 3017 1469 
5024 291 292 288 
5025 287 288 283 
5026 246 248 247 
5027 380 3021 377 
5028 282 283 280 
5029 1611 1742 1667 
5030 1262 3123 1264 
5031 1993 3017 1324 
5032 1457 1458 889 
5033 820 3048 828 
5034 396 3014 389 
5035 269 289 267 
5036 279 280 276 
5037 1846 3036 394 
5038 375 3021 1865 
5039 2438 3380 3211 
5040 491 497 496 
5041 485 491 490 
5042 1630 3070 2434 
5043 2990 3019 340 
5044 1316 1877 1519 
5045 1434 1445 1433 
5046 1382 2991 953 
5047 1865 3049 372 
5048 2171 2172 1708 
5049 1156 3176 2652 
5050 2985 3132 1993 
5051 2995 2996 761 
5052 270 272 271 
5053 2244 2992 1734 
5054 2148 2353 1998 
5055 2521 3028 1048 
5056 473 3059 475 
5057 1151 1432 1431 
5058 268 270 269 
5059 540 543 541 
5060 432 433 431 
5061 540 541 539 
5062 248 250 249 
5063 853 2975 855 
5064 936 3160 1273 
5065 695 929 632 
5066 487 3015 419 
5067 266 268 267 
5068 385 3046 393 
5069 1349 1350 1348 
5070 2203 3079 1938 
5071 273 1266 271 
5072 250 252 251 
5073 824 3024 826 
5074 252 254 253 
5075 254 257 256 
5076 257 259 258 
5077 259 261 260 
5078 261 263 262 
5079 263 266 265 
5080 2799 3254 1094 
5081 663 3122 621 
5082 483 485 484 
5083 1882 3257 1884 
5084 1422 3068 2928 
5085 2448 3511 3506 
5086 473 475 474 
5087 1585 1587 1586 
5088 353 3020 355 
5089 2206 3146 3079 
5090 452 464 450 
5091 872 874 832 
5092 351 3013 346 
5093 619 3114 656 
5094 694 762 695 
5095 1854 3020 353 
5096 429 664 427 
5097 1687 1987 1583 
5098 1599 1998 1736 
5099 689 3025 658 
5100 1445 1611 1610 
5101 1864 3059 488 
5102 1237 3141 1450 
5103 1666 3034 2216 
5104 3039 3199 1590 
5105 1037 3052 1035 
5106 943 3000 946 
5107 1596 3035 1720 
5108 531 532 530 
5109 244 246 245 
5110 836 3139 2735 
5111 342 3002 334 
5112 1238 3043 1239 
5113 1537 3034 1666 
5114 1595 3035 1596 
5115 475 481 480 
5116 1522 2292 1786 
5117 1142 3132 2985 
5118 2190 3034 1731 
5119 917 3130 817 
5120 1840 3207 3149 
5121 1376 1497 1217 
5122 387 3036 395 
5123 481 545 544 
5124 2697 3458 2144 
5125 1239 3043 1328 
5126 1973 1974 1636 
5127 1352 2989 898 
5128 762 840 763 
5129 802 3130 3009 
5130 1023 3100 1024 
5131 463 483 482 
5132 2801 3545 3436 
5133 1602 3503 2319 
5134 1836 3148 2988 
5135 1544 1585 1545 
5136 1403 3069 1679 
5137 1506 3053 2033 
5138 1034 1259 1248 
5139 1818 3033 1940 
5140 1656 3053 1344 
5141 538 540 539 
5142 2741 3315 2740 
5143 534 535 532 
5144 980 1495 982 
5145 373 3049 1113 
5146 1491 3052 1253 
5147 538 539 535 
5148 534 538 535 
5149 1003 1005 998 
5150 2917 3039 548 
5151 1011 3010 944 
5152 900 3045 919 
5153 1943 3427 1942 
5154 878 3042 880 
5155 779 3060 780 
5156 377 3021 375 
5157 1687 2224 1987 
5158 767 3077 715 
5159 1189 3045 2003 
5160 242 244 243 
5161 914 1034 913 
5162 1600 3064 1242 
5163 1919 3008 1527 
5164 1480 1713 1711 
5165 1798 3072 1794 
5166 2887 3060 854 
5167 1567 1811 1566 
5168 873 914 913 
5169 1084 1234 1232 
5170 1405 3179 1512 
5171 996 1003 998 
5172 1213 3098 1335 
5173 236 607 238 
5174 1497 1599 1498 
5175 1281 2993 1466 
5176 278 3348 2390 
5177 1627 1699 1501 
5178 1526 2319 2316 
5179 531 534 532 
5180 620 3114 619 
5181 214 3234 1379 
5182 370 3049 373 
5183 959 1169 903 
5184 275 276 272 
5185 1850 3046 383 
5186 1208 3050 915 
5187 2584 3484 2050 
5188 2498 3138 2883 
5189 1020 1462 1023 
5190 831 3040 861 
5191 1462 1463 1023 
5192 635 3215 586 
5193 2942 3178 2014 
5194 258 286 256 
5195 394 3036 387 
5196 460 467 458 
5197 2811 3199 1876 
5198 2009 2010 1463 
5199 388 3032 379 
5200 381 3032 1850 
5201 2043 3148 1836 
5202 1240 3064 1299 
5203 1373 3749 2444 
5204 555 3117 558 
5205 495 3120 504 
5206 2837 3462 2822 
5207 1143 1229 1005 
5208 1432 1433 1431 
5209 840 841 763 
5210 833 873 872 
5211 500 3039 502 
5212 1259 1911 1551 
5213 1003 1143 1005 
5214 609 2893 1886 
5215 940 3273 660 
5216 1151 1431 1430 
5217 633 3121 2976 
5218 1450 3106 1614 
5219 841 1151 1150 
5220 502 3039 1590 
5221 1462 3094 2036 
5222 1939 3035 1595 
5223 332 3031 330 
5224 379 3032 381 
5225 727 3026 941 
5226 372 3049 370 
5227 2683 3361 2679 
5228 433 1183 431 
5229 1384 1480 1229 
5230 1143 1384 1229 
5231 3079 3146 1309 
5232 1620 3454 1511 
5233 2974 3098 1213 
5234 1731 3034 1537 
5235 2996 3117 616 
5236 2524 3028 2521 
5237 1840 3149 2968 
5238 1137 3048 819 
5239 1889 1890 1266 
5240 778 833 832 
5241 915 3050 956 
5242 745 748 747 
5243 1367 3041 1218 
5244 737 744 743 
5245 3009 3130 1997 
5246 616 3117 555 
5247 383 3046 385 
5248 2665 3144 1915 
5249 38 3211 39 
5250 923 3045 900 
5251 1443 3063 1283 
5252 580 3234 215 
5253 1536 3073 1356 
5254 2976 3121 1996 
5255 762 763 695 
5256 1307 1347 1308 
5257 1333 1554 1435 
5258 272 273 271 
5259 2041 2061 2040 
5260 1337 3156 3023 
5261 1462 2009 1463 
5262 2539 3209 2538 
5263 262 1222 260 
5264 1344 3053 1506 
5265 1554 1820 1819 
5266 1892 2254 2253 
5267 323 3080 317 
5268 270 271 269 
5269 1880 3224 3093 
5270 1493 3251 1013 
5271 621 3122 622 
5272 548 3039 500 
5273 2182 2183 2061 
5274 2004 3043 1238 
5275 828 3048 1999 
5276 887 3093 2933 
5277 268 269 267 
5278 1912 2247 1911 
5279 919 3045 1189 
5280 1807 3076 1419 
5281 863 3058 847 
5282 1332 3054 1194 
5283 2563 3372 924 
5284 1549 3041 1896 
5285 248 249 247 
5286 1997 3183 1875 
5287 3359 3385 2898 
5288 540 3084 552 
5289 3025 3173 1632 
5290 266 267 265 
5291 1194 3054 1352 
5292 1539 3123 1262 
5293 2369 3329 2691 
5294 250 251 249 
5295 1158 1274 1251 
5296 252 253 251 
5297 254 256 253 
5298 257 258 256 
5299 259 260 258 
5300 261 262 260 
5301 263 265 262 
5302 3003 3164 2925 
5303 504 3120 507 
5304 2883 3138 1670 
5305 873 913 872 
5306 1691 3063 1443 
5307 1289 1608 1291 
5308 1419 3076 1417 
5309 1317 3058 863 
5310 457 458 456 
5311 1694 3041 1367 
5312 2407 2411 2405 
5313 330 3031 797 
5314 1024 3100 1316 
5315 697 3168 699 
5316 461 462 460 
5317 1218 3041 1549 
5318 1242 3064 1240 
5319 246 247 245 
5320 520 533 522 
5321 1730 2797 1231 
5322 2694 3159 2696 
5323 2025 3085 1459 
5324 833 872 832 
5325 3149 3207 2015 
5326 1244 3073 1600 
5327 788 3139 836 
5328 2489 3082 2487 
5329 748 778 777 
5330 797 3031 1637 
5331 2924 3164 3003 
5332 1827 3091 1541 
5333 1833 3239 3189 
5334 1448 3071 1176 
5335 889 3042 878 
5336 2014 3240 2871 
5337 960 1030 1029 
5338 1885 2039 1883 
5339 694 695 632 
5340 775 1153 1152 
5341 861 3040 877 
5342 1168 3084 538 
5343 1624 3178 3121 
5344 3006 3147 1860 
5345 1030 1334 1333 
5346 1862 3147 2076 
5347 2208 3146 2206 
5348 528 531 530 
5349 2091 3613 2302 
5350 882 3093 884 
5351 2065 3053 1656 
5352 1253 3052 1037 
5353 2963 3141 955 
5354 1554 1819 1818 
5355 1284 3289 184 
5356 880 3042 1880 
5357 778 832 777 
5358 3002 3031 332 
5359 1353 3121 633 
5360 3106 3196 2086 
5361 1945 3223 1946 
5362 686 851 687 
5363 1176 3071 1175 
5364 327 3435 3033 
5365 1658 3076 2070 
5366 524 1467 526 
5367 3023 3156 2952 
5368 2574 3444 311 
5369 1679 3069 1874 
5370 2512 3357 2546 
5371 1003 3125 2629 
5372 273 1894 1889 
5373 854 3060 779 
5374 1905 3360 2001 
5375 847 3058 2990 
5376 2146 3113 2029 
5377 2487 3082 2598 
5378 1995 3141 2963 
5379 1456 3184 1139 
5380 1459 3085 1458 
5381 3403 3445 2116 
5382 135 3244 134 
5383 644 3057 263 
5384 315 3080 1165 
5385 1802 3097 2286 
5386 960 1029 959 
5387 1096 3298 2842 
5388 2396 3072 1798 
5389 2809 3119 2808 
5390 266 3057 1436 
5391 786 3139 788 
5392 1391 1393 1339 
5393 877 3040 1457 
5394 712 736 711 
5395 2968 3149 976 
5396 712 737 736 
5397 1567 2770 1811 
5398 653 3231 675 
5399 1889 2291 1890 
5400 756 3089 724 
5401 601 3349 2617 
5402 244 245 243 
5403 603 3151 155 
5404 1356 3073 1244 
5405 1358 3140 3012 
5406 1916 3249 1491 
5407 1175 3071 1313 
5408 817 3130 802 
5409 516 1207 518 
5410 2917 3199 3039 
5411 1463 3100 1023 
5412 3123 3203 2782 
5413 1299 3064 1872 
5414 1885 2040 2039 
5415 2493 3082 2489 
5416 737 743 742 
5417 1274 1315 1251 
5418 457 459 458 
5419 595 596 593 
5420 1030 1333 1029 
5421 737 742 736 
5422 1943 3453 3427 
5423 1820 2275 1819 
5424 1950 3097 1742 
5425 317 3080 315 
5426 2839 3414 1932 
5427 1636 3054 1332 
5428 1283 3063 2993 
5429 710 712 711 
5430 263 3057 266 
5431 1831 3291 2547 
5432 631 632 596 
5433 1035 3090 1034 
5434 922 3242 3187 
5435 710 711 709 
5436 1833 3189 2960 
5437 1346 3147 3006 
5438 1867 3110 462 
5439 474 3081 469 
5440 1156 1158 1157 
5441 1507 3177 1303 
5442 39 3211 420 
5443 273 1889 1266 
5444 183 3289 337 
5445 2437 2439 1812 
5446 2494 3540 1095 
5447 896 3108 1243 
5448 1611 3099 1950 
5449 2212 3099 1661 
5450 1192 3135 917 
5451 1610 3118 1433 
5452 1180 3132 1142 
5453 2958 3105 283 
5454 3093 3224 2933 
5455 466 3081 1867 
5456 1417 3076 1658 
5457 1158 1251 1157 
5458 1436 3061 268 
5459 791 3303 787 
5460 469 3081 466 
5461 1933 3155 1726 
5462 2782 3203 2096 
5463 884 3093 887 
5464 1269 3196 1995 
5465 724 3089 757 
5466 1661 3099 1445 
5467 251 608 249 
5468 1458 3085 1461 
5469 1694 3181 3041 
5470 2276 3033 1819 
5471 3041 3181 1896 
5472 999 3094 1002 
5473 1844 3145 1842 
5474 3339 3368 2114 
5475 268 3061 270 
5476 1072 3092 1074 
5477 710 1193 712 
5478 230 231 222 
5479 2636 3317 3036 
5480 242 243 241 
5481 1309 3146 2934 
5482 241 1195 239 
5483 3726 3761 1821 
5484 1185 3111 1112 
5485 409 3101 411 
5486 748 777 747 
5487 2005 3238 1182 
5488 636 3175 634 
5489 3246 3300 1925 
5490 1171 3089 756 
5491 1609 3213 1981 
5492 1599 3112 2148 
5493 2475 3284 978 
5494 1119 3728 2773 
5495 2935 3173 3025 
5496 538 3084 540 
5497 2920 3140 1358 
5498 894 3185 784 
5499 1512 3179 1704 
5500 1880 3093 882 
5501 3012 3140 1927 
5502 3052 3090 1035 
5503 1637 3108 799 
5504 168 3266 2875 
5505 955 3141 1237 
5506 1248 3131 913 
5507 3625 3690 1082 
5508 744 745 743 
5509 922 3187 829 
5510 2374 3329 2636 
5511 2337 3091 1827 
5512 994 3125 996 
5513 1819 3033 1818 
5514 700 3163 2964 
5515 1487 3250 1685 
5516 745 746 743 
5517 1005 3248 3226 
5518 1742 3097 1802 
5519 1316 3100 1877 
5520 782 3180 894 
5521 650 3163 700 
5522 270 3061 275 
5523 2086 3274 2087 
5524 1273 3160 1945 
5525 2881 3172 988 
5526 97 3263 96 
5527 1016 3266 169 
5528 2059 3112 1562 
5529 1915 3144 2228 
5530 2970 3145 1563 
5531 2270 3140 2920 
5532 1562 3112 1497 
5533 1498 3111 1217 
5534 1150 3116 763 
5535 742 3018 1815 
5536 841 3153 3022 
5537 3026 3175 3001 
5538 923 3177 3045 
5539 3098 3161 1335 
5540 3121 3178 1996 
5541 2670 3165 830 
5542 1259 3090 1912 
5543 3156 3189 2311 
5544 3040 3187 2023 
5545 240 242 241 
5546 1002 3094 1020 
5547 1474 3228 1642 
5548 1445 3099 1611 
5549 1886 3221 624 
5550 2856 3654 2750 
5551 459 461 460 
5552 491 3200 2713 
5553 514 3126 516 
5554 411 3101 415 
5555 976 3149 2972 
5556 482 3104 443 
5557 1712 3325 3299 
5558 1842 3145 2970 
5559 673 3190 2848 
5560 662 3221 706 
5561 2049 3210 3111 
5562 1860 3147 1862 
5563 459 460 458 
5564 1381 3315 3230 
5565 2964 3163 2914 
5566 1811 2437 1812 
5567 799 3108 896 
5568 1452 3101 409 
5569 1494 3202 3069 
5570 244 3086 246 
5571 745 747 746 
5572 283 3105 280 
5573 3060 3180 780 
5574 1034 3090 1259 
5575 443 3104 441 
5576 747 775 746 
5577 1431 3118 1705 
5578 1708 3115 1627 
5579 26 3400 2302 
5580 1509 3191 1859 
5581 3135 3183 1997 
5582 1335 3161 2137 
5583 81 3287 579 
5584 1153 1155 1154 
5585 1249 1490 1404 
5586 1550 3619 2328 
5587 903 3153 840 
5588 1105 3287 82 
5589 3213 3438 2153 
5590 1583 3102 1384 
5591 3189 3239 2311 
5592 441 3104 1160 
5593 3045 3177 2003 
5594 1160 3109 439 
5595 2317 3775 2562 
5596 3292 3300 1297 
5597 2076 3218 2121 
5598 1247 3092 1072 
5599 785 3292 783 
5600 439 3109 437 
5601 2988 3148 1481 
5602 659 3175 3026 
5603 537 3126 514 
5604 2997 3174 1118 
5605 230 255 232 
5606 1480 3102 1713 
5607 1811 1812 1566 
5608 2044 3306 2788 
5609 1974 3054 1636 
5610 280 3105 1149 
5611 708 710 709 
5612 1902 3235 1507 
5613 1592 3459 2346 
5614 437 3109 655 
5615 695 3116 929 
5616 2026 3272 2030 
5617 1482 3248 1229 
5618 1435 3154 1029 
5619 652 3163 650 
5620 1074 3092 1260 
5621 840 3153 841 
5622 1384 3102 1480 
5623 2071 3708 3623 
5624 2871 3170 1134 
5625 2931 3197 696 
5626 1404 3179 1405 
5627 1995 3196 3106 
5628 708 709 707 
5629 696 3197 640 
5630 2952 3156 2109 
5631 641 3190 673 
5632 2990 3137 3019 
5633 2048 2106 1601 
5634 2013 3164 2924 
5635 37 3312 38 
5636 2172 3115 1708 
5637 242 3278 264 
5638 1217 3111 1185 
5639 2743 3533 2744 
5640 780 3180 782 
5641 1433 3118 1431 
5642 1137 3184 3048 
5643 3298 3617 2442 
5644 1987 3102 1583 
5645 456 1201 454 
5646 2972 3149 2015 
5647 1497 3112 1599 
5648 784 3185 786 
5649 634 3175 659 
5650 2925 3164 1622 
5651 1156 1157 1155 
5652 3019 3137 1633 
5653 2022 3191 3071 
5654 1381 3230 3027 
5655 2072 3179 1404 
5656 1908 3344 2700 
5657 1395 3183 3135 
5658 2528 3167 2524 
5659 276 3107 272 
5660 655 3134 435 
5661 996 3125 1003 
5662 1455 3188 3132 
5663 872 3131 874 
5664 3147 3218 2076 
5665 1020 3094 1462 
5666 988 3172 990 
5667 3238 3250 1887 
5668 763 3116 695 
5669 2423 3514 600 
5670 2329 3318 1080 
5671 2053 2055 2054 
5672 485 3200 491 
5673 2402 3169 2400 
5674 2013 3208 3164 
5675 786 3185 3139 
5676 851 961 852 
5677 3048 3184 1999 
5678 292 3205 294 
5679 3164 3208 1622 
5680 624 3221 662 
5681 831 3187 3040 
5682 2638 3217 1051 
5683 1149 3107 276 
5684 1169 3153 903 
5685 1627 3115 1699 
5686 1870 3173 2935 
5687 431 3124 429 
5688 2440 3192 1812 
5689 264 3086 244 
5690 1266 3129 271 
5691 2562 3775 3596 
5692 1147 3205 297 
5693 1896 3181 2305 
5694 269 3129 289 
5695 1347 1349 1348 
5696 3053 3193 2033 
5697 1996 3178 2942 
5698 1153 1156 1155 
5699 829 3187 831 
5700 245 278 243 
5701 3017 3188 2034 
5702 990 3172 1004 
5703 2758 3233 601 
5704 3069 3202 1874 
5705 2524 3167 3028 
5706 1559 3150 1157 
5707 1490 2174 2072 
5708 2097 3217 1901 
5709 1632 3173 2141 
5710 1167 3225 718 
5711 2065 3193 3053 
5712 913 3131 872 
5713 429 3124 664 
5714 272 3107 273 
5715 1455 3252 3188 
5716 435 3134 433 
5717 1845 3174 2997 
5718 743 3018 742 
5719 117 3198 116 
5720 1871 3186 2841 
5721 630 3692 2676 
5722 2061 3647 3621 
5723 1050 3200 485 
5724 1512 1704 1544 
5725 1587 2048 1601 
5726 2633 3494 2634 
5727 3058 3137 2990 
5728 1081 3210 1246 
5729 2208 3201 3146 
5730 643 3190 641 
5731 706 708 707 
5732 1183 3124 431 
5733 3188 3252 2034 
5734 1303 3177 923 
5735 1600 3206 3064 
5736 1554 3136 1820 
5737 33 3305 34 
5738 2002 3181 1694 
5739 3071 3191 1313 
5740 2388 3397 1955 
5741 2319 3503 2316 
5742 2327 3590 1804 
5743 2825 3229 596 
5744 2833 3434 1493 
5745 172 3308 171 
5746 1699 3204 1501 
5747 32 3307 31 
5748 1591 3246 1925 
5749 2960 3189 1337 
5750 1339 3158 1334 
5751 2243 3300 3292 
5752 271 3129 269 
5753 433 3134 1183 
5754 235 296 233 
5755 1004 3216 992 
5756 2824 3392 542 
5757 3064 3206 1872 
5758 2180 2307 2181 
5759 2668 3609 1261 
5760 2251 3203 2155 
5761 1334 3136 1333 
5762 3146 3201 2934 
5763 516 3126 1207 
5764 1274 3204 1315 
5765 2934 3201 2007 
5766 1049 3655 2436 
5767 706 1298 708 
5768 2237 3230 2338 
5769 1346 3218 3147 
5770 959 3154 1169 
5771 1139 3184 1137 
5772 2805 3616 3569 
5773 3094 3226 2036 
5774 1576 3196 1269 
5775 3132 3188 1993 
5776 575 3270 666 
5777 2744 3533 3513 
5778 777 3128 747 
5779 2657 3219 1888 
5780 2617 3422 2616 
5781 999 3226 3094 
5782 1501 3204 1274 
5783 230 232 231 
5784 1313 3191 1509 
5785 2712 3442 1929 
5786 2764 3398 2765 
5787 1993 3188 3017 
5788 3219 3346 1931 
5789 1333 3136 1554 
5790 2839 3438 3414 
5791 1622 3208 2900 
5792 591 3229 1864 
5793 3226 3248 2036 
5794 2267 3597 2057 
5795 1112 3210 1081 
5796 1337 3189 3156 
5797 2375 3565 835 
5798 258 3143 286 
5799 640 3197 728 
5800 746 3018 743 
5801 2264 3310 2081 
5802 273 3107 1894 
5803 2838 3255 324 
5804 1841 3207 1840 
5805 1519 3232 1903 
5806 3218 3247 2121 
5807 1029 3154 959 
5808 1393 3158 1339 
5809 240 241 239 
5810 1668 3213 1609 
5811 238 240 239 
5812 2168 3193 2065 
5813 1222 3143 260 
5814 1295 1552 1305 
5815 2405 3169 2402 
5816 1876 3199 2917 
5817 3436 3585 1710 
5818 238 239 237 
5819 3336 3389 2892 
5820 165 3330 1107 
5821 236 238 237 
5822 297 3205 292 
5823 751 3253 654 
5824 444 3265 463 
5825 232 233 231 
5826 2385 3269 3263 
5827 1005 3226 998 
5828 236 237 235 
5829 1507 3235 3177 
5830 992 3216 994 
5831 2045 3372 2563 
5832 2938 3349 3233 
5833 260 3143 258 
5834 2844 3314 2845 
5835 3178 3240 2014 
5836 2815 3321 1865 
5837 686 687 685 
5838 1044 3281 961 
5839 610 3319 577 
5840 234 235 233 
5841 234 236 235 
5842 1901 3217 1902 
5843 479 3330 166 
5844 3107 3313 1894 
5845 636 3267 3175 
5846 3187 3242 2023 
5847 1437 3265 446 
5848 747 3128 775 
5849 1874 3202 2119 
5850 1978 3337 3288 
5851 232 234 233 
5852 2957 3218 1346 
5853 2012 3258 3161 
5854 2442 3212 2440 
5855 2531 3686 3341 
5856 3035 3599 2776 
5857 1477 3259 1807 
5858 324 3255 321 
5859 520 3182 533 
5860 2543 3209 2539 
5861 3111 3210 1112 
5862 2994 3194 1718 
5863 3407 3430 1466 
5864 2411 3169 2405 
5865 518 3182 520 
5866 3230 3315 2338 
5867 1872 3206 2195 
5868 1946 3223 1949 
5869 1334 3158 3136 
5870 994 3216 3125 
5871 3117 3270 558 
5872 2296 3394 2197 
5873 2339 3691 2108 
5874 348 3450 2777 
5875 728 3267 638 
5876 620 3778 2294 
5877 961 963 852 
5878 1838 3230 2237 
5879 1900 3280 3073 
5880 2891 3372 2047 
5881 2455 3693 3672 
5882 2254 3318 2329 
5883 3137 3262 3103 
5884 2034 3228 1474 
5885 718 3225 643 
5886 643 3225 3190 
5887 2547 3291 1952 
5888 706 3221 1298 
5889 712 3162 737 
5890 737 3162 744 
5891 2128 3194 2994 
5892 108 3343 107 
5893 586 3215 544 
5894 852 1374 687 
5895 3263 3269 226 
5896 2316 3324 2317 
5897 3208 3238 1887 
5898 1566 3192 1391 
5899 3196 3274 2086 
5900 1379 3461 2826 
5901 1391 3192 1393 
5902 2705 3262 1317 
5903 2778 3373 2032 
5904 2771 3657 3426 
5905 1145 3501 2468 
5906 1848 3603 2723 
5907 68 3220 67 
5908 1848 3302 1454 
5909 1765 3345 2018 
5910 2514 3304 1908 
5911 2181 2192 2179 
5912 2545 3286 2510 
5913 1234 3222 1232 
5914 3270 3306 666 
5915 998 3226 999 
5916 2675 3639 2676 
5917 1958 3411 2426 
5918 215 3234 214 
5919 106 3227 105 
5920 1640 3241 1641 
5921 2910 3239 1833 
5922 685 2498 681 
5923 2247 3237 1911 
5924 1624 3240 3178 
5925 3177 3235 2003 
5926 1978 3288 3183 
5927 3095 3740 2141 
5928 2901 3260 1582 
5929 2624 3309 2335 
5930 1149 3313 3107 
5931 1207 3182 518 
5932 40 3423 41 
5933 739 3356 679 
5934 3163 3253 2914 
5935 2837 3409 1427 
5936 978 3284 980 
5937 1182 3238 2013 
5938 573 3605 2640 
5939 652 3253 3163 
5940 3027 3230 1838 
5941 231 3768 2053 
5942 2037 3256 2038 
5943 2933 3224 1655 
5944 2370 3374 2372 
5945 1582 3260 3007 
5946 1877 3232 1519 
5947 720 3297 1167 
5948 1089 3539 2481 
5949 1232 3222 1285 
5950 1080 3318 1111 
5951 1148 3333 539 
5952 2311 3239 2313 
5953 2757 3455 725 
5954 757 3297 722 
5955 596 3229 593 
5956 1193 3162 712 
5957 2957 3247 3218 
5958 607 3171 238 
5959 2904 3231 653 
5960 733 3376 800 
5961 2690 3514 2423 
5962 870 3317 1008 
5963 2811 3300 3246 
5964 3242 3272 2024 
5965 134 3244 319 
5966 2046 3431 2343 
5967 2518 3294 1815 
5968 2902 3382 1733 
5969 2555 3683 336 
5970 2023 3242 2024 
5971 1297 3300 2811 
5972 593 3229 591 
5973 2789 3270 3117 
5974 1981 3240 1624 
5975 226 3269 2695 
5976 2003 3235 2004 
5977 1910 3323 2130 
5978 3332 3369 1913 
5979 1496 3396 1555 
5980 1812 3192 1566 
5981 3224 3271 2063 
5982 1163 3268 3081 
5983 1111 3318 1574 
5984 1637 3245 2912 
5985 2904 3277 3231 
5986 1490 2175 2174 
5987 3250 3264 1685 
5988 2483 3535 1980 
5989 1911 3237 2079 
5990 2291 3293 1890 
5991 3036 3317 395 
5992 320 3691 2339 
5993 2000 3272 3242 
5994 243 3166 241 
5995 241 3166 1195 
5996 2183 3666 2368 
5997 1944 3425 2693 
5998 452 3282 464 
5999 2180 2181 2179 
6000 2585 3484 2582 
6001 1576 3274 3196 
6002 2984 3332 1913 
6003 1887 3250 1487 
6004 1094 3254 2725 
6005 775 3176 1153 
6006 2044 3332 3306 
6007 2039 3598 2805 
6008 2391 3541 552 
6009 2823 3409 2971 
6010 1013 3251 1669 
6011 2000 3327 2778 
6012 1990 3257 1882 
6013 3231 3277 2535 
6014 467 3301 458 
6015 2948 3245 3002 
6016 1202 3528 2447 
6017 2379 3780 615 
6018 2516 3275 2509 
6019 96 3263 226 
6020 3032 3350 2891 
6021 1214 3416 1616 
6022 535 3333 536 
6023 1184 3261 1186 
6024 710 3214 1193 
6025 2061 3621 2040 
6026 741 3537 449 
6027 1590 3246 1591 
6028 1849 3434 3065 
6029 2394 3573 252 
6030 2864 3399 2866 
6031 2050 3522 2584 
6032 2181 3195 2192 
6033 2596 3482 2595 
6034 924 3402 2563 
6035 3490 3524 1669 
6036 1942 3383 3013 
6037 240 3278 242 
6038 1892 3293 2254 
6039 1406 3403 2761 
6040 1347 1753 1349 
6041 2000 3242 922 
6042 3052 3249 3090 
6043 2948 3347 3245 
6044 1351 1814 1626 
6045 874 3425 3375 
6046 3586 3705 2477 
6047 2783 3674 1097 
6048 448 3335 1437 
6049 3128 3176 775 
6050 1113 3340 399 
6051 1928 3247 2957 
6052 1560 3252 1455 
6053 2429 3276 1991 
6054 2176 3338 2028 
6055 1479 3259 1477 
6056 321 3255 323 
6057 2145 3364 2144 
6058 1600 3280 3206 
6059 1153 3176 1156 
6060 3175 3267 3001 
6061 751 3359 2897 
6062 654 3253 652 
6063 851 852 687 
6064 2455 3672 2457 
6065 278 3166 243 
6066 2541 3398 1941 
6067 446 3265 444 
6068 708 3214 710 
6069 2986 3310 2111 
6070 169 3266 168 
6071 1317 3262 3058 
6072 649 3400 27 
6073 2050 3448 2049 
6074 2553 3670 1086 
6075 2930 3758 2835 
6076 1058 3677 2666 
6077 2027 3338 2134 
6078 1349 1351 1350 
6079 264 3236 3086 
6080 2571 3482 2573 
6081 135 3564 3244 
6082 2811 3246 3199 
6083 2013 3238 3208 
6084 2006 3264 2005 
6085 210 3401 209 
6086 867 3390 825 
6087 2619 3684 1407 
6088 2035 3542 2596 
6089 660 3273 635 
6090 279 3424 848 
6091 2580 3484 2584 
6092 1008 3354 1007 
6093 2280 3331 1973 
6094 2378 3559 2377 
6095 924 3350 561 
6096 146 3437 1091 
6097 229 230 222 
6098 1597 3412 2078 
6099 453 3532 470 
6100 1932 3384 2982 
6101 3042 3271 1880 
6102 3065 3434 2833 
6103 2620 3494 1994 
6104 751 3328 3253 
6105 2563 3431 2046 
6106 1229 3248 1005 
6107 1491 3249 3052 
6108 1159 3549 2376 
6109 1407 3684 2559 
6110 2308 3320 2431 
6111 512 3352 537 
6112 2899 3355 2958 
6113 1927 3374 2370 
6114 3392 3591 542 
6115 3090 3249 1912 
6116 1492 3388 1515 
6117 638 3267 636 
6118 1971 3733 1830 
6119 464 3335 450 
6120 2987 3277 2904 
6121 676 3359 751 
6122 617 3638 2793 
6123 1999 3327 2000 
6124 238 3171 240 
6125 558 3270 575 
6126 2104 3460 2105 
6127 403 3353 731 
6128 1954 3470 2577 
6129 2899 3405 3355 
6130 1884 3410 1885 
6131 454 3282 452 
6132 2036 3299 2009 
6133 3007 3260 2547 
6134 3346 3421 1931 
6135 2348 3788 3119 
6136 3119 3671 2348 
6137 2938 3274 1576 
6138 2062 3386 2022 
6139 3083 3521 73 
6140 104 3476 1087 
6141 3245 3347 2912 
6142 1088 3581 2611 
6143 2335 3309 2336 
6144 2178 2180 2179 
6145 1201 3282 454 
6146 1879 3279 2199 
6147 3002 3245 3031 
6148 2024 3272 2026 
6149 2613 3295 1191 
6150 82 3287 81 
6151 388 3350 3032 
6152 2680 3363 2681 
6153 3183 3288 1875 
6154 3199 3246 1590 
6155 809 3758 2930 
6156 112 3485 301 
6157 2693 3516 1707 
6158 600 3582 2423 
6159 3031 3245 1637 
6160 3257 3378 1884 
6161 1460 3271 3042 
6162 1377 3371 1055 
6163 1931 3421 2766 
6164 3426 3657 2472 
6165 139 3471 284 
6166 2010 3362 1463 
6167 3083 3661 1747 
6168 224 3483 152 
6169 2716 3463 2719 
6170 2794 3298 1096 
6171 184 3289 183 
6172 1351 1535 1350 
6173 783 3292 1297 
6174 23 3500 1103 
6175 3105 3256 1149 
6176 1298 3214 708 
6177 672 3496 2879 
6178 2860 3796 2937 
6179 1499 3471 140 
6180 151 3483 1092 
6181 825 3385 750 
6182 2557 3581 2556 
6183 1865 3321 3049 
6184 3022 3336 2892 
6185 2691 3329 2374 
6186 2309 3320 2308 
6187 1078 3519 2445 
6188 274 3367 257 
6189 2425 3360 1905 
6190 2639 3572 2640 
6191 456 3301 1201 
6192 3161 3258 2137 
6193 3061 3424 275 
6194 1952 3291 2496 
6195 3081 3268 1867 
6196 2459 3680 2458 
6197 2774 3542 2772 
6198 1255 3157 1046 
6199 3073 3280 1600 
6200 1880 3271 3224 
6201 2789 3306 3270 
6202 1102 3485 113 
6203 2356 3646 2742 
6204 3058 3262 3137 
6205 1894 3334 1889 
6206 1352 3316 2812 
6207 3439 3493 2098 
6208 2880 3389 3336 
6209 2331 3465 1992 
6210 964 3587 2533 
6211 2776 3599 1102 
6212 2740 3315 1381 
6213 2555 3670 2074 
6214 2646 3429 2645 
6215 2870 3510 2375 
6216 2186 3565 2375 
6217 2365 3631 2368 
6218 1209 3281 1044 
6219 980 3284 1495 
6220 2849 3756 2130 
6221 43 3712 44 
6222 1436 3620 3061 
6223 2133 3524 1969 
6224 207 3498 277 
6225 1890 3293 1892 
6226 1740 3406 2016 
6227 3421 3446 2766 
6228 722 3297 720 
6229 1608 3797 2677 
6230 3358 3592 284 
6231 458 3301 456 
6232 2954 3394 1508 
6233 1159 3402 565 
6234 874 3375 832 
6235 261 3418 644 
6236 2788 3306 2789 
6237 1956 2178 1957 
6238 2564 3645 285 
6239 109 3478 108 
6240 787 3303 785 
6241 2069 3446 1659 
6242 227 3560 101 
6243 2898 3440 2710 
6244 563 3402 924 
6245 1104 3314 2844 
6246 2805 3569 2039 
6247 1093 3498 208 
6248 2118 3727 2728 
6249 34 3305 1373 
6250 2820 3391 265 
6251 1553 3706 2587 
6252 31 3307 2874 
6253 731 3395 405 
6254 2034 3252 3228 
6255 1046 1209 1044 
6256 544 3408 480 
6257 2142 3469 2143 
6258 3316 3426 2472 
6259 171 3308 2876 
6260 2007 3461 2299 
6261 407 3395 1452 
6262 1454 3302 1560 
6263 1533 3453 2902 
6264 3366 3408 2281 
6265 2177 3632 3476 
6266 177 3479 176 
6267 1295 3296 1552 
6268 352 3500 24 
6269 1275 3430 1456 
6270 1925 3300 2243 
6271 3122 3370 622 
6272 639 3528 1202 
6273 1083 3625 1082 
6274 665 3546 69 
6275 2005 3264 3250 
6276 605 3776 2462 
6277 1482 3299 3248 
6278 2700 3366 1975 
6279 2498 3326 3138 
6280 582 3782 2349 
6281 2756 3455 2754 
6282 2016 3579 1716 
6283 2914 3328 2711 
6284 392 3441 58 
6285 1144 3520 86 
6286 2836 3543 2837 
6287 2447 3561 1202 
6288 2063 3365 2064 
6289 765 3312 37 
6290 961 3281 963 
6291 1626 1737 1535 
6292 1866 3314 2080 
6293 1956 1957 1737 
6294 2739 3449 3368 
6295 3244 3564 2749 
6296 3195 3420 574 
6297 600 3474 553 
6298 70 3540 665 
6299 1626 1956 1737 
6300 3158 3283 3136 
6301 1293 3296 1295 
6302 2081 3310 2986 
6303 309 3501 312 
6304 1949 3322 2903 
6305 174 3504 1745 
6306 1456 3327 3184 
6307 857 3504 175 
6308 3054 3316 1352 
6309 2113 3487 1692 
6310 2178 2179 1957 
6311 1555 3491 2627 
6312 3271 3365 2063 
6313 1976 3531 2828 
6314 622 3319 610 
6315 14 3558 617 
6316 2372 3627 1092 
6317 3145 3462 2021 
6318 2376 3572 2342 
6319 1975 3366 2281 
6320 1460 3365 3271 
6321 2044 3369 3332 
6322 3601 3649 2147 
6323 2300 3781 1714 
6324 2124 3578 2125 
6325 2681 3363 2682 
6326 3241 3334 1894 
6327 395 3317 870 
6328 85 3520 320 
6329 265 3391 262 
6330 3253 3328 2914 
6331 1095 3540 71 
6332 1676 3489 2750 
6333 2133 3536 3524 
6334 608 3381 249 
6335 2822 3462 1844 
6336 2209 3401 2392 
6337 2144 3458 1930 
6338 1977 3538 2019 
6339 2779 3788 2194 
6340 2763 3403 3370 
6341 3248 3299 2036 
6342 1351 1626 1535 
6343 1877 3679 3232 
6344 2739 3368 3197 
6345 1913 3369 2916 
6346 2270 3464 3374 
6347 2880 3336 1169 
6348 3623 3708 2586 
6349 950 3486 954 
6350 1959 3443 3131 
6351 2375 3510 1744 
6352 541 3474 1148 
6353 245 3348 278 
6354 3136 3283 1820 
6355 1689 3458 1691 
6356 311 3444 308 
6357 1529 3489 1676 
6358 728 3339 3267 
6359 3049 3321 1113 
6360 3171 3278 240 
6361 2488 3644 2491 
6362 2462 3776 3086 
6363 2198 3509 2296 
6364 2715 3595 2717 
6365 1603 3510 1604 
6366 2752 3742 2753 
6367 2212 3341 3099 
6368 3251 3490 1669 
6369 166 3330 165 
6370 545 3511 587 
6371 3268 3344 1867 
6372 1221 3564 136 
6373 2097 3478 3217 
6374 1933 3451 3155 
6375 1713 3640 3636 
6376 1640 3334 3241 
6377 1045 3290 1249 
6378 764 3587 964 
6379 2859 3796 2860 
6380 3033 3435 1940 
6381 1804 3590 365 
6382 2704 3792 2893 
6383 2805 3598 2804 
6384 2941 3496 1928 
6385 3536 3563 1383 
6386 2765 3514 1983 
6387 2064 3417 2066 
6388 3001 3339 2554 
6389 2742 3646 255 
6390 843 3405 2899 
6391 777 3375 3128 
6392 2150 3766 2051 
6393 390 3508 1943 
6394 1368 3513 1210 
6395 2728 3727 2727 
6396 16 3804 15 
6397 2763 3370 3122 
6398 358 3467 774 
6399 602 3642 92 
6400 2174 3652 2072 
6401 1900 3634 3280 
6402 1250 3377 1047 
6403 450 3335 448 
6404 2009 3325 2010 
6405 835 3565 218 
6406 1924 3459 1592 
6407 1202 3587 693 
6408 2221 3407 2222 
6409 3100 3362 1877 
6410 3034 3415 2216 
6411 3419 3491 2123 
6412 2004 3412 3043 
6413 1912 3468 2247 
6414 1092 3627 150 
6415 678 3786 921 
6416 107 3343 307 
6417 149 3627 341 
6418 363 3590 702 
6419 3369 3384 2916 
6420 1973 3331 1974 
6421 219 3571 835 
6422 2533 3561 2100 
6423 2912 3347 2831 
6424 1336 3506 481 
6425 285 3645 89 
6426 1979 3361 3337 
6427 2947 3527 507 
6428 539 3333 535 
6429 1109 3580 53 
6430 666 3332 2984 
6431 1716 3551 1314 
6432 1974 3316 3054 
6433 3059 3428 1336 
6434 3097 3686 1103 
6435 1957 3457 2239 
6436 2478 3640 2477 
6437 1076 3519 1078 
6438 3368 3449 2114 
6439 848 3576 282 
6440 1304 3544 967 
6441 3306 3332 666 
6442 1979 3337 1978 
6443 574 3420 2591 
6444 3128 3375 2653 
6445 52 3342 51 
6446 2853 3554 3062 
6447 1169 3336 3153 
6448 969 3544 1516 
6449 3227 3476 105 
6450 3256 3313 1149 
6451 2095 3634 739 
6452 1014 3536 1383 
6453 3180 3346 894 
6454 2676 3717 2673 
6455 3299 3325 2009 
6456 507 3527 508 
6457 1889 3334 2291 
6458 1249 3290 1490 
6459 99 3782 582 
6460 2855 3654 2856 
6461 2028 3338 2027 
6462 2621 3576 2620 
6463 2560 3679 2561 
6464 1601 3525 1714 
6465 362 3517 1166 
6466 757 3465 3297 
6467 224 3762 3483 
6468 2882 3378 3172 
6469 1163 3408 3366 
6470 252 3573 254 
6471 1736 3522 2050 
6472 399 3340 401 
6473 237 3793 2562 
6474 2941 3723 1109 
6475 618 3577 668 
6476 1490 3290 2175 
6477 1917 3345 1765 
6478 2677 3797 1285 
6479 2513 3357 2512 
6480 3184 3327 1999 
6481 2099 3623 2586 
6482 1315 3475 1251 
6483 2157 2159 2158 
6484 2700 3344 3268 
6485 1992 3523 2120 
6486 2543 3792 2704 
6487 3417 3466 2066 
6488 2091 3746 2929 
6489 87 3794 1144 
6490 1285 3797 1286 
6491 1374 3326 687 
6492 2181 3420 3195 
6493 2163 2164 2162 
6494 3153 3336 3022 
6495 3295 3477 1191 
6496 573 3549 569 
6497 3280 3634 2095 
6498 2746 3695 668 
6499 366 3583 2927 
6500 2800 3602 1914 
6501 982 3562 1444 
6502 3438 3574 2153 
6503 2453 3693 2451 
6504 716 3601 669 
6505 2159 3423 2163 
6506 119 3637 606 
6507 1106 3637 120 
6508 552 3541 543 
6509 2102 3561 2447 
6510 3217 3478 1051 
6511 247 3348 245 
6512 2275 3558 2276 
6513 3465 3523 1992 
6514 286 3515 256 
6515 2802 3545 2801 
6516 2274 3755 420 
6517 511 3352 512 
6518 3347 3383 2831 
6519 679 3356 690 
6520 615 3780 629 
6521 774 3517 360 
6522 91 3718 90 
6523 1200 3347 2948 
6524 2877 3556 1016 
6525 2246 3591 2011 
6526 561 3350 388 
6527 50 3661 5 
6528 2163 2274 2164 
6529 5 3661 74 
6530 173 3662 2 
6531 2186 3710 3565 
6532 2070 3477 2068 
6533 401 3353 403 
6534 2641 3639 2827 
6535 148 3696 147 
6536 2 3662 32 
6537 843 3447 3405 
6538 1007 3354 1265 
6539 3450 3629 2777 
6540 567 3549 1159 
6541 3375 3425 2653 
6542 1918 3349 2938 
6543 1895 3619 1550 
6544 599 3582 600 
6545 3099 3341 1950 
6546 287 3576 2621 
6547 728 3368 3339 
6548 68 3546 3220 
6549 800 3714 801 
6550 2776 3777 3035 
6551 2905 3665 1748 
6552 2971 3447 843 
6553 75 3664 7 
6554 7 3664 172 
6555 124 3665 8 
6556 8 3665 221 
6557 2125 3358 2201 
6558 1867 3344 3110 
6559 2164 3606 3285 
6560 2907 3399 1543 
6561 692 3359 676 
6562 216 3710 580 
6563 1 3667 33 
6564 178 3704 177 
6565 9 3667 1 
6566 3340 3353 401 
6567 1453 3603 1848 
6568 3356 3376 690 
6569 1119 3653 2945 
6570 3267 3339 3001 
6571 3268 3366 2700 
6572 1914 3602 1651 
6573 1932 3414 3384 
6574 3523 3551 2120 
6575 2866 3729 2867 
6576 2687 3676 2059 
6577 1579 3600 1918 
6578 3172 3378 1004 
6579 3374 3464 2372 
6580 257 3367 259 
6581 2047 3372 2045 
6582 630 3618 614 
6583 2355 3724 2357 
6584 2611 3738 2199 
6585 3663 3711 2535 
6586 2249 3645 2564 
6587 3066 3567 2124 
6588 2991 3529 1235 
6589 1934 3801 1936 
6590 1665 3369 2044 
6591 2270 3374 3140 
6592 2071 3623 3118 
6593 2888 3346 3180 
6594 557 3700 604 
6595 2284 3364 2145 
6596 2159 2162 2160 
6597 2627 3491 3419 
6598 1200 3383 3347 
6599 3068 3490 1963 
6600 1720 3629 1721 
6601 2032 3373 2221 
6602 2157 3423 2159 
6603 685 3326 2498 
6604 251 3495 608 
6605 1835 3746 2091 
6606 1166 3583 364 
6607 2601 3795 1920 
6608 2084 3499 2428 
6609 1650 3569 2939 
6610 1298 3739 2542 
6611 1854 3548 3020 
6612 2888 3421 3346 
6613 571 3605 573 
6614 2562 3596 237 
6615 766 3735 809 
6616 3499 3763 2428 
6617 1623 3643 1979 
6618 3355 3405 2038 
6619 3277 3663 2535 
6620 2066 3466 2177 
6621 2174 3726 3652 
6622 1351 3311 1814 
6623 1544 3492 1585 
6624 3425 3443 2693 
6625 1917 3379 3345 
6626 894 3346 3219 
6627 2039 3569 1883 
6628 2037 3313 3256 
6629 3191 3386 1859 
6630 1626 3351 1956 
6631 3262 3419 3103 
6632 1055 3371 1317 
6633 2192 3457 2179 
6634 1461 3365 1460 
6635 1733 3382 1970 
6636 6 3675 123 
6637 1941 3398 2764 
6638 3233 3349 601 
6639 1481 3759 1254 
6640 51 3675 6 
6641 2083 3656 2211 
6642 2140 3692 647 
6643 2826 3630 328 
6644 1939 3599 3035 
6645 2129 3723 2941 
6646 493 3743 492 
6647 234 3607 236 
6648 3365 3417 2064 
6649 690 3376 733 
6650 1705 3623 2099 
6651 1920 3795 2932 
6652 2392 3779 2207 
6653 3406 3670 2553 
6654 2211 3499 2084 
6655 1753 3311 1349 
6656 1463 3362 3100 
6657 3461 3630 2826 
6658 2107 3691 2217 
6659 3202 3799 3785 
6660 2958 3355 3105 
6661 2552 3751 1807 
6662 3519 3716 2408 
6663 2436 3641 1000 
6664 1814 3351 1626 
6665 2348 3671 2885 
6666 1004 3378 3257 
6667 2333 3765 1441 
6668 3119 3788 1762 
6669 2075 3688 2138 
6670 2262 3690 3625 
6671 3232 3679 2560 
6672 692 3385 3359 
6673 3285 3606 1907 
6674 1665 3384 3369 
6675 3256 3355 2038 
6676 305 3765 309 
6677 668 3695 667 
6678 2201 3764 2128 
6679 2199 3738 1729 
6680 3294 3351 1814 
6681 72 3521 1095 
6682 2008 3611 2132 
6683 2222 3407 2385 
6684 2903 3432 2230 
6685 628 3692 630 
6686 2016 3622 3579 
6687 2217 3594 2110 
6688 249 3381 247 
6689 1257 3771 2446 
6690 248 3776 605 
6691 832 3375 777 
6692 1383 3563 1724 
6693 2302 3400 2090 
6694 3105 3355 3256 
6695 1246 3448 2585 
6696 2982 3384 1665 
6697 954 3390 867 
6698 3065 3379 1917 
6699 687 3326 685 
6700 2162 3732 2160 
6701 1046 3157 1209 
6702 57 3441 2578 
6703 1716 3579 3551 
6704 2126 3758 2226 
6705 2274 3606 2164 
6706 620 3733 3114 
6707 2266 3802 2279 
6708 2395 3435 327 
6709 3194 3363 1718 
6710 3013 3383 1200 
6711 2705 3419 3262 
6712 247 3381 3348 
6713 750 3385 692 
6714 1551 3557 1959 
6715 2197 3394 2954 
6716 2862 3399 2864 
6717 1728 3738 2062 
6718 2892 3389 1662 
6719 427 3702 425 
6720 3331 3426 1974 
6721 1515 3388 1775 
6722 2604 3730 2134 
6723 2033 3660 2097 
6724 2993 3502 1466 
6725 1953 3396 1496 
6726 1349 3311 1351 
6727 1168 3432 2903 
6728 3197 3368 728 
6729 1441 3765 302 
6730 1456 3430 3373 
6731 209 3401 1093 
6732 1953 3413 3396 
6733 1942 3427 3383 
6734 3229 3404 1864 
6735 2021 3604 2020 
6736 2761 3403 2763 
6737 1374 3651 2906 
6738 3140 3374 1927 
6739 425 3754 423 
6740 2293 3437 2271 
6741 1963 3490 3251 
6742 3103 3419 2123 
6743 3563 3584 1724 
6744 2098 3553 2088 
6745 3555 3625 1380 
6746 2121 3750 2578 
6747 2093 3389 2880 
6748 3390 3440 2898 
6749 3567 3578 2124 
6750 1916 3468 3249 
6751 1208 3720 3050 
6752 2058 3411 1958 
6753 2183 3647 2061 
6754 405 3395 407 
6755 27 3400 26 
6756 3367 3418 259 
6757 1183 3703 3685 
6758 1767 3734 2999 
6759 1280 3669 2135 
6760 3297 3465 2331 
6761 1585 3614 1587 
6762 1885 3410 2041 
6763 2745 3473 1675 
6764 2419 3555 2418 
6765 2680 3643 3363 
6766 1427 3409 2823 
6767 3410 3452 2041 
6768 3636 3640 2481 
6769 239 3793 237 
6770 262 3391 1222 
6771 3244 3654 319 
6772 2082 3626 2874 
6773 1616 3449 2739 
6774 1508 3805 2955 
6775 2153 3574 2152 
6776 565 3402 563 
6777 2038 3405 2821 
6778 3389 3433 1662 
6779 2298 3404 2825 
6780 480 3408 1163 
6781 1724 3584 2248 
6782 649 3687 3400 
6783 2497 3413 1953 
6784 2074 3406 1740 
6785 1994 3494 2633 
6786 2249 3794 3645 
6787 3115 3387 1699 
6788 2136 3416 1214 
6789 2093 3433 3389 
6790 1970 3547 2042 
6791 2653 3425 1944 
6792 1289 3797 1608 
6793 1163 3366 3268 
6794 2627 3419 2705 
6795 1608 3752 1291 
6796 259 3418 261 
6797 3104 3612 1160 
6798 3364 3642 602 
6799 3043 3412 1597 
6800 3211 3380 420 
6801 2462 3505 2461 
6802 3181 3518 2305 
6803 392 3688 3441 
6804 2012 3591 3392 
6805 3047 3468 1916 
6806 3287 3472 579 
6807 3544 3800 1516 
6808 3574 3585 2152 
6809 2022 3386 3191 
6810 2152 3585 2154 
6811 1921 3450 1982 
6812 1660 3421 2888 
6813 3547 3570 2042 
6814 2916 3414 1668 
6815 3207 3603 2015 
6816 237 3596 235 
6817 2825 3404 3229 
6818 2839 3574 3438 
6819 1943 3508 3382 
6820 58 3441 57 
6821 2356 3454 1620 
6822 2616 3422 2615 
6823 1662 3433 2056 
6824 3404 3428 1864 
6825 3113 3417 1461 
6826 3416 3487 2113 
6827 3086 3776 246 
6828 2190 3415 3034 
6829 1082 3690 2435 
6830 2831 3427 1664 
6831 2794 3617 3298 
6832 275 3424 279 
6833 1660 3446 3421 
6834 1305 3628 1307 
6835 1494 3799 3202 
6836 3326 3488 3138 
6837 3414 3438 1668 
6838 3427 3453 1664 
6839 1452 3624 3101 
6840 2230 3432 2895 
6841 1987 3586 3102 
6842 2535 3711 2326 
6843 147 3437 146 
6844 2910 3472 3239 
6845 1963 3434 1849 
6846 1461 3417 3365 
6847 1864 3428 3059 
6848 2744 3507 2745 
6849 1479 3622 2655 
6850 2154 3436 2250 
6851 1929 3442 2142 
6852 852 3651 1374 
6853 2363 3701 3236 
6854 3322 3480 3084 
6855 3342 3580 2131 
6856 3113 3466 3417 
6857 2042 3570 2245 
6858 3283 3638 1820 
6859 1466 3430 1275 
6860 2094 3433 2093 
6861 1104 3626 3314 
6862 52 3580 3342 
6863 3405 3447 2821 
6864 1940 3435 2094 
6865 3198 3450 348 
6866 2461 3505 2301 
6867 2336 3459 1924 
6868 2041 3452 2182 
6869 2345 3534 1797 
6870 1675 3445 1406 
6871 2578 3441 2077 
6872 2710 3440 2712 
6873 2114 3449 2113 
6874 2188 3677 2187 
6875 2328 3772 1550 
6876 3492 3559 2378 
6877 2307 3420 2181 
6878 3210 3448 1246 
6879 3314 3626 2080 
6880 1659 3446 1660 
6881 954 3486 3442 
6882 2645 3429 3133 
6883 3283 3658 2795 
6884 2490 3593 3475 
6885 2116 3445 2115 
6886 1936 3451 1933 
6887 2059 3676 3112 
6888 3697 3703 3134 
6889 1103 3686 2531 
6890 308 3444 310 
6891 1183 3685 3124 
6892 2877 3801 3556 
6893 1982 3450 3198 
6894 2012 3392 3258 
6895 1737 3493 1535 
6896 2448 3460 2104 
6897 2717 3463 2716 
6898 2821 3447 2822 
6899 1097 3481 2824 
6900 1664 3453 1533 
6901 1720 3777 3629 
6902 3630 3779 328 
6903 2089 3687 2845 
6904 1191 3477 2668 
6905 2072 3615 3179 
6906 233 3768 231 
6907 2987 3689 3277 
6908 2910 3635 3472 
6909 3084 3480 552 
6910 2368 3666 1495 
6911 2754 3455 2757 
6912 2631 3470 1954 
6913 2435 3748 1257 
6914 3399 3673 1543 
6915 255 3709 232 
6916 672 3750 3496 
6917 2159 2163 2162 
6918 3589 3766 2150 
6919 3415 3714 800 
6920 2082 3681 2264 
6921 1930 3458 1689 
6922 2143 3469 2166 
6923 2269 3464 2270 
6924 2433 3589 2150 
6925 2418 3555 1380 
6926 1307 3725 1347 
6927 2268 3592 1967 
6928 2436 3655 3641 
6929 73 3521 72 
6930 665 3747 3546 
6931 3131 3443 874 
6932 3460 3506 1336 
6933 3 229 222 
6934 3508 3547 1970 
6935 140 3471 139 
6936 3444 3467 310 
6937 2190 3731 3714 
6938 310 3467 358 
6939 3384 3414 2916 
6940 2055 3439 2054 
6941 2251 3650 3203 
6942 2058 3659 3624 
6943 1051 3478 109 
6944 3445 3473 2115 
6945 2582 3484 2580 
6946 2192 3712 3457 
6947 2595 3482 2571 
6948 1668 3438 3213 
6949 2724 3552 3152 
6950 1374 3488 3326 
6951 2137 3512 2136 
6952 105 3476 104 
6953 1444 3562 3452 
6954 2922 3524 3490 
6955 2097 3660 3343 
6956 176 3479 857 
6957 2136 3512 3487 
6958 2745 3507 3473 
6959 2363 3781 3505 
6960 2905 3571 220 
6961 553 3474 541 
6962 2115 3473 2959 
6963 3341 3686 1950 
6964 3413 3548 1854 
6965 1844 3462 3145 
6966 2497 3588 3548 
6967 1675 3473 3445 
6968 3212 3658 1393 
6969 3186 3465 757 
6970 2054 2088 1042 
6971 3363 3643 1718 
6972 2137 3526 3512 
6973 152 3483 151 
6974 1251 3475 1559 
6975 2542 3773 1298 
6976 2313 3472 3287 
6977 113 3485 112 
6978 2889 3659 2058 
6979 2054 2098 2088 
6980 1918 3600 3422 
6981 2146 3466 3113 
6982 3505 3781 2301 
6983 3214 3773 2540 
6984 2123 3491 2122 
6985 1714 3781 2363 
6986 1016 3556 3266 
6987 3483 3762 2371 
6988 347 3712 43 
6989 3158 3658 3283 
6990 1261 3609 2552 
6991 312 3501 1145 
6992 3342 3756 1746 
6993 1516 3489 1529 
6994 3150 3767 1280 
6995 1692 3487 1693 
6996 1235 3486 950 
6997 3201 3461 2007 
6998 1293 3752 3296 
6999 3529 3550 2166 
7000 2922 3490 3068 
7001 208 3498 207 
7002 3383 3427 2831 
7003 24 3500 23 
7004 3473 3507 2959 
7005 2049 3448 3210 
7006 451 3537 3532 
7007 1235 3529 3469 
7008 3457 3712 347 
7009 1746 3756 2849 
7010 2801 3602 2800 
7011 175 3504 174 
7012 284 3592 2747 
7013 1974 3426 3316 
7014 2470 3575 1222 
7015 3351 3669 1956 
7016 3134 3703 1183 
7017 3171 3803 2360 
7018 2862 3673 3399 
7019 253 3495 251 
7020 1107 3545 2802 
7021 2442 3617 3212 
7022 498 3538 2732 
7023 2464 3649 716 
7024 587 3511 637 
7025 2937 3796 1514 
7026 2131 3756 3342 
7027 1744 3510 1603 
7028 449 3537 451 
7029 451 3532 453 
7030 3186 3523 3465 
7031 1707 3516 1965 
7032 3487 3512 1693 
7033 2246 3704 3591 
7034 3511 3528 637 
7035 1969 3524 2922 
7036 3748 3771 1257 
7037 2889 3689 3659 
7038 2179 3457 1957 
7039 2377 3559 2173 
7040 1674 3567 2743 
7041 3035 3777 1720 
7042 1466 3502 3407 
7043 3202 3785 2119 
7044 2379 3509 2198 
7045 1514 3796 3062 
7046 2527 3716 1260 
7047 2422 3611 2008 
7048 1704 3492 1544 
7049 2829 3588 2497 
7050 1804 3790 2327 
7051 2723 3552 2724 
7052 1210 3513 1212 
7053 2959 3507 1368 
7054 1983 3514 2690 
7055 86 3520 85 
7056 2424 3566 1052 
7057 3277 3689 3663 
7058 2133 3563 3536 
7059 1797 3534 2588 
7060 2631 3530 3470 
7061 3373 3430 2221 
7062 1693 3512 1695 
7063 2079 3557 1551 
7064 481 3506 545 
7065 1535 3493 1602 
7066 3086 3701 2462 
7067 2477 3640 3586 
7068 2772 3542 2035 
7069 2493 3521 3083 
7070 3014 3508 390 
7071 3239 3472 2313 
7072 296 3775 3694 
7073 1851 3550 3529 
7074 3754 3766 1147 
7075 3249 3468 1912 
7076 2054 3439 2098 
7077 3531 3743 493 
7078 2632 3530 2631 
7079 360 3517 362 
7080 1713 3636 1711 
7081 1000 3641 2378 
7082 326 3760 2484 
7083 3296 3752 2459 
7084 3512 3526 1695 
7085 256 3515 253 
7086 2285 3531 1976 
7087 637 3528 639 
7088 655 3722 3697 
7089 1260 3519 1076 
7090 3296 3672 1552 
7091 2357 3724 3607 
7092 1980 3535 2419 
7093 1851 3529 2991 
7094 2747 3592 2268 
7095 3411 3624 1452 
7096 2073 3731 2190 
7097 3472 3635 579 
7098 253 3515 3495 
7099 1280 3767 3669 
7100 3152 3762 224 
7101 2342 3572 2639 
7102 2827 3639 2675 
7103 2166 3550 2219 
7104 1871 3551 3523 
7105 1695 3526 2210 
7106 2878 3678 1936 
7107 874 3443 3425 
7108 3205 3589 2433 
7109 1998 3522 1736 
7110 3382 3508 1970 
7111 702 3543 2836 
7112 2106 3525 1601 
7113 3524 3536 1669 
7114 3400 3687 2090 
7115 71 3540 70 
7116 508 3527 511 
7117 2182 3666 2183 
7118 3468 3706 2247 
7119 3138 3488 2661 
7120 2590 3766 3754 
7121 3628 3693 2453 
7122 537 3770 2643 
7123 3221 3739 1298 
7124 1669 3536 1014 
7125 69 3546 68 
7126 1560 3744 3252 
7127 1212 3533 3066 
7128 2591 3593 2490 
7129 285 3608 2564 
7130 967 3544 969 
7131 3020 3548 1117 
7132 3513 3533 1212 
7133 2556 3581 1088 
7134 3441 3688 2077 
7135 3690 3748 2435 
7136 1314 3551 1871 
7137 3550 3608 2219 
7138 543 3541 581 
7139 2357 3646 2356 
7140 1141 3570 3547 
7141 3258 3526 2137 
7142 1711 3636 1977 
7143 15 3558 14 
7144 1928 3496 3247 
7145 2843 3563 2133 
7146 2307 3593 3420 
7147 101 3560 100 
7148 1986 3556 1984 
7149 2965 3550 1851 
7150 2135 3669 3351 
7151 136 3564 135 
7152 3237 3760 2079 
7153 2100 3561 2102 
7154 3266 3556 1986 
7155 569 3549 567 
7156 3510 3729 1604 
7157 2002 3518 3181 
7158 218 3565 217 
7159 2845 3687 649 
7160 1170 3657 2771 
7161 2223 3784 2117 
7162 1170 3682 3657 
7163 1141 3547 3014 
7164 1164 3621 2667 
7165 2385 3502 3269 
7166 2117 3745 2464 
7167 1998 3568 3522 
7168 2946 3554 2853 
7169 3014 3547 3508 
7170 2059 3790 2687 
7171 954 3440 3390 
7172 220 3571 219 
7173 470 3616 2805 
7174 3598 3621 1164 
7175 1967 3592 3358 
7176 1921 3629 3450 
7177 2725 3595 2715 
7178 3541 3577 581 
7179 1871 3523 3186 
7180 2869 3571 2905 
7181 2590 3610 2267 
7182 2632 3620 3530 
7183 1959 3557 3516 
7184 53 3580 52 
7185 1967 3578 1674 
7186 1709 3574 2839 
7187 2937 3673 2860 
7188 2737 3721 1785 
7189 3548 3588 1117 
7190 3621 3647 2667 
7191 2843 3584 3563 
7192 1495 3562 982 
7193 2127 3778 2285 
7194 254 3573 274 
7195 2687 3790 1804 
7196 2353 3568 1998 
7197 1709 3585 3574 
7198 1304 3774 2946 
7199 2840 3708 2071 
7200 655 3697 3134 
7201 2983 3570 1141 
7202 2594 3480 3322 
7203 3610 3754 425 
7204 425 3702 3610 
7205 282 3576 287 
7206 1773 3726 2430 
7207 3646 3709 255 
7208 2020 3604 2327 
7209 1883 3569 1650 
7210 3653 3699 2729 
7211 1117 3588 2961 
7212 581 3577 618 
7213 3109 3736 3722 
7214 2945 3653 2729 
7215 2828 3719 2829 
7216 625 3582 599 
7217 2120 3579 2915 
7218 3115 3747 3387 
7219 3543 3604 2021 
7220 1710 3585 1709 
7221 693 3587 764 
7222 2953 3774 1304 
7223 2110 3584 2843 
7224 3352 3534 2345 
7225 364 3583 366 
7226 2804 3598 1164 
7227 1525 3698 2669 
7228 2360 3803 2358 
7229 2915 3622 1479 
7230 2655 3622 2016 
7231 3420 3593 2591 
7232 842 3731 2737 
7233 2072 3652 3615 
7234 2967 3762 3152 
7235 2213 3757 2092 
7236 1785 3713 1525 
7237 1989 3635 2910 
7238 365 3590 363 
7239 2358 3724 2355 
7240 2011 3591 2012 
7241 1868 3612 3104 
7242 3038 3682 1170 
7243 2477 3705 741 
7244 625 3601 3582 
7245 3505 3701 2363 
7246 236 3607 607 
7247 2058 3624 3411 
7248 2092 3737 2840 
7249 2965 3608 3550 
7250 2795 3617 2794 
7251 2857 3800 3544 
7252 2481 3640 2478 
7253 3038 3715 3682 
7254 3114 3733 1971 
7255 1380 3625 1083 
7256 2015 3603 1453 
7257 1703 3600 1579 
7258 2002 3674 3518 
7259 1651 3602 1710 
7260 2191 3599 1939 
7261 1222 3575 3143 
7262 1109 3723 3580 
7263 2497 3548 3413 
7264 2564 3608 2965 
7265 2136 3487 3416 
7266 669 3601 625 
7267 2874 3626 1104 
7268 2367 3631 2365 
7269 584 3605 571 
7270 3102 3586 1713 
7271 3201 3630 3461 
7272 1315 3644 3475 
7273 3560 3782 100 
7274 2304 3619 1895 
7275 3551 3579 2120 
7276 1147 3589 3205 
7277 3565 3710 217 
7278 2134 3730 2146 
7279 2634 3620 2632 
7280 2490 3644 2488 
7281 2451 3693 2455 
7282 2667 3647 471 
7283 1107 3787 3545 
7284 3109 3722 655 
7285 2173 3652 1773 
7286 1807 3751 3076 
7287 3010 3772 3753 
7288 2840 3737 3708 
7289 33 3667 3305 
7290 3694 3775 3324 
7291 150 3627 149 
7292 584 3618 3605 
7293 2824 3481 3392 
7294 172 3664 3308 
7295 1989 3783 3635 
7296 3588 3719 2961 
7297 614 3618 584 
7298 32 3662 3307 
7299 2080 3626 2082 
7300 3556 3801 1984 
7301 3101 3624 2944 
7302 3624 3659 2944 
7303 1674 3578 3567 
7304 579 3635 2846 
7305 2939 3616 2225 
7306 3076 3751 2070 
7307 3545 3787 2250 
7308 1086 3670 2555 
7309 2079 3760 3393 
7310 120 3637 119 
7311 1721 3629 1921 
7312 2112 3634 1900 
7313 92 3642 91 
7314 2829 3719 3588 
7315 89 3645 88 
7316 1785 3721 3713 
7317 235 3596 296 
7318 1587 3614 2048 
7319 2092 3757 3737 
7320 2055 3503 3439 
7321 222 1042 4 
7322 336 3683 2557 
7323 2592 3677 1058 
7324 1525 3713 3698 
7325 2294 3778 2127 
7326 3407 3502 2385 
7327 2695 3791 3159 
7328 2540 3773 2542 
7329 3442 3486 2142 
7330 2190 3714 3415 
7331 2472 3657 2169 
7332 3714 3731 842 
7333 3463 3744 1560 
7334 2885 3671 1868 
7335 3685 3703 2235 
7336 319 3654 2855 
7337 2918 3774 2953 
7338 945 3715 3038 
7339 2561 3679 2646 
7340 2559 3684 2560 
7341 1718 3643 1623 
7342 2464 3745 3649 
7343 327 3804 16 
7344 3657 3682 2169 
7345 3489 3800 2856 
7346 2053 3694 2055 
7347 2273 3685 2235 
7348 1543 3673 2937 
7349 3010 3753 945 
7350 2233 3703 3697 
7351 2117 3784 3745 
7352 3720 3746 1834 
7353 3118 3623 1705 
7354 2233 3697 2231 
7355 2394 3769 2167 
7356 301 3741 2790 
7357 123 3675 1746 
7358 1820 3638 2275 
7359 2235 3703 2233 
7360 2301 3781 2300 
7361 1747 3661 50 
7362 2773 3728 2774 
7363 2729 3699 2728 
7364 1745 3662 173 
7365 2147 3649 2043 
7366 1552 3628 1305 
7367 3269 3633 2695 
7368 2169 3682 2060 
7369 3063 3633 2993 
7370 3697 3722 2231 
7371 1749 3664 75 
7372 1748 3665 124 
7373 2860 3673 2862 
7374 1868 3671 3612 
7375 3050 3720 1834 
7376 1960 3667 9 
7377 3179 3615 1704 
7378 1087 3730 2604 
7379 705 3742 2752 
7380 3635 3783 2846 
7381 2085 3656 2083 
7382 3645 3794 88 
7383 3330 3787 1107 
7384 341 3696 148 
7385 3579 3622 2915 
7386 3753 3772 2909 
7387 3727 3742 705 
7388 945 3753 3715 
7389 3659 3689 928 
7390 1160 3736 3109 
7391 1704 3615 3559 
7392 2944 3659 928 
7393 3676 3707 2148 
7394 2727 3727 705 
7395 90 3718 285 
7396 2673 3717 1625 
7397 3559 3615 2173 
7398 2777 3777 2776 
7399 3717 3740 1625 
7400 3352 3770 537 
7401 1775 3663 2889 
7402 801 3714 842 
7403 604 3700 620 
7404 3203 3650 2096 
7405 2208 3630 3201 
7406 2231 3722 2232 
7407 2790 3741 2078 
7408 3682 3715 2060 
7409 41 3423 2157 
7410 3439 3503 1602 
7411 542 3704 178 
7412 2051 3766 2590 
7413 2210 3674 2002 
7414 1762 3788 2779 
7415 3343 3660 307 
7416 2448 3506 3460 
7417 3785 3799 2755 
7418 3466 3632 2177 
7419 1625 3740 1372 
7420 217 3710 216 
7421 2077 3688 2075 
7422 2835 3758 2126 
7423 2993 3633 3502 
7424 2586 3708 965 
7425 2090 3687 2089 
7426 3780 3786 657 
7427 2259 3690 2262 
7428 2163 3755 2274 
7429 2108 3691 2107 
7430 3722 3736 2232 
7431 2232 3736 2809 
7432 928 3689 2987 
7433 2867 3729 2870 
7434 2208 3779 3630 
7435 2227 3753 2909 
7436 667 3695 714 
7437 2753 3785 2755 
7438 921 3789 2095 
7439 647 3692 628 
7440 3469 3529 2166 
7441 1886 3792 3739 
7442 2060 3715 2227 
7443 2245 3698 2244 
7444 2131 3723 2129 
7445 3159 3791 1691 
7446 963 3651 852 
7447 657 3786 678 
7448 3496 3750 3247 
7449 3633 3791 2695 
7450 629 3780 657 
7451 1550 3772 3010 
7452 2048 3655 2106 
7453 664 3702 427 
7454 3112 3676 2148 
7455 2961 3719 493 
7456 3452 3562 2182 
7457 3155 3783 1989 
7458 3695 3735 714 
7459 3652 3726 1773 
7460 2148 3707 2353 
7461 3698 3713 2244 
7462 2856 3800 2857 
7463 2927 3728 1119 
7464 1950 3686 3097 
7465 2755 3805 2756 
7466 3062 3796 2859 
7467 714 3735 766 
7468 1834 3746 1835 
7469 3708 3737 965 
7470 492 3743 557 
7471 2587 3706 3047 
7472 3502 3633 3269 
7473 2130 3756 2131 
7474 100 3782 99 
7475 2999 3734 2293 
7476 2224 3705 1987 
7477 2078 3741 2191 
7478 2846 3783 2847 
7479 2259 3748 3690 
7480 3649 3745 2043 
7481 3641 3655 2048 
7482 1393 3658 3158 
7483 88 3794 87 
7484 2992 3721 2073 
7485 2244 3713 2992 
7486 2257 3748 2259 
7487 3193 3660 2033 
7488 1775 3711 3663 
7489 3562 3666 2182 
7490 1254 3759 1653 
7491 1729 3738 1728 
7492 3436 3545 2250 
7493 1886 3739 3221 
7494 965 3737 2975 
7495 1956 3669 2178 
7496 3047 3706 3468 
7497 3546 3747 2172 
7498 2441 3749 2443 
7499 232 3709 234 
7500 1984 3801 1934 
7501 2255 3771 2257 
7502 3063 3791 3633 
7503 3713 3721 2992 
7504 3305 3667 1960 
7505 2284 3642 3364 
7506 2207 3779 2208 
7507 1195 3793 239 
7508 2250 3787 2251 
7509 2257 3771 3748 
7510 2909 3772 2328 
7511 2200 3802 2266 
7512 302 3765 305 
7513 423 3754 1147 
7514 3308 3664 1749 
7515 246 3776 248 
7516 2932 3795 1256 
7517 274 3798 3367 
7518 3307 3662 1745 
7519 3715 3753 2227 
7520 2975 3757 1208 
7521 2371 3762 2967 
7522 2847 3783 3155 
7523 3629 3777 2777 
7524 2043 3745 3148 
7525 1347 3725 1753 
7526 3737 3757 2975 
7527 1286 3797 1289 
7528 2955 3799 1494 
7529 3055 3798 274 
7530 3669 3767 2178 
7531 1291 3752 1293 
7532 1936 3678 3451 
7533 2743 3567 3533 
7534 2893 3792 1886 
7535 2327 3790 2059 
7536 2178 3767 2180 
7537 2172 3747 3115 
7538 2174 3761 3726 
7539 3393 3760 326 
7540 1960 3668 3305 
7541 1691 3791 3063 
7542 296 3768 233 
7543 1704 3559 3492 
7544 2160 3732 2165 
7545 2209 3763 3401 
7546 1495 3666 3562 
7547 1746 3675 3342 
7548 3236 3701 3086 
7549 2055 3694 3324 
7550 1977 3636 3539 
7551 3228 3744 2717 
7552 3148 3784 1481 
7553 3422 3600 2615 
7554 3252 3744 3228 
7555 2128 3764 3194 
7556 1745 3681 3307 
7557 3724 3803 607 
7558 3516 3557 1965 
7559 3745 3784 3148 
7560 2175 3761 2174 
7561 3247 3750 2121 
7562 3591 3704 542 
7563 3533 3567 3066 
7564 2870 3729 3510 
7565 3324 3775 2317 
7566 2358 3803 3724 
7567 3475 3644 2490 
7568 3342 3675 51 
7569 2251 3787 3330 
7570 607 3803 3171 
7571 2484 3760 3237 
7572 3615 3652 2173 
7573 2146 3632 3466 
7574 2345 3770 3352 
7575 2074 3670 3406 
7576 1298 3773 3214 
7577 3663 3689 2889 
7578 2378 3641 3614 
7579 702 3604 3543 
7580 3388 3711 1775 
7581 2285 3743 3531 
7582 2285 3778 3700 
7583 2443 3749 3668 
7584 3367 3798 2288 
7585 1516 3800 3489 
7586 2070 3751 3609 
7587 3539 3636 2481 
7588 3401 3763 1093 
7589 3554 3774 2918 
7590 2146 3730 3632 
7591 2462 3701 3505 
7592 3586 3640 1713 
7593 3423 3755 2163 
7594 3632 3730 1087 
7595 3566 3648 1052 
7596 2717 3744 3463 
7597 3580 3723 2131 
7598 2357 3709 3646 
7599 3614 3641 2048 
7600 1093 3763 3499 
7601 1260 3716 3519 
7602 1147 3766 3589 
7603 3610 3702 2267 
7604 1552 3693 3628 
7605 2590 3754 3610 
7606 3607 3724 607 
7607 2946 3774 3554 
7608 3609 3751 2552 
7609 3596 3775 296 
7610 3694 3768 296 
7611 3 222 4 
7612 2053 3768 3694 
7613 3700 3778 620 
7614 2955 3805 3799 
7615 3799 3805 2755 
7616 4 2088 42 
$EndElements
